"","sampledate","depth","o2","deck","light","frlight","avsnow","totice","whiteice","extcoef","blueice","surflite"
"1","6/4/81",0,8.8,NA,NA,NA,NA,NA,NA,NA,NA,NA
"2","6/16/81",0,NA,NA,400,NA,NA,NA,NA,NA,NA,NA
"3","6/30/81",0,7.5,NA,1100,NA,NA,NA,NA,NA,NA,NA
"4","7/16/81",0,NA,760,440,0.579,NA,NA,NA,NA,NA,0.578947368421053
"5","7/27/81",0,9.1,230,155.5,0.676,NA,NA,NA,NA,NA,0.676086956521739
"6","8/11/81",0,NA,970,650,0.67,NA,NA,NA,NA,NA,0.670103092783505
"7","8/25/81",0,9.3,620,410,0.661,NA,NA,NA,NA,NA,0.661290322580645
"8","9/15/81",0,NA,910,560,0.615,NA,NA,NA,NA,NA,0.615384615384615
"9","9/22/81",0,NA,978,510,0.521,NA,NA,NA,NA,NA,0.521472392638037
"10","10/19/81",0,9.7,133,82,0.617,NA,NA,NA,NA,NA,0.616541353383459
"11","12/2/81",0,11.7,95,65,0.684,NA,NA,NA,NA,NA,0.684210526315789
"12","1/20/82",0,11.4,NA,NA,NA,4.3,43,22.5,NA,20.5,NA
"13","2/24/82",0,NA,NA,NA,NA,NA,NA,NA,NA,NA,NA
"14","4/5/82",0,13.4,NA,NA,NA,4,51,24.7,NA,26.3,NA
"15","5/12/82",0,10.5,570,265,0.465,NA,NA,NA,NA,NA,0.464912280701754
"16","5/27/82",0,7.9,410,350,0.854,NA,NA,NA,NA,NA,0.853658536585366
"17","6/10/82",0,7.7,600,400,0.667,NA,NA,NA,NA,NA,0.666666666666667
"18","6/23/82",0,NA,710,570,0.803,NA,NA,NA,NA,NA,0.802816901408451
"19","7/8/82",0,NA,NA,NA,NA,NA,NA,NA,NA,NA,NA
"20","7/20/82",0,9,NA,NA,NA,NA,NA,NA,NA,NA,NA
"21","8/2/82",0,8.9,NA,NA,NA,NA,NA,NA,NA,NA,NA
"22","8/17/82",0,NA,NA,1420,NA,NA,NA,NA,NA,NA,NA
"23","9/9/82",0,9.1,1350,1050,0.778,NA,NA,NA,NA,NA,0.777777777777778
"24","9/20/82",0,8.7,NA,NA,NA,NA,NA,NA,NA,NA,NA
"25","10/7/82",0,10,270,190,0.704,NA,NA,NA,NA,NA,0.703703703703704
"26","10/19/82",0,9.5,98,68,0.694,NA,NA,NA,NA,NA,0.693877551020408
"27","11/10/82",0,9.8,58,41,0.707,NA,NA,NA,NA,NA,0.706896551724138
"28","12/2/82",0,10.9,144,120,0.833,NA,NA,NA,NA,NA,0.833333333333333
"29","1/13/83",0,13.1,NA,NA,NA,24,27,1,NA,26,NA
"30","2/24/83",0,11,NA,NA,NA,1,29,1,NA,28,NA
"31","3/28/83",0,NA,NA,NA,NA,9.5,39,8,NA,31,NA
"32","5/11/83",0,11.1,1570,1350,0.86,NA,NA,NA,NA,NA,0.859872611464968
"33","5/25/83",0,11.1,1750,1575,0.9,NA,NA,NA,NA,NA,0.9
"34","6/9/83",0,10,1680,1500,0.893,NA,NA,NA,NA,NA,0.892857142857143
"35","6/21/83",0,8.7,560,350,0.625,NA,NA,NA,NA,NA,0.625
"36","7/8/83",0,8.6,1550,1450,0.935,NA,NA,NA,NA,NA,0.935483870967742
"37","7/21/83",0,8.2,1790,1550,0.866,NA,NA,NA,NA,NA,0.865921787709497
"38","7/21/83",0,NA,NA,NA,NA,NA,NA,NA,NA,NA,NA
"39","8/1/83",0,8.8,1860,1600,0.86,NA,NA,NA,NA,NA,0.860215053763441
"40","8/16/83",0,9.3,800,610,0.763,NA,NA,NA,NA,NA,0.7625
"41","9/6/83",0,7.6,NA,NA,NA,NA,NA,NA,NA,NA,NA
"42","9/27/83",0,8.8,740,580,0.784,NA,NA,NA,NA,NA,0.783783783783784
"43","10/17/83",0,9,990,740,0.747,NA,NA,NA,NA,NA,0.747474747474748
"44","10/17/83",0,NA,NA,NA,NA,NA,NA,NA,NA,NA,NA
"45","11/2/83",0,8.6,249,193,0.775,NA,NA,NA,NA,NA,0.775100401606426
"46","11/15/83",0,8.7,145,115,0.793,NA,NA,NA,NA,NA,0.793103448275862
"47","11/29/83",0,10.6,225,200,0.889,NA,NA,NA,NA,NA,0.888888888888889
"48","1/6/84",0,12.9,NA,NA,NA,2.7,36.2,11.8,NA,24.4,NA
"49","2/27/84",0,13.6,NA,NA,NA,1,47.5,15,NA,32.5,NA
"50","2/27/84",0,NA,NA,NA,NA,NA,NA,NA,NA,NA,NA
"51","4/10/84",0,9.6,NA,NA,NA,0,44.5,5,NA,39.5,NA
"52","4/26/84",0,11.2,NA,NA,NA,NA,NA,NA,NA,NA,NA
"53","5/9/84",0,10.7,NA,NA,NA,NA,NA,NA,NA,NA,NA
"54","5/21/84",0,10.1,740,700,0.946,NA,NA,NA,NA,NA,0.945945945945946
"55","5/21/84",0,NA,NA,NA,NA,NA,NA,NA,NA,NA,NA
"56","6/4/84",0,10,1650,1050,0.636,NA,NA,NA,NA,NA,0.636363636363636
"57","6/20/84",0,9,622,489,0.786,NA,NA,NA,NA,NA,0.786173633440514
"58","6/20/84",0,NA,NA,NA,NA,NA,NA,NA,NA,NA,NA
"59","7/5/84",0,8.1,661,206,0.312,NA,NA,NA,NA,NA,0.311649016641452
"60","7/16/84",0,8.2,685,489,0.714,NA,NA,NA,NA,NA,0.713868613138686
"61","7/16/84",0,NA,NA,NA,NA,NA,NA,NA,NA,NA,NA
"62","7/31/84",0,8.6,1700,1260,0.741,NA,NA,NA,NA,NA,0.741176470588235
"63","8/16/84",0,8.5,1280,971,0.759,NA,NA,NA,NA,NA,0.75859375
"64","9/5/84",0,8.9,930,750,0.806,NA,NA,NA,NA,NA,0.806451612903226
"65","9/25/84",0,9.3,NA,NA,NA,NA,NA,NA,NA,NA,NA
"66","10/17/84",0,9.1,820,610,0.744,NA,NA,NA,NA,NA,0.74390243902439
"67","10/17/84",0,NA,NA,NA,NA,NA,NA,NA,NA,NA,NA
"68","11/7/84",0,9.4,348,185,0.532,NA,NA,NA,NA,NA,0.531609195402299
"69","11/7/84",0,NA,NA,NA,NA,NA,NA,NA,NA,NA,NA
"70","11/26/84",0,11,93,65,0.699,NA,NA,NA,NA,NA,0.698924731182796
"71","1/11/85",0,13.4,273,13.9,0.051,8.8,28.7,3,"0.355",25.7,0.0509157509157509
"72","1/11/85",0,NA,NA,NA,NA,NA,NA,NA,NA,NA,NA
"73","2/27/85",0,13.2,950,23.8,0.025,11.7,48,4,"0.272",44,0.0250526315789474
"74","3/26/85",0,14.4,132,54,0.409,0.5,56,12,"0.233",44,0.409090909090909
"75","4/11/85",0,NA,NA,NA,NA,NA,NA,NA,NA,NA,NA
"76","4/29/85",0,12.1,1620,1500,0.926,0,50,50,NA,0,0.925925925925926
"77","4/29/85",0,NA,NA,NA,NA,NA,NA,NA,NA,NA,NA
"78","5/15/85",0,10.1,305,243,0.797,NA,NA,NA,NA,NA,0.79672131147541
"79","5/15/85",0,NA,NA,NA,NA,NA,NA,NA,NA,NA,NA
"80","5/29/85",0,9.7,86,67,0.779,NA,NA,NA,NA,NA,0.779069767441861
"81","6/10/85",0,9.1,1500,1350,0.9,NA,NA,NA,NA,NA,0.9
"82","6/25/85",0,9.1,745,510,0.685,NA,NA,NA,NA,NA,0.684563758389262
"83","6/25/85",0,NA,NA,NA,NA,NA,NA,NA,NA,NA,NA
"84","7/10/85",0,8,575,410,0.713,NA,NA,NA,NA,NA,0.71304347826087
"85","7/22/85",0,8.3,1540,1360,0.883,NA,NA,NA,NA,NA,0.883116883116883
"86","8/5/85",0,8.3,875,639,0.73,NA,NA,NA,NA,NA,0.730285714285714
"87","8/19/85",0,8.5,352,263,0.747,NA,NA,NA,NA,NA,0.747159090909091
"88","9/10/85",0,8.7,1650,1010,0.612,NA,NA,NA,NA,NA,0.612121212121212
"89","9/30/85",0,9.2,185,90,0.486,NA,NA,NA,NA,NA,0.486486486486487
"90","10/23/85",0,10,144,89,0.618,NA,NA,NA,NA,NA,0.618055555555556
"91","11/11/85",0,10.3,480,256,0.533,NA,NA,NA,NA,NA,0.533333333333333
"92","11/11/85",0,NA,NA,NA,NA,NA,NA,NA,NA,NA,NA
"93","1/14/86",0,13.5,750,9.31,0.012,17.5,29,6,"0.507",23,0.0124133333333333
"94","2/27/86",0,11.9,1200,3.8,0.003,17.7,51,34,NA,17,0.00316666666666667
"95","2/27/86",0,NA,NA,NA,NA,NA,NA,NA,NA,NA,NA
"96","4/24/86",0,11.7,870,500,0.575,NA,NA,NA,NA,NA,0.574712643678161
"97","5/7/86",0,11.1,460,300,0.652,NA,NA,NA,NA,NA,0.652173913043478
"98","5/19/86",0,10.7,1400,1150,0.821,NA,NA,NA,NA,NA,0.821428571428571
"99","5/19/86",0,NA,NA,NA,NA,NA,NA,NA,NA,NA,NA
"100","6/3/86",0,9.6,1300,890,0.685,NA,NA,NA,NA,NA,0.684615384615385
"101","6/16/86",0,9.4,1640,1200,0.732,NA,NA,NA,NA,NA,0.731707317073171
"102","6/30/86",0,8.7,1235,925,0.749,NA,NA,NA,NA,NA,0.748987854251012
"103","7/14/86",0,8.3,337,210,0.623,NA,NA,NA,NA,NA,0.623145400593472
"104","7/29/86",0,8.2,1010,685,0.678,NA,NA,NA,NA,NA,0.678217821782178
"105","8/11/86",0,8.2,1040,700,0.673,NA,NA,NA,NA,NA,0.673076923076923
"106","8/25/86",0,9,349,198,0.567,NA,NA,NA,NA,NA,0.567335243553009
"107","9/8/86",0,8.9,1540,1010,0.656,NA,NA,NA,NA,NA,0.655844155844156
"108","9/8/86",0,NA,NA,NA,NA,NA,NA,NA,NA,NA,NA
"109","9/22/86",0,9.4,142,79.5,0.56,NA,NA,NA,NA,NA,0.559859154929577
"110","10/7/86",0,9,720,420,0.583,NA,NA,NA,NA,NA,0.583333333333333
"111","10/21/86",0,9.2,485,315,0.649,NA,NA,NA,NA,NA,0.649484536082474
"112","11/12/86",0,11.1,835,420,0.503,NA,NA,NA,NA,NA,0.502994011976048
"113","1/14/87",0,14.9,580,35.1,0.061,3.5,24,0,"0.342",24,0.0605172413793103
"114","2/24/87",0,15.5,950,15.2,0.016,13.4,41,0,"0.352",41,0.016
"115","3/24/87",0,10.4,1060,740,0.698,0,34,34,"0.327",0,0.69811320754717
"116","4/20/87",0,12.5,710,680,0.958,NA,NA,NA,NA,NA,0.957746478873239
"117","5/5/87",0,11.7,1050,840,0.8,NA,NA,NA,NA,NA,0.8
"118","5/20/87",0,10,520,390,0.75,NA,NA,NA,NA,NA,0.75
"119","6/2/87",0,9.1,NA,NA,NA,NA,NA,NA,NA,NA,NA
"120","6/11/87",0,9.1,144,101.5,0.705,NA,NA,NA,NA,NA,0.704861111111111
"121","6/29/87",0,8.3,1560,1420,0.91,NA,NA,NA,NA,NA,0.91025641025641
"122","7/13/87",0,8.2,810,650,0.802,NA,NA,NA,NA,NA,0.802469135802469
"123","7/29/87",0,8,1320,1070,0.811,NA,NA,NA,NA,NA,0.810606060606061
"124","8/11/87",0,8.2,1120,900,0.804,NA,NA,NA,NA,NA,0.803571428571429
"125","8/26/87",0,8.6,518,370,0.714,NA,NA,NA,NA,NA,0.714285714285714
"126","9/8/87",0,8.7,189,129,0.683,NA,NA,NA,NA,NA,0.682539682539683
"127","9/21/87",0,8.9,375,260,0.693,NA,NA,NA,NA,NA,0.693333333333333
"128","10/5/87",0,9.6,44,28.6,0.65,NA,NA,NA,NA,NA,0.65
"129","10/20/87",0,9.5,330,200,0.606,NA,NA,NA,NA,NA,0.606060606060606
"130","11/2/87",0,9.1,100,56,0.56,NA,NA,NA,NA,NA,0.56
"131","11/16/87",0,9.6,41,26.5,0.646,NA,NA,NA,NA,NA,0.646341463414634
"132","1/19/88",0,13.6,540,15.4,0.029,2.8,35,16,NA,19,0.0285185185185185
"133","2/29/88",0,14.1,850,12,0.014,10.4,54,51,"0.282",3,0.0141176470588235
"134","4/4/88",0,13.6,1360,545,0.401,0,58,9.5,"0.271",48.5,0.400735294117647
"135","4/4/88",0,NA,NA,NA,NA,NA,NA,NA,NA,NA,NA
"136","4/25/88",0,12.2,1130,1060,0.938,NA,NA,NA,NA,NA,0.938053097345133
"137","5/9/88",0,11.1,780,560,0.718,NA,NA,NA,NA,NA,0.717948717948718
"138","5/24/88",0,10,1700,1500,0.882,NA,NA,NA,NA,NA,0.882352941176471
"139","6/6/88",0,8.5,1060,870,0.821,NA,NA,NA,NA,NA,0.820754716981132
"140","6/21/88",0,8.8,370,293,0.792,NA,NA,NA,NA,NA,0.791891891891892
"141","7/5/88",0,8.5,1030,810,0.786,NA,NA,NA,NA,NA,0.786407766990291
"142","7/18/88",0,8.1,390,295,0.756,NA,NA,NA,NA,NA,0.756410256410256
"143","8/1/88",0,8,890,620,0.697,NA,NA,NA,NA,NA,0.696629213483146
"144","8/16/88",0,8.3,1600,1550,0.969,NA,NA,NA,NA,NA,0.96875
"145","8/16/88",0,NA,NA,NA,NA,NA,NA,NA,NA,NA,NA
"146","8/29/88",0,8.6,1200,870,0.725,NA,NA,NA,NA,NA,0.725
"147","9/12/88",0,9.2,79,50.2,0.635,NA,NA,NA,NA,NA,0.635443037974684
"148","9/27/88",0,9.4,725,505,0.697,NA,NA,NA,NA,NA,0.696551724137931
"149","10/10/88",0,9.9,248,165,0.665,NA,NA,NA,NA,NA,0.665322580645161
"150","10/24/88",0,9.5,187,119,0.636,NA,NA,NA,NA,NA,0.636363636363636
"151","11/8/88",0,10.9,340,225,0.662,NA,NA,NA,NA,NA,0.661764705882353
"152","1/12/89",0,14.8,NA,NA,NA,18.3,33,0,NA,33,NA
"153","1/12/89",0,NA,NA,NA,NA,NA,NA,NA,NA,NA,NA
"154","2/23/89",0,14.8,1060,23.5,0.022,7.9,58.5,17.5,"0.302",41,0.0221698113207547
"155","3/29/89",0,12.4,515,224,0.435,NA,50,5,"0.218",45,0.43495145631068
"156","3/29/89",0,NA,NA,NA,NA,NA,NA,NA,NA,NA,NA
"157","5/1/89",0,12.9,1410,1140,0.809,NA,NA,NA,NA,NA,0.808510638297872
"158","5/17/89",0,11.2,880,880,1,NA,NA,NA,NA,NA,1
"159","5/30/89",0,10,110,77.2,0.702,NA,NA,NA,NA,NA,0.701818181818182
"160","6/13/89",0,9.3,188,144,0.766,NA,NA,NA,NA,NA,0.765957446808511
"161","6/26/89",0,8.8,630,480,0.762,NA,NA,NA,NA,NA,0.761904761904762
"162","7/10/89",0,8.3,910,870,0.956,NA,NA,NA,NA,NA,0.956043956043956
"163","7/24/89",0,8.1,557,NA,NA,NA,NA,NA,NA,NA,NA
"164","8/8/89",0,8.2,1640,1460,0.89,NA,NA,NA,NA,NA,0.890243902439024
"165","8/21/89",0,8.8,188,127.1,0.676,NA,NA,NA,NA,NA,0.676063829787234
"166","9/5/89",0,8.9,1699,1426,0.839,NA,NA,NA,NA,NA,0.839317245438493
"167","9/18/89",0,9.1,545,422.6,0.775,NA,NA,NA,NA,NA,0.775412844036697
"168","10/2/89",0,9.8,108,66.63,0.617,NA,NA,NA,NA,NA,0.616944444444444
"169","10/16/89",0,9.7,603,409.1,0.678,NA,NA,NA,NA,NA,0.678441127694859
"170","11/1/89",0,10.2,224,133.3,0.595,NA,NA,NA,NA,NA,0.595089285714286
"171","11/14/89",0,10.9,87,61.28,0.704,NA,NA,NA,NA,NA,0.704367816091954
"172","1/17/90",0,12.2,122,1.54,0.013,15.9,36,NA,NA,NA,0.0126229508196721
"173","1/17/90",0,NA,NA,NA,NA,NA,NA,NA,NA,NA,NA
"174","2/19/90",0,10.9,1143,7.7,0.007,15.9,51,10,"0.373",41,0.00673665791776028
"175","3/28/90",0,10.7,NA,NA,NA,0,39,4,NA,35,NA
"176","4/30/90",0,9.8,1635,1502,0.919,NA,NA,NA,NA,NA,0.918654434250765
"177","4/30/90",0,NA,NA,NA,NA,NA,NA,NA,NA,NA,NA
"178","5/15/90",0,10.8,440,330.8,0.752,NA,NA,NA,NA,NA,0.751818181818182
"179","5/29/90",0,10,1958,1720,0.878,NA,NA,NA,NA,NA,0.878447395301328
"180","6/14/90",0,9.5,1218,1101,0.904,NA,NA,NA,NA,NA,0.903940886699507
"181","6/26/90",0,8.9,2024,1785,0.882,NA,NA,NA,NA,NA,0.881916996047431
"182","7/10/90",0,8.6,1746,1557,0.892,NA,NA,NA,NA,NA,0.891752577319588
"183","7/23/90",0,8.8,895,804,0.898,NA,NA,NA,NA,NA,0.898324022346369
"184","8/7/90",0,8.5,1025,885,0.863,NA,NA,NA,NA,NA,0.863414634146341
"185","8/21/90",0,8.9,1937,1698,0.877,NA,NA,NA,NA,NA,0.87661331956634
"186","9/4/90",0,8.5,474,346.1,0.73,NA,NA,NA,NA,NA,0.730168776371308
"187","9/19/90",0,9.2,347,229.7,0.662,NA,NA,NA,NA,NA,0.661959654178674
"188","10/2/90",0,9.7,535,379.8,0.71,NA,NA,NA,NA,NA,0.709906542056075
"189","10/16/90",0,9.5,1104,968,0.877,NA,NA,NA,NA,NA,0.876811594202899
"190","10/31/90",0,9.8,460,436.6,0.949,NA,NA,NA,NA,NA,0.949130434782609
"191","11/12/90",0,10.9,407,264.8,0.651,NA,NA,NA,NA,NA,0.650614250614251
"192","1/16/91",0,14.7,211,5.04,0.024,8.8,38,5,NA,33,0.0238862559241706
"193","2/19/91",0,15.4,557,5.7,0.01,8.6,55,5,NA,50,0.0102333931777379
"194","3/25/91",0,14.2,775,NA,NA,0,53,3,"0.3",50,NA
"195","5/7/91",0,11.6,2164,1680,0.776,NA,NA,NA,NA,NA,0.77634011090573
"196","5/22/91",0,10.6,209,160.6,0.768,NA,NA,NA,NA,NA,0.768421052631579
"197","6/3/91",0,8.7,1327,1068,0.805,NA,NA,NA,NA,NA,0.80482290881688
"198","6/3/91",0,NA,NA,NA,NA,NA,NA,NA,NA,NA,NA
"199","6/19/91",0,8.3,1327,1015,0.765,NA,NA,NA,NA,NA,0.764883195177091
"200","7/1/91",0,8.2,205,165.5,0.807,NA,NA,NA,NA,NA,0.807317073170732
"201","7/16/91",0,8.1,935,1122,NA,NA,NA,NA,NA,NA,1.2
"202","7/30/91",0,8.4,806,1240,NA,NA,NA,NA,NA,NA,1.53846153846154
"203","8/12/91",0,8.5,840,815,0.97,NA,NA,NA,NA,NA,0.970238095238095
"204","8/28/91",0,8.5,1491,1472,0.987,NA,NA,NA,NA,NA,0.987256874580818
"205","9/9/91",0,8.9,402,295.5,0.735,NA,NA,NA,NA,NA,0.735074626865672
"206","9/23/91",0,10.4,1067,687,0.644,NA,NA,NA,NA,NA,0.643861293345829
"207","10/7/91",0,NA,416,332.5,0.799,NA,NA,NA,NA,NA,0.799278846153846
"208","11/11/91",0,10.7,48,89.6,NA,NA,NA,NA,NA,NA,1.86666666666667
"209","1/14/92",0,15,438,8.34,0.019,11.3,30,7,"0.388",23,0.019041095890411
"210","3/1/92",0,14.4,1355,8.7,0.006,22.5,41,7,"0.316",34,0.00642066420664207
"211","3/1/92",0,NA,NA,NA,NA,NA,NA,NA,NA,NA,NA
"212","3/27/92",0,13.8,1399,264.9,0.189,0.4,52,10,"0.3",42,0.189349535382416
"213","5/6/92",0,12.3,1024,841,0.821,NA,NA,NA,NA,NA,0.8212890625
"214","5/6/92",0,NA,NA,NA,NA,NA,NA,NA,NA,NA,NA
"215","5/19/92",0,11.4,1666,1518,0.911,NA,NA,NA,NA,NA,0.911164465786314
"216","6/2/92",0,9.6,1226,1050,0.856,NA,NA,NA,NA,NA,0.856443719412724
"217","6/15/92",0,8.7,903,650.5,0.72,NA,NA,NA,NA,NA,0.720376522702104
"218","6/30/92",0,9.6,847,811,0.957,NA,NA,NA,NA,NA,0.957497048406139
"219","7/14/92",0,8.7,1297,1276,0.984,NA,NA,NA,NA,NA,0.983808789514264
"220","7/29/92",0,8.4,1141,866,0.759,NA,NA,NA,NA,NA,0.758983347940403
"221","8/11/92",0,8.1,218,123.4,0.566,NA,NA,NA,NA,NA,0.56605504587156
"222","8/24/92",0,8.5,1183,793,0.67,NA,NA,NA,NA,NA,0.67032967032967
"223","9/8/92",0,9,1395,1454,NA,NA,NA,NA,NA,NA,1.04229390681004
"224","9/24/92",0,9.3,684,490.3,0.717,NA,NA,NA,NA,NA,0.716812865497076
"225","10/5/92",0,9.5,1186,1116,0.941,NA,NA,NA,NA,NA,0.94097807757167
"226","10/20/92",0,9.6,104,66.86,0.643,NA,NA,NA,NA,NA,0.642884615384615
"227","11/9/92",0,9.8,248,176.2,0.71,NA,NA,NA,NA,NA,0.710483870967742
"228","1/13/93",0,14.2,294,0.05,0,19,36.5,6,NA,30.5,0.000170068027210884
"229","3/1/93",0,15.3,689,45.7,0.066,2.7,60.5,21.5,NA,39,0.0663280116110305
"230","3/1/93",0,NA,NA,NA,NA,NA,NA,NA,NA,NA,NA
"231","3/22/93",0,16.4,1259,16.35,0.013,9.1,56,23,"0.284",33,0.0129864972200159
"232","5/4/93",0,12.8,544,3.44,0.006,NA,NA,NA,NA,NA,0.00632352941176471
"233","5/18/93",0,11.3,962,900,0.936,NA,NA,NA,NA,NA,0.935550935550936
"234","5/18/93",0,NA,NA,NA,NA,NA,NA,NA,NA,NA,NA
"235","6/1/93",0,10.6,734,571.5,0.779,NA,NA,NA,NA,NA,0.778610354223433
"236","6/14/93",0,9,1145,840,0.734,NA,NA,NA,NA,NA,0.733624454148472
"237","6/30/93",0,8.1,213,136.8,0.642,NA,NA,NA,NA,NA,0.642253521126761
"238","7/14/93",0,8.5,1692,1731,NA,NA,NA,NA,NA,NA,1.02304964539007
"239","7/27/93",0,9.3,918,785,0.855,NA,NA,NA,NA,NA,0.855119825708061
"240","8/11/93",0,8.5,227,297.2,NA,NA,NA,NA,NA,NA,1.30925110132159
"241","8/23/93",0,8.4,1534,2107,NA,NA,NA,NA,NA,NA,1.3735332464146
"242","9/8/93",0,8.6,520,283.6,0.545,NA,NA,NA,NA,NA,0.545384615384615
"243","9/23/93",0,9.4,967,792,0.819,NA,NA,NA,NA,NA,0.819027921406412
"244","10/5/93",0,9.4,1061,1049,0.989,NA,NA,NA,NA,NA,0.988689915174364
"245","10/18/93",0,9.8,69,65.58,0.95,NA,NA,NA,NA,NA,0.950434782608696
"246","11/10/93",0,10.1,627,432.6,0.69,NA,NA,NA,NA,NA,0.689952153110048
"247","1/12/94",0,13.9,283,18.98,0.067,6.8,30,10,"0.566",20,0.0670671378091873
"248","2/21/94",0,13.6,1134,452.1,0.399,0,39,6,"0.285",33,0.398677248677249
"249","2/21/94",0,NA,NA,NA,NA,NA,NA,NA,NA,NA,NA
"250","3/28/94",0,10,744,4.57,0.006,15.5,44,0,NA,44,0.00614247311827957
"251","5/5/94",0,11.7,512,346,0.676,NA,NA,NA,NA,NA,0.67578125
"252","5/16/94",0,11.1,1318,1232,0.935,NA,NA,NA,NA,NA,0.934749620637329
"253","6/1/94",0,9.5,1767,1831,NA,NA,NA,NA,NA,NA,1.03621958121109
"254","6/1/94",0,NA,NA,NA,NA,NA,NA,NA,NA,NA,NA
"255","6/15/94",0,8.4,162,108.2,0.668,NA,NA,NA,NA,NA,0.667901234567901
"256","6/27/94",0,8.2,2177,2008,0.922,NA,NA,NA,NA,NA,0.92237023426734
"257","7/12/94",0,8.5,1302,1241,0.953,NA,NA,NA,NA,NA,0.953149001536098
"258","7/27/94",0,8.7,1111,897,0.807,NA,NA,NA,NA,NA,0.807380738073807
"259","8/9/94",0,8.7,891,906,NA,NA,NA,NA,NA,NA,1.01683501683502
"260","8/24/94",0,8.5,1193,1046,0.877,NA,NA,NA,NA,NA,0.876781223805532
"261","9/6/94",0,8.7,492,427.4,0.869,NA,NA,NA,NA,NA,0.86869918699187
"262","9/6/94",0,NA,NA,NA,NA,NA,NA,NA,NA,NA,NA
"263","9/21/94",0,8.6,258,186.9,0.724,NA,NA,NA,NA,NA,0.724418604651163
"264","10/3/94",0,9,673,467,0.694,NA,NA,NA,NA,NA,0.693907875185735
"265","10/17/94",0,9.6,783,710,0.907,NA,NA,NA,NA,NA,0.906768837803321
"266","11/1/94",0,9.4,717,603.7,0.842,NA,NA,NA,NA,NA,0.841980474198047
"267","11/16/94",0,9.5,320,213.6,0.668,NA,NA,NA,NA,NA,0.6675
"268","11/16/94",0,NA,NA,NA,NA,NA,NA,NA,NA,NA,NA
"269","1/9/95",0,15.4,678,49.63,0.073,2.1,30,2,"0.62",28,0.0732005899705015
"270","2/20/95",0,17,199,0.07,0,15.5,42,1,NA,41,0.000351758793969849
"271","3/24/95",0,11.3,1113,435.6,0.391,1,34,0,"0.249",34,0.391374663072776
"272","5/2/95",0,13.3,886,744,0.84,NA,NA,NA,NA,NA,0.839729119638826
"273","5/15/95",0,11.7,1131,1069,0.945,NA,NA,NA,NA,NA,0.945181255526083
"274","5/31/95",0,10.4,1395,1198,0.859,NA,NA,NA,NA,NA,0.858781362007168
"275","6/14/95",0,9.2,1048,972,0.927,NA,NA,NA,NA,NA,0.927480916030534
"276","6/27/95",0,7.9,282,192.6,0.683,NA,NA,NA,NA,NA,0.682978723404255
"277","7/11/95",0,9,1857,1489,0.802,NA,NA,NA,NA,NA,0.801830910070005
"278","7/24/95",0,8.4,481,343.2,0.714,NA,NA,NA,NA,NA,0.713513513513513
"279","8/7/95",0,8,838,609.8,0.728,NA,NA,NA,NA,NA,0.727684964200477
"280","8/22/95",0,8,1194,801,0.671,NA,NA,NA,NA,NA,0.670854271356784
"281","9/6/95",0,8.4,420,390.5,0.93,NA,NA,NA,NA,NA,0.929761904761905
"282","9/19/95",0,8.9,82,80.3,0.979,NA,NA,NA,NA,NA,0.979268292682927
"283","10/3/95",0,9.4,846,651.5,0.77,NA,NA,NA,NA,NA,0.770094562647754
"284","10/18/95",0,9.7,594,340.2,0.573,NA,NA,NA,NA,NA,0.572727272727273
"285","10/31/95",0,9.9,669,489.5,0.732,NA,NA,NA,NA,NA,0.73168908819133
"286","11/13/95",0,10.7,472,371,0.786,NA,NA,NA,NA,NA,0.786016949152542
"287","11/13/95",0,NA,NA,NA,NA,NA,NA,NA,NA,NA,NA
"288","1/24/96",0,11.2,539,15.29,0.028,11,51,22,"0.855",29,0.0283673469387755
"289","2/21/96",0,11.2,1096,7.72,0.007,11.7,53,26,"0.318",27,0.00704379562043796
"290","4/1/96",0,10.9,1504,1.21,0.001,18.2,70,32,NA,38,0.000804521276595745
"291","5/14/96",0,10.3,568,431.6,0.76,NA,NA,NA,NA,NA,0.759859154929577
"292","5/29/96",0,10.6,1472,1346,0.914,NA,NA,NA,NA,NA,0.914402173913043
"293","6/10/96",0,9.6,711,562.5,0.791,NA,NA,NA,NA,NA,0.791139240506329
"294","6/26/96",0,9,474,371.9,0.785,NA,NA,NA,NA,NA,0.784599156118143
"295","7/10/96",0,8.4,787,1011,NA,NA,NA,NA,NA,NA,1.284625158831
"296","7/25/96",0,8.5,506,432.5,0.855,NA,NA,NA,NA,NA,0.854743083003953
"297","8/8/96",0,8.4,1634,1469,0.899,NA,NA,NA,NA,NA,0.899020807833537
"298","8/20/96",0,8.2,1011,572.6,0.566,NA,NA,NA,NA,NA,0.566369930761622
"299","9/5/96",0,8.2,617,430,0.697,NA,NA,NA,NA,NA,0.696920583468395
"300","9/18/96",0,9.3,629,569.6,0.906,NA,NA,NA,NA,NA,0.905564387917329
"301","9/30/96",0,9.5,1317,1084,0.823,NA,NA,NA,NA,NA,0.823082763857251
"302","10/15/96",0,9.9,972,798,0.821,NA,NA,NA,NA,NA,0.820987654320988
"303","11/6/96",0,9.3,115,103.4,0.899,NA,NA,NA,NA,NA,0.899130434782609
"304","1/14/97",0,12,NA,NA,NA,11,37,26,NA,11,NA
"305","2/17/97",0,11.3,NA,NA,NA,24.5,40,26,NA,14,NA
"306","3/25/97",0,12.1,602,0,0,31,44,31,NA,13,0
"307","5/6/97",0,11.4,1446,1275,0.882,NA,NA,NA,NA,NA,0.881742738589212
"308","5/21/97",0,11.4,1742,1818,NA,NA,NA,NA,NA,NA,1.04362801377727
"309","6/4/97",0,9.5,934,934,1,NA,NA,NA,NA,NA,1
"310","6/18/97",0,8.7,761,604.8,0.795,NA,NA,NA,NA,NA,0.794743758212878
"311","7/1/97",0,8.5,1904,1814,0.953,NA,NA,NA,NA,NA,0.952731092436975
"312","7/17/97",0,8,294,179.5,0.611,NA,NA,NA,NA,NA,0.610544217687075
"313","7/29/97",0,8.1,1606,1620,NA,NA,NA,NA,NA,NA,1.00871731008717
"314","8/13/97",0,8.5,NA,NA,NA,NA,NA,NA,NA,NA,NA
"315","8/28/97",0,8.9,267,214.1,0.802,NA,NA,NA,NA,NA,0.80187265917603
"316","9/9/97",0,9,564,402.3,0.713,NA,NA,NA,NA,NA,0.713297872340426
"317","9/24/97",0,9.1,712,860,NA,NA,NA,NA,NA,NA,1.20786516853933
"318","10/7/97",0,9.1,532,419.4,0.788,NA,NA,NA,NA,NA,0.788345864661654
"319","10/24/97",0,9.7,566,423.4,0.748,NA,NA,NA,NA,NA,0.748056537102473
"320","11/10/97",0,9.4,142,105.6,0.744,NA,NA,NA,NA,NA,0.743661971830986
"321","1/12/98",0,19.7,166,0,0,17.5,26,0,NA,26,0
"322","2/23/98",0,14,275,148,0.538,0,35,11,"0.359",24,0.538181818181818
"323","3/18/98",0,17,297,2.02,0.007,8.5,37,8,NA,29,0.0068013468013468
"324","4/20/98",0,11.6,1336,1083,0.811,NA,NA,NA,NA,NA,0.81062874251497
"325","5/5/98",0,10.7,1127,1057,0.938,NA,NA,NA,NA,NA,0.937888198757764
"326","5/19/98",0,9.5,1572,1275,0.811,NA,NA,NA,NA,NA,0.811068702290076
"327","6/1/98",0,8.9,1064,805,0.757,NA,NA,NA,NA,NA,0.756578947368421
"328","6/15/98",0,9.5,1359,1118,0.823,NA,NA,NA,NA,NA,0.822663723325975
"329","6/29/98",0,8.2,1965,1609,0.819,NA,NA,NA,NA,NA,0.81882951653944
"330","7/14/98",0,8.3,1754,1642,0.936,NA,NA,NA,NA,NA,0.936145952109464
"331","7/27/98",0,9.2,1293,797,0.616,NA,NA,NA,NA,NA,0.616395978344934
"332","8/12/98",0,7.9,945,707,0.748,NA,NA,NA,NA,NA,0.748148148148148
"333","8/12/98",0,NA,NA,NA,NA,NA,NA,NA,NA,NA,NA
"334","8/26/98",0,8.4,1805,1452,0.804,NA,NA,NA,NA,NA,0.804432132963989
"335","9/9/98",0,8.5,1553,1186,0.764,NA,NA,NA,NA,NA,0.763683193818416
"336","9/24/98",0,8.7,90,50.88,0.565,NA,NA,NA,NA,NA,0.565333333333333
"337","10/6/98",0,9.5,937,701,0.748,NA,NA,NA,NA,NA,0.748132337246531
"338","10/6/98",0,NA,NA,NA,NA,NA,NA,NA,NA,NA,NA
"339","10/20/98",0,9.6,234,124.8,0.533,NA,NA,NA,NA,NA,0.533333333333333
"340","11/12/98",0,9.2,815,464.2,0.57,NA,NA,NA,NA,NA,0.569570552147239
"341","1/18/99",0,13.6,220,0,0,22.9,26,0,NA,26,0
"342","2/23/99",0,13.2,1262,9.66,0.008,9,41,14,NA,27,0.00765451664025357
"343","3/24/99",0,15.8,1371,137.8,0.101,1,53,17,"0.418",36,0.100510576221736
"344","5/4/99",0,12.2,1585,1104,0.697,NA,NA,NA,NA,NA,0.696529968454259
"345","5/20/99",0,10.4,421,265.73,0.631,NA,NA,NA,NA,NA,0.631187648456057
"346","6/2/99",0,9.4,509,301.81,0.593,NA,NA,NA,NA,NA,0.59294695481336
"347","6/16/99",0,8.4,716,410.47,0.573,NA,NA,NA,NA,NA,0.573282122905028
"348","7/1/99",0,8.4,1745,1354.3,0.776,NA,NA,NA,NA,NA,0.776103151862464
"349","7/1/99",0,NA,NA,NA,NA,NA,NA,NA,NA,NA,NA
"350","7/15/99",0,8.3,1236,961.2,0.778,NA,NA,NA,NA,NA,0.777669902912621
"351","7/28/99",0,7.8,1781,1298,0.729,NA,NA,NA,NA,NA,0.728804042672656
"352","8/10/99",0,8.1,491,275.76,0.562,NA,NA,NA,NA,NA,0.56162932790224
"353","8/10/99",0,NA,NA,NA,NA,NA,NA,NA,NA,NA,NA
"354","8/23/99",0,8,424,274.56,0.648,NA,NA,NA,NA,NA,0.647547169811321
"355","9/9/99",0,9,324,173.76,0.536,NA,NA,NA,NA,NA,0.536296296296296
"356","9/23/99",0,9.1,977,751.06,0.769,NA,NA,NA,NA,NA,0.768741044012282
"357","10/8/99",0,9.6,95,51.77,0.545,NA,NA,NA,NA,NA,0.544947368421053
"358","10/19/99",0,10.2,133,69.83,0.525,NA,NA,NA,NA,NA,0.525037593984962
"359","11/10/99",0,11.6,62,30.19,0.487,NA,NA,NA,NA,NA,0.486935483870968
"360","1/18/00",0,11.5,826,4.8,0.006,18.9,27.5,0.5,NA,27,0.00581113801452784
"361","2/22/00",0,14.4,690,2.65,0.004,27.6,36,2,NA,34,0.00384057971014493
"362","4/6/00",0,11.7,511,281.7,0.551,NA,NA,NA,NA,NA,0.551272015655577
"363","4/18/00",0,12.2,615,368.6,0.599,NA,NA,NA,NA,NA,0.599349593495935
"364","5/2/00",0,12.2,849,494.9,0.583,NA,NA,NA,NA,NA,0.582921083627797
"365","5/2/00",0,NA,NA,NA,NA,NA,NA,NA,NA,NA,NA
"366","5/17/00",0,10.3,719,410.5,0.571,NA,NA,NA,NA,NA,0.570931849791377
"367","5/30/00",0,9.7,271,152.4,0.562,NA,NA,NA,NA,NA,0.562361623616236
"368","6/13/00",0,9.3,602,383.9,0.638,NA,NA,NA,NA,NA,0.637707641196013
"369","6/13/00",0,NA,NA,NA,NA,NA,NA,NA,NA,NA,NA
"370","6/27/00",0,9,395,247.4,0.626,NA,NA,NA,NA,NA,0.626329113924051
"371","6/27/00",0,NA,NA,NA,NA,NA,NA,NA,NA,NA,NA
"372","7/12/00",0,8.9,144,84.4,0.586,NA,NA,NA,NA,NA,0.586111111111111
"373","7/26/00",0,8.3,492,249.3,0.507,NA,NA,NA,NA,NA,0.506707317073171
"374","8/8/00",0,8.3,37,21.45,0.58,NA,NA,NA,NA,NA,0.57972972972973
"375","8/21/00",0,8.8,1486,855,0.575,NA,NA,NA,NA,NA,0.575370121130552
"376","9/6/00",0,8.6,1146,756,0.66,NA,NA,NA,NA,NA,0.659685863874346
"377","9/18/00",0,9.2,1425,851,0.597,NA,NA,NA,NA,NA,0.59719298245614
"378","10/3/00",0,9.8,316,204.2,0.646,NA,NA,NA,NA,NA,0.64620253164557
"379","10/17/00",0,10.5,810,452.7,0.559,NA,NA,NA,NA,NA,0.558888888888889
"380","11/1/00",0,10.3,112,73.2,0.654,NA,NA,NA,NA,NA,0.653571428571429
"381","11/16/00",0,10.2,198,123.5,0.624,NA,NA,NA,NA,NA,0.623737373737374
"382","1/22/01",0,13.5,810,10.43,0.013,20.7,32,10,"0.309",22,0.0128765432098765
"383","2/28/01",0,12.5,810,5.93,0.007,NA,NA,NA,NA,NA,0.00732098765432099
"384","2/28/01",0,NA,NA,NA,NA,NA,NA,NA,NA,NA,NA
"385","4/3/01",0,12.9,1178,126.8,0.108,2.2,45,32,"0.232",13,0.107640067911715
"386","4/30/01",0,12.7,1698,1157,0.681,NA,NA,NA,NA,NA,0.681389870435807
"387","4/30/01",0,NA,NA,NA,NA,NA,NA,NA,NA,NA,NA
"388","5/14/01",0,10.8,1748,1243,0.711,NA,NA,NA,NA,NA,0.711098398169336
"389","5/29/01",0,9.7,1564,1035,0.662,NA,NA,NA,NA,NA,0.661764705882353
"390","6/11/01",0,10.1,1744,1267,0.726,NA,NA,NA,NA,NA,0.726490825688073
"391","6/26/01",0,10,1755,1285,0.732,NA,NA,NA,NA,NA,0.732193732193732
"392","7/9/01",0,8.7,553,359.3,0.65,NA,NA,NA,NA,NA,0.649728752260398
"393","7/24/01",0,8.4,1339,905,0.676,NA,NA,NA,NA,NA,0.675877520537715
"394","8/6/01",0,8.2,322,182.1,0.566,NA,NA,NA,NA,NA,0.565527950310559
"395","8/20/01",0,8.4,671,435,0.648,NA,NA,NA,NA,NA,0.648286140089419
"396","8/20/01",0,NA,NA,NA,NA,NA,NA,NA,NA,NA,NA
"397","9/4/01",0,8.9,1663,1127,0.678,NA,NA,NA,NA,NA,0.677690920024053
"398","9/18/01",0,9.2,468,220.8,0.472,NA,NA,NA,NA,NA,0.471794871794872
"399","10/2/01",0,9.8,337,188,0.558,NA,NA,NA,NA,NA,0.55786350148368
"400","10/15/01",0,9.9,264,132.9,0.503,NA,NA,NA,NA,NA,0.503409090909091
"401","10/29/01",0,10.4,491,220.4,0.449,NA,NA,NA,NA,NA,0.44887983706721
"402","11/15/01",0,10.5,214,95.2,0.445,NA,NA,NA,NA,NA,0.444859813084112
"403","1/16/02",0,14.8,446,20.4,0.046,5.1,16.5,4,"0.416",12.5,0.0457399103139013
"404","2/28/02",0,15.4,622,35.5,0.057,1.6,38,11,"0.267",27,0.0570739549839228
"405","4/1/02",0,16,1647,10.42,0.006,15,54,21,"0.189",33,0.00632665452337583
"406","4/23/02",0,11.7,671,335.9,0.501,NA,NA,NA,NA,NA,0.500596125186289
"407","4/23/02",0,NA,NA,NA,NA,NA,NA,NA,NA,NA,NA
"408","5/7/02",0,12,844,480.2,0.569,NA,NA,NA,NA,NA,0.568957345971564
"409","5/22/02",0,13.2,1750,1193,0.682,NA,NA,NA,NA,NA,0.681714285714286
"410","6/5/02",0,9.9,1907,1248,0.654,NA,NA,NA,NA,NA,0.65443104352386
"411","6/19/02",0,9.1,679,371.3,0.547,NA,NA,NA,NA,NA,0.546833578792342
"412","7/3/02",0,8,432,245.3,0.568,NA,NA,NA,NA,NA,0.567824074074074
"413","7/17/02",0,7.9,985,607.3,0.617,NA,NA,NA,NA,NA,0.616548223350254
"414","7/30/02",0,8.4,1161,828,0.713,NA,NA,NA,NA,NA,0.713178294573643
"415","8/14/02",0,8.3,1883,1249,0.663,NA,NA,NA,NA,NA,0.663303239511418
"416","8/14/02",0,NA,NA,NA,NA,NA,NA,NA,NA,NA,NA
"417","8/29/02",0,8.7,786,507.1,0.645,NA,NA,NA,NA,NA,0.645165394402036
"418","9/12/02",0,8.8,510,232.2,0.455,NA,NA,NA,NA,NA,0.455294117647059
"419","9/12/02",0,NA,NA,NA,NA,NA,NA,NA,NA,NA,NA
"420","9/26/02",0,9.1,NA,NA,NA,NA,NA,NA,NA,NA,NA
"421","10/9/02",0,9.9,357,219.8,0.616,NA,NA,NA,NA,NA,0.615686274509804
"422","10/24/02",0,9.7,344,285.9,0.831,NA,NA,NA,NA,NA,0.831104651162791
"423","11/7/02",0,10,435,234.5,0.539,NA,NA,NA,NA,NA,0.539080459770115
"424","11/7/02",0,NA,NA,NA,NA,NA,NA,NA,NA,NA,NA
"425","1/15/03",0,16.1,NA,NA,NA,1,45,0,NA,45,NA
"426","3/6/03",0,14.2,1236,13.97,0.011,17.5,61,0,"0.238",61,0.0113025889967638
"427","4/2/03",0,10.8,294,17.54,0.06,7.5,48,0,"0.411",48,0.0596598639455782
"428","4/2/03",0,NA,NA,NA,NA,NA,NA,NA,NA,NA,NA
"429","4/29/03",0,12,642,428.1,0.667,NA,NA,NA,NA,NA,0.666822429906542
"430","5/14/03",0,11.1,1309,960,0.733,NA,NA,NA,NA,NA,0.733384262796028
"431","5/30/03",0,10.4,NA,NA,NA,NA,NA,NA,NA,NA,NA
"432","5/30/03",0,NA,NA,NA,NA,NA,NA,NA,NA,NA,NA
"433","6/9/03",0,9.4,1238,738,0.596,NA,NA,NA,NA,NA,0.596122778675283
"434","6/23/03",0,8.8,288,155.6,0.54,NA,NA,NA,NA,NA,0.540277777777778
"435","7/7/03",0,8.5,2400,1648,0.687,NA,NA,NA,NA,NA,0.686666666666667
"436","7/21/03",0,8.5,625,361.4,0.578,NA,NA,NA,NA,NA,0.57824
"437","8/4/03",0,8.6,1652,1246,0.754,NA,NA,NA,NA,NA,0.754237288135593
"438","8/20/03",0,8,745,399.6,0.536,NA,NA,NA,NA,NA,0.536375838926175
"439","9/3/03",0,8.5,574,361.9,0.63,NA,NA,NA,NA,NA,0.630487804878049
"440","9/16/03",0,8.6,1125,751,0.668,NA,NA,NA,NA,NA,0.667555555555556
"441","10/1/03",0,9.3,312,129.5,0.415,NA,NA,NA,NA,NA,0.415064102564103
"442","10/14/03",0,9.8,NA,NA,NA,NA,NA,NA,NA,NA,NA
"443","10/28/03",0,9.1,123,53.83,0.438,NA,NA,NA,NA,NA,0.437642276422764
"444","11/13/03",0,10.5,544,272.6,0.501,NA,NA,NA,NA,NA,0.501102941176471
"445","1/12/04",0,13.6,134,4.49,0.034,10,37,8,NA,29,0.0335074626865672
"446","1/12/04",0,NA,NA,NA,NA,NA,NA,NA,NA,NA,NA
"447","2/18/04",0,12.8,906,0,0,29.7,42,7,NA,35,0
"448","4/7/04",0,11.3,937,417.4,0.445,0,39,6,"0.25",33,0.445464247598719
"449","4/30/04",0,11.2,NA,NA,NA,NA,NA,NA,NA,NA,NA
"450","5/10/04",0,12.3,NA,NA,NA,NA,NA,NA,NA,NA,NA
"451","5/24/04",0,10.8,523,310.1,0.593,NA,NA,NA,NA,NA,0.592925430210325
"452","6/7/04",0,11,2075,1049,0.506,NA,NA,NA,NA,NA,0.505542168674699
"453","6/22/04",0,9.4,573,269.6,0.471,NA,NA,NA,NA,NA,0.470506108202443
"454","7/6/04",0,8.6,260,134.9,0.519,NA,NA,NA,NA,NA,0.518846153846154
"455","7/21/04",0,8.7,224,145.6,0.65,NA,NA,NA,NA,NA,0.65
"456","8/2/04",0,8.3,523,365.7,0.699,NA,NA,NA,NA,NA,0.699235181644359
"457","8/16/04",0,8.9,650,562.5,0.865,NA,NA,NA,NA,NA,0.865384615384615
"458","8/16/04",0,NA,NA,NA,NA,NA,NA,NA,NA,NA,NA
"459","8/30/04",0,9.3,521,381.7,0.733,NA,NA,NA,NA,NA,0.732629558541267
"460","9/13/04",0,9.3,1287,1101,0.855,NA,NA,NA,NA,NA,0.855477855477855
"461","9/29/04",0,9.3,942,832,0.883,NA,NA,NA,NA,NA,0.883227176220807
"462","10/11/04",0,12.2,531,445.2,0.838,NA,NA,NA,NA,NA,0.838418079096045
"463","10/25/04",0,9.9,87,72.2,0.83,NA,NA,NA,NA,NA,0.829885057471264
"464","11/10/04",0,9.8,31,21.39,0.69,NA,NA,NA,NA,NA,0.69
"465","11/10/04",0,NA,NA,NA,NA,NA,NA,NA,NA,NA,NA
"466","1/19/05",0,16.6,347,6.59,0.019,11.2,43,0,NA,43,0.0189913544668588
"467","2/25/05",0,16.3,545,15.32,0.028,10,54,5,"0.509",49,0.0281100917431193
"468","4/6/05",0,11.4,125,94.08,0.753,0,42,0,"0.397",42,0.75264
"469","4/20/05",0,12.2,381,290.53,0.763,NA,NA,NA,NA,NA,0.76254593175853
"470","4/20/05",0,NA,NA,NA,NA,NA,NA,NA,NA,NA,NA
"471","5/2/05",0,12.6,1514,1259.4,0.832,NA,NA,NA,NA,NA,0.831836195508587
"472","5/19/05",0,11.5,496,278.97,0.562,NA,NA,NA,NA,NA,0.562439516129032
"473","6/1/05",0,10.3,1352,1241.8,0.918,NA,NA,NA,NA,NA,0.918491124260355
"474","6/13/05",0,8.8,586,447.62,0.764,NA,NA,NA,NA,NA,0.763856655290102
"475","6/27/05",0,8.8,817,642.98,0.787,NA,NA,NA,NA,NA,0.787001223990208
"476","7/12/05",0,8.6,2026,1600.7,0.79,NA,NA,NA,NA,NA,0.790078973346496
"477","7/25/05",0,8.5,950,900.41,0.948,NA,NA,NA,NA,NA,0.9478
"478","8/9/05",0,8.6,468,342.45,0.732,NA,NA,NA,NA,NA,0.731730769230769
"479","8/22/05",0,8.5,1630,759.14,0.466,NA,NA,NA,NA,NA,0.465730061349693
"480","9/8/05",0,8.6,536,388.57,0.725,NA,NA,NA,NA,NA,0.724944029850746
"481","9/19/05",0,8.6,90,71.71,0.797,NA,NA,NA,NA,NA,0.796777777777778
"482","10/3/05",0,9.2,226,160.07,0.708,NA,NA,NA,NA,NA,0.708274336283186
"483","10/17/05",0,9.8,1320,1070.2,0.811,NA,NA,NA,NA,NA,0.810757575757576
"484","11/15/05",0,9.2,143,104.86,0.733,NA,NA,NA,NA,NA,0.733286713286713
"485","11/15/05",0,NA,NA,NA,NA,NA,NA,NA,NA,NA,NA
"486","1/17/06",0,13.7,179,4.07,0.023,12.5,29,6,NA,23,0.0227374301675978
"487","2/13/06",0,13.6,655,17.43,0.027,23.6,33,12,NA,21,0.0266106870229008
"488","2/13/06",0,NA,NA,NA,NA,NA,NA,NA,NA,NA,NA
"489","3/31/06",0,15,522,209.78,0.402,0,41,21,"0.272",20,0.401877394636015
"490","3/31/06",0,NA,NA,NA,NA,NA,NA,NA,NA,NA,NA
"491","4/20/06",0,NA,1642,1490.3,0.908,NA,NA,NA,NA,NA,0.907612667478685
"492","5/2/06",0,11.6,961,735.9,0.766,NA,NA,NA,NA,NA,0.76576482830385
"493","5/18/06",0,10.9,771,578.79,0.751,NA,NA,NA,NA,NA,0.750700389105058
"494","5/18/06",0,NA,NA,NA,NA,NA,NA,NA,NA,NA,NA
"495","5/31/06",0,9.4,1584,1528.1,0.965,NA,NA,NA,NA,NA,0.964709595959596
"496","6/15/06",0,9.2,1367,1099,0.804,NA,NA,NA,NA,NA,0.803950256035113
"497","6/28/06",0,8.8,1621,1261.2,0.778,NA,NA,NA,NA,NA,0.778038247995065
"498","7/12/06",0,8.8,766,595.79,0.778,NA,NA,NA,NA,NA,0.777793733681462
"499","7/26/06",0,8.1,1542,1366.3,0.886,NA,NA,NA,NA,NA,0.886057068741894
"500","8/9/06",0,8.5,1963,1480.9,0.754,NA,NA,NA,NA,NA,0.754406520631686
"501","8/24/06",0,9.1,1227,700.11,0.571,NA,NA,NA,NA,NA,0.570586797066015
"502","9/8/06",0,8.8,51,34.06,0.668,NA,NA,NA,NA,NA,0.667843137254902
"503","9/8/06",0,NA,NA,NA,NA,NA,NA,NA,NA,NA,NA
"504","9/21/06",0,9.1,885,561.65,0.635,NA,NA,NA,NA,NA,0.634632768361582
"505","10/4/06",0,9.4,1357,734.23,0.541,NA,NA,NA,NA,NA,0.541068533529845
"506","10/19/06",0,9.3,NA,68.72,NA,NA,NA,NA,NA,NA,NA
"507","10/30/06",0,9.4,NA,380.01,NA,NA,NA,NA,NA,NA,NA
"508","1/15/07",0,17.3,415,10.41,0.025,6.8,29,8,"0.53",21,0.0250843373493976
"509","2/20/07",0,16.1,1138,25.11,0.022,8.7,42,5,"0.315",37,0.0220650263620387
"510","3/28/07",0,12,914,633.27,0.693,0,27,0,"0.283",27,0.692855579868709
"511","3/28/07",0,NA,NA,NA,NA,NA,NA,NA,NA,NA,NA
"512","4/24/07",0,11.9,1012,643.22,0.636,NA,NA,NA,NA,NA,0.635592885375494
"513","5/9/07",0,10.8,194,116.38,0.6,NA,NA,NA,NA,NA,0.599896907216495
"514","5/21/07",0,10.1,1753,1255.5,0.716,NA,NA,NA,NA,NA,0.716200798630918
"515","6/6/07",0,9.4,1537,1139.9,0.742,NA,NA,NA,NA,NA,0.741639557579701
"516","6/19/07",0,8.4,514,296.72,0.577,NA,NA,NA,NA,NA,0.57727626459144
"517","6/19/07",0,NA,NA,NA,NA,NA,NA,NA,NA,NA,NA
"518","7/2/07",0,8.4,469,253.75,0.541,NA,NA,NA,NA,NA,0.541044776119403
"519","7/16/07",0,8.4,1270,829.31,0.653,NA,NA,NA,NA,NA,0.653
"520","7/23/07",0,8.7,454,272.12,0.599,NA,NA,NA,NA,NA,0.599383259911894
"521","7/23/07",0,NA,NA,NA,NA,NA,NA,NA,NA,NA,NA
"522","7/30/07",0,8.6,1631,1274.4,0.781,NA,NA,NA,NA,NA,0.781361128142244
"523","8/13/07",0,8.2,1392,1144.2,0.822,NA,NA,NA,NA,NA,0.82198275862069
"524","8/27/07",0,8.5,339,213.94,0.631,NA,NA,NA,NA,NA,0.631091445427729
"525","9/11/07",0,8.5,233,144.38,0.62,NA,NA,NA,NA,NA,0.619656652360515
"526","9/24/07",0,9.6,1674,1246.5,0.745,NA,NA,NA,NA,NA,0.744623655913978
"527","10/10/07",0,9.3,152,105.46,0.694,NA,NA,NA,NA,NA,0.693815789473684
"528","10/23/07",0,9.8,735,413.26,0.562,NA,NA,NA,NA,NA,0.562258503401361
"529","11/12/07",0,10.5,181,99.99,0.552,NA,NA,NA,NA,NA,0.552430939226519
"530","1/17/08",0,14.3,249,3.25,0.013,11.1,33,8,"0.356",25,0.0130522088353414
"531","1/17/08",0,NA,NA,NA,NA,NA,NA,NA,NA,NA,NA
"532","3/3/08",0,14.6,1237,19.11,0.015,18.9,48,13,"0.236",35,0.0154486661277284
"533","3/3/08",0,NA,NA,NA,NA,NA,NA,NA,NA,NA,NA
"534","3/27/08",0,13.7,913,9.52,0.01,16.1,50,6,"0.236",44,0.0104271631982475
"535","5/13/08",0,11.3,886,804.83,0.908,NA,NA,NA,NA,NA,0.908386004514673
"536","5/19/08",0,11.5,1433,1335.3,0.932,NA,NA,NA,NA,NA,0.93182135380321
"537","6/2/08",0,10.3,996,842.57,0.846,NA,NA,NA,NA,NA,0.845953815261044
"538","6/18/08",0,9.6,1423,1334.8,0.938,NA,NA,NA,NA,NA,0.938018271257906
"539","7/1/08",0,9,1347,809.74,0.601,NA,NA,NA,NA,NA,0.601143281365998
"540","7/15/08",0,9.2,1922,1602.9,0.834,NA,NA,NA,NA,NA,0.833975026014568
"541","7/29/08",0,8.6,253,177.88,0.703,NA,NA,NA,NA,NA,0.703083003952569
"542","8/12/08",0,8.5,980,809.06,0.826,NA,NA,NA,NA,NA,0.825571428571429
"543","8/25/08",0,8.2,1890,1417.1,0.75,NA,NA,NA,NA,NA,0.74978835978836
"544","8/25/08",0,NA,NA,NA,NA,NA,NA,NA,NA,NA,NA
"545","9/8/08",0,8.7,1847,1476.7,0.8,NA,NA,NA,NA,NA,0.799512723335138
"546","9/23/08",0,9.3,1552,1154.8,0.744,NA,NA,NA,NA,NA,0.744072164948454
"547","10/7/08",0,10,110,74.04,0.673,NA,NA,NA,NA,NA,0.673090909090909
"548","10/20/08",0,11.6,723,444.96,0.615,NA,NA,NA,NA,NA,0.615435684647303
"549","11/12/08",0,10.1,65,47.02,0.723,NA,NA,NA,NA,NA,0.723384615384615
"550","1/20/09",0,15.3,NA,NA,NA,17.8,45,6,NA,39,NA
"551","2/24/09",0,14.5,729,46.38,0.064,3.6,55,9,"0.278",46,0.0636213991769547
"552","3/20/09",0,13.1,345,120.12,0.348,0,56,5,"0.269",51,0.348173913043478
"553","3/20/09",0,NA,NA,NA,NA,NA,NA,NA,NA,NA,NA
"554","4/29/09",0,12.2,765,648.19,0.847,NA,NA,NA,NA,NA,0.847307189542484
"555","5/13/09",0,11.8,164,133.2,0.814,NA,NA,NA,NA,NA,0.812195121951219
"556","5/27/09",0,10.5,457,380.01,0.832,NA,NA,NA,NA,NA,0.831531728665208
"557","5/27/09",0,NA,NA,NA,NA,NA,NA,NA,NA,NA,NA
"558","6/10/09",0,10.1,177,73.93,0.417,NA,NA,NA,NA,NA,0.417683615819209
"559","6/25/09",0,8.9,1995,1765.6,0.885,NA,NA,NA,NA,NA,0.885012531328321
"560","7/9/09",0,9.8,1028,916.4,0.891,NA,NA,NA,NA,NA,0.891439688715953
"561","7/22/09",0,8.8,512,388.29,0.759,NA,NA,NA,NA,NA,0.75837890625
"562","8/6/09",0,9,1446,1300,0.9,NA,NA,NA,NA,NA,0.899031811894882
"563","8/19/09",0,8.5,620,396.33,0.63,NA,NA,NA,NA,NA,0.639241935483871
"564","9/3/09",0,9.1,1639,1528.2,0.932,NA,NA,NA,NA,NA,0.932397803538743
"565","9/17/09",0,8.7,695,786.37,1.131,NA,NA,NA,NA,NA,1.13146762589928
"566","9/17/09",0,NA,NA,NA,NA,NA,NA,NA,NA,NA,NA
"567","10/1/09",0,9,587,807.53,1.376,NA,NA,NA,NA,NA,1.37568994889267
"568","10/14/09",0,9.3,228,182.34,0.8,NA,NA,NA,NA,NA,0.799736842105263
"569","10/29/09",0,9.5,35,25.9,0.735,NA,NA,NA,NA,NA,0.74
"570","11/11/09",0,10.1,364,300.61,0.826,NA,NA,NA,NA,NA,0.825851648351648
"571","11/11/09",0,NA,NA,NA,NA,NA,NA,NA,NA,NA,NA
"572","1/12/10",0,16.4,845,39.21,0.046,5.7,32,17,"0.267",15,0.0464023668639053
"573","2/11/10",0,15.9,949,20.66,0.022,9.4,46,14,"0.275",32,0.0217702845100105
"574","2/11/10",0,NA,NA,NA,NA,NA,NA,NA,NA,NA,NA
"575","4/12/10",0,12.1,700,510.31,0.729,NA,NA,NA,NA,NA,0.729014285714286
"576","4/27/10",0,11.8,1666,1585.8,0.952,NA,NA,NA,NA,NA,0.951860744297719
"577","5/10/10",0,11,1401,1303.7,0.931,NA,NA,NA,NA,NA,0.930549607423269
"578","5/24/10",0,10.5,645,525.31,0.814,NA,NA,NA,NA,NA,0.814434108527132
"579","6/8/10",0,8.7,NA,NA,NA,NA,NA,NA,NA,NA,NA
"580","6/21/10",0,9.1,983,862.5,0.878,NA,NA,NA,NA,NA,0.877416073245168
"581","6/21/10",0,NA,NA,NA,NA,NA,NA,NA,NA,NA,NA
"582","7/6/10",0,8.3,1327,1275,0.961,NA,NA,NA,NA,NA,0.960813865862849
"583","7/20/10",0,8.1,795,673.14,0.847,NA,NA,NA,NA,NA,0.846716981132075
"584","8/3/10",0,8.1,1855,1622.6,0.875,NA,NA,NA,NA,NA,0.874716981132075
"585","8/17/10",0,8.4,1593,1411.8,0.886,NA,NA,NA,NA,NA,0.886252354048964
"586","9/1/10",0,8.3,1215,1230.5,1.013,NA,NA,NA,NA,NA,1.01275720164609
"587","9/14/10",0,9,476,301.65,0.634,NA,NA,NA,NA,NA,0.633718487394958
"588","9/28/10",0,8.6,264,193.18,0.733,NA,NA,NA,NA,NA,0.731742424242424
"589","10/12/10",0,9.3,435,282.47,0.649,NA,NA,NA,NA,NA,0.649356321839081
"590","10/26/10",0,9.7,25,16.63,0.678,NA,NA,NA,NA,NA,0.6652
"591","11/11/10",0,10,577,334.85,0.581,NA,NA,NA,NA,NA,0.580329289428076
"592","1/18/11",0,13.6,422,5.12,0.012,16.9,31,10,"0.224",21,0.0121327014218009
"593","1/18/11",0,NA,NA,NA,NA,NA,NA,NA,NA,NA,NA
"594","2/14/11",0,13.6,1051,33.17,0.032,16.9,35,11,"0.216",24,0.0315604186489058
"595","3/21/11",0,13.4,134,50.13,0.374,1.4,43,7,"0.284",36,0.37410447761194
"596","5/3/11",0,10.6,1646,1154,0.651,NA,NA,NA,NA,NA,0.701093560145808
"597","5/16/11",0,10.9,1714,975.37,0.569,NA,NA,NA,NA,NA,0.569060676779463
"598","6/3/11",0,10,961,627.7,0.653,NA,NA,NA,NA,NA,0.653173777315297
"599","6/13/11",0,9,1736,938.11,0.541,NA,NA,NA,NA,NA,0.540385944700461
"600","6/28/11",0,9,1869,1029.9,0.551,NA,NA,NA,NA,NA,0.551043338683788
"601","7/11/11",0,8.2,598,326.24,0.546,NA,NA,NA,NA,NA,0.545551839464883
"602","7/26/11",0,8.3,1472,737.57,0.501,NA,NA,NA,NA,NA,0.501066576086957
"603","7/26/11",0,NA,NA,NA,NA,NA,NA,NA,NA,NA,NA
"604","8/8/11",0,8.3,1149,458.3,0.399,NA,NA,NA,NA,NA,0.398868581375109
"605","8/22/11",0,8.6,1624,906.22,0.558,NA,NA,NA,NA,NA,0.55801724137931
"606","9/6/11",0,8.6,1510,871.53,0.577,NA,NA,NA,NA,NA,0.577172185430464
"607","9/20/11",0,9.3,582,254.34,0.436,NA,NA,NA,NA,NA,0.43701030927835
"608","10/4/11",0,9.5,761,320.28,0.421,NA,NA,NA,NA,NA,0.420867279894875
"609","10/17/11",0,9.5,876,463.28,0.529,NA,NA,NA,NA,NA,0.528858447488584
"610","10/31/11",0,9,194,89.5,0.461,NA,NA,NA,NA,NA,0.461340206185567
"611","11/15/11",0,9.7,145,59.28,0.409,NA,NA,NA,NA,NA,0.408827586206897
"612","11/15/11",0,NA,NA,NA,NA,NA,NA,NA,NA,NA,NA
"613","1/12/12",0,13.3,318,9.47,0.03,9,29,1,"0.372",28,0.0297798742138365
"614","2/21/12",0,12.7,165,4.37,0.027,9.4,41,11,"0.285",30,0.0264848484848485
"615","2/21/12",0,NA,NA,NA,NA,NA,NA,NA,NA,NA,NA
"616","4/2/12",0,10.5,1153,1148.3,0.987,NA,NA,NA,NA,NA,0.9959236773634
"617","4/17/12",0,11.2,1673,1483.5,0.886,NA,NA,NA,NA,NA,0.886730424387328
"618","5/2/12",0,11.4,1916,1818.9,0.95,NA,NA,NA,NA,NA,0.949321503131524
"619","5/2/12",0,NA,NA,NA,NA,NA,NA,NA,NA,NA,NA
"620","5/16/12",0,10.1,1688,1587.7,0.941,NA,NA,NA,NA,NA,0.940580568720379
"621","5/31/12",0,9.5,1694,1598.6,0.941,NA,NA,NA,NA,NA,0.943683589138135
"622","6/14/12",0,8.9,113,85.45,0.759,NA,NA,NA,NA,NA,0.756194690265487
"623","6/27/12",0,8.7,1564,1121,0.717,NA,NA,NA,NA,NA,0.716751918158568
"624","7/12/12",0,8.4,1198,885.58,0.74,NA,NA,NA,NA,NA,0.739215358931553
"625","7/25/12",0,8.2,293,186.03,0.636,NA,NA,NA,NA,NA,0.634914675767918
"626","8/9/12",0,8.7,267,156.19,0.585,NA,NA,NA,NA,NA,0.58498127340824
"627","8/23/12",0,8.9,523,304.79,0.582,NA,NA,NA,NA,NA,0.582772466539197
"628","8/23/12",0,NA,NA,NA,NA,NA,NA,NA,NA,NA,NA
"629","9/5/12",0,8.8,86,35.32,0.413,NA,NA,NA,NA,NA,0.410697674418605
"630","9/17/12",0,9.1,333,196.98,0.591,NA,NA,NA,NA,NA,0.591531531531531
"631","10/4/12",0,9.2,523,282.43,0.54,NA,NA,NA,NA,NA,0.540019120458891
"632","10/19/12",0,9.1,208,185.99,0.894,NA,NA,NA,NA,NA,0.894182692307692
"633","10/31/12",0,9.5,183,131.98,0.72,NA,NA,NA,NA,NA,0.72120218579235
"634","11/12/12",0,9.9,129,81.46,0.631,NA,NA,NA,NA,NA,0.631472868217054
"635","1/14/13",0,13.9,399,102.18,0.256,0,21,1,"0.319",20,0.25609022556391
"636","2/25/13",0,12.3,353,3.25,0.009,21,45,16,"0.253",29,0.00920679886685552
"637","3/29/13",0,11.7,1382,89.37,0.065,7.2,59,24,"0.257",35,0.0646671490593343
"638","5/16/13",0,11,1476,1359.3,0.921,NA,NA,NA,NA,NA,0.920934959349593
"639","5/16/13",0,NA,NA,NA,NA,NA,NA,NA,NA,NA,NA
"640","5/29/13",0,10.6,NA,NA,NA,NA,NA,NA,NA,NA,NA
"641","6/11/13",0,9.8,981,830.08,0.847,NA,NA,NA,NA,NA,0.846156982670744
"642","6/25/13",0,8.9,1286,1010.2,0.785,NA,NA,NA,NA,NA,0.785536547433904
"643","7/8/13",0,8.6,1528,1195.8,0.783,NA,NA,NA,NA,NA,0.782591623036649
"644","7/23/13",0,8.3,NA,NA,NA,NA,NA,NA,NA,NA,NA
"645","8/5/13",0,9,369,227.94,0.618,NA,NA,NA,NA,NA,0.617723577235772
"646","8/21/13",0,8.7,907,612.2,0.675,NA,NA,NA,NA,NA,0.67497243660419
"647","9/4/13",0,8.6,1493,1064.1,0.713,NA,NA,NA,NA,NA,0.712726054922974
"648","9/4/13",0,NA,NA,NA,NA,NA,NA,NA,NA,NA,NA
"649","9/16/13",0,9.1,NA,NA,NA,NA,NA,NA,NA,NA,NA
"650","10/2/13",0,9.5,988,646.61,0.654,NA,NA,NA,NA,NA,0.654463562753036
"651","10/15/13",0,9.8,NA,NA,NA,NA,NA,NA,NA,NA,NA
"652","10/29/13",0,10.1,127,71.02,0.56,NA,NA,NA,NA,NA,0.559212598425197
"653","11/13/13",0,9.9,615,332.8,0.541,NA,NA,NA,NA,NA,0.541138211382114
"654","1/30/14",0,12.7,315,0.49,0.002,32.1,38,7,"0.225",31,0.00155555555555556
"655","1/30/14",0,NA,NA,NA,NA,NA,NA,NA,NA,NA,NA
"656","2/17/14",0,12.1,331,1.26,0.004,22,50,32,"0.263",18,0.00380664652567976
"657","3/24/14",0,11.6,1788,7.79,0.004,10.8,72,45,"0.166",27,0.00435682326621924
"658","5/19/14",0,12,1208,787.91,0.652,NA,NA,NA,NA,NA,0.652243377483444
"659","6/17/14",0,9.2,1387,1243.2,0.896,NA,NA,NA,NA,NA,0.896322999279019
"660","7/1/14",0,8.6,384,299.92,0.781,NA,NA,NA,NA,NA,0.781041666666667
"661","7/1/14",0,NA,NA,NA,NA,NA,NA,NA,NA,NA,NA
"662","7/14/14",0,8.8,2151,1607.1,0.747,NA,NA,NA,NA,NA,0.747140864714086
"663","7/28/14",0,8.6,1104,960.1,0.87,NA,NA,NA,NA,NA,0.869655797101449
"664","8/12/14",0,8.5,1714,1394,0.813,NA,NA,NA,NA,NA,0.813302217036173
"665","8/25/14",0,8.6,937,643.28,0.686,NA,NA,NA,NA,NA,0.686531483457844
"666","8/25/14",0,NA,NA,NA,NA,NA,NA,NA,NA,NA,NA
"667","9/8/14",0,9,1341,1099.4,0.82,NA,NA,NA,NA,NA,0.819835943325876
"668","9/22/14",0,9.6,1493,1261.1,0.844,NA,NA,NA,NA,NA,0.844675150703282
"669","10/8/14",0,10,1320,899.62,0.681,NA,NA,NA,NA,NA,0.681530303030303
"670","10/21/14",0,10.2,659,478.65,0.727,NA,NA,NA,NA,NA,0.726327769347496
"671","11/10/14",0,9.5,74,38.34,0.517,NA,NA,NA,NA,NA,0.518108108108108
"672","1/14/15",0,11.6,290,3.54,0.012201,NA,NA,NA,NA,NA,0.0122068965517241
"673","1/14/15",0,NA,NA,NA,NA,NA,NA,NA,NA,NA,NA
"674","2/24/15",0,11.5,588,3.08,0.005228,NA,NA,NA,NA,NA,0.00523809523809524
"675","3/24/15",0,10.4,1607,499.4,0.31081,NA,NA,NA,NA,NA,0.310765401369011
"676","4/23/15",0,10.8,1741,1311.8,0.75393,NA,NA,NA,NA,NA,0.753475014359563
"677","5/5/15",0,11.2,1852,1552.6,0.83845,NA,NA,NA,NA,NA,0.838336933045356
"678","5/18/15",0,10.2,593,381.13,0.64297,NA,NA,NA,NA,NA,0.642715008431703
"679","6/1/15",0,9.6,1629,1289.9,0.79179,NA,NA,NA,NA,NA,0.791835481890731
"680","6/17/15",0,9.2,261,165.99,0.63531,NA,NA,NA,NA,NA,0.635977011494253
"681","6/29/15",0,9,1517,1186.9,0.78378,NA,NA,NA,NA,NA,0.782399472643375
"682","7/15/15",0,8.5,1751,1292.5,0.73891,NA,NA,NA,NA,NA,0.738149628783552
"683","7/28/15",0,8.3,502,325.43,0.64831,NA,NA,NA,NA,NA,0.648266932270916
"684","8/11/15",0,8.5,1776,1236.3,0.6985,NA,NA,NA,NA,NA,0.696114864864865
"685","8/11/15",0,NA,NA,NA,NA,NA,NA,NA,NA,NA,NA
"686","8/24/15",0,8.9,1162,657.98,0.56529,NA,NA,NA,NA,NA,0.566247848537005
"687","9/8/15",0,8.5,146,88.47,0.6057,NA,NA,NA,NA,NA,0.605958904109589
"688","9/23/15",0,9,809,566.17,0.70071,NA,NA,NA,NA,NA,0.699839307787392
"689","10/7/15",0,9.4,NA,NA,NA,NA,NA,NA,NA,NA,NA
"690","10/7/15",0,NA,NA,NA,NA,NA,NA,NA,NA,NA,NA
"691","10/21/15",0,9.8,1395,856.94,0.614,NA,NA,NA,NA,NA,0.614293906810036
"692","11/17/15",0,9.5,75,45.41,0.60313,NA,NA,NA,NA,NA,0.605466666666667
"693","11/17/15",0,NA,NA,NA,NA,NA,NA,NA,NA,NA,NA
"694","1/21/16",0,14.1,266,21.01,0.079049,NA,NA,NA,NA,NA,0.078984962406015
"695","3/7/16",0,14.7,962,268.95,0.27971,NA,NA,NA,NA,NA,0.279573804573805
"696","3/7/16",0,NA,NA,NA,NA,NA,NA,NA,NA,NA,NA
"697","4/26/16",0,11.9,1509,1028.7,0.68263,NA,NA,NA,NA,NA,0.681709741550696
"698","5/10/16",0,11.3,273,175.3,0.64255,NA,NA,NA,NA,NA,0.642124542124542
"699","5/24/16",0,9.8,211,120.73,0.57209,NA,NA,NA,NA,NA,0.57218009478673
"700","6/6/16",0,9.1,255,135.15,0.52917,NA,NA,NA,NA,NA,0.53
"701","6/20/16",0,8.5,1466,1128.1,0.76979,NA,NA,NA,NA,NA,0.769508867667121
"702","7/6/16",0,8.4,1912,1378.5,0.72086,NA,NA,NA,NA,NA,0.72097280334728
"703","7/21/16",0,8.2,1546,1030,0.66658,NA,NA,NA,NA,NA,0.666235446313066
"704","8/2/16",0,8.3,674,398.95,0.59203,NA,NA,NA,NA,NA,0.591913946587537
"705","8/18/16",0,8.3,1372,1027.8,0.74903,NA,NA,NA,NA,NA,0.749125364431487
"706","8/30/16",0,8.5,531,323.37,0.60855,NA,NA,NA,NA,NA,0.608983050847458
"707","9/12/16",0,8.7,1574,1085.2,0.68936,NA,NA,NA,NA,NA,0.689453621346887
"708","9/28/16",0,9.2,319,122.22,0.38362,NA,NA,NA,NA,NA,0.383134796238245
"709","10/12/16",0,9.7,120,62.52,0.52015,NA,NA,NA,NA,NA,0.521
"710","10/24/16",0,9.9,1178,664.55,0.56425,NA,NA,NA,NA,NA,0.564134125636672
"711","11/16/16",0,9.7,458,64.51,0.14055,NA,NA,NA,NA,NA,0.14085152838428
"712","11/16/16",0,NA,NA,NA,NA,NA,NA,NA,NA,NA,NA
"713","1/17/17",0,11.9,NA,NA,NA,NA,NA,NA,NA,NA,NA
"714","2/22/17",0,12.8,NA,NA,NA,NA,NA,NA,NA,NA,NA
"715","3/27/17",0,10.7,NA,NA,NA,NA,NA,NA,NA,NA,NA
"716","4/17/17",0,11.8,NA,NA,NA,NA,NA,NA,NA,NA,NA
"717","5/2/17",0,11.2,NA,NA,NA,NA,NA,NA,NA,NA,NA
"718","5/17/17",0,10.3,NA,NA,NA,NA,NA,NA,NA,NA,NA
"719","5/31/17",0,10.2,NA,NA,NA,NA,NA,NA,NA,NA,NA
"720","6/12/17",0,8.7,NA,NA,NA,NA,NA,NA,NA,NA,NA
"721","6/28/17",0,8.7,NA,NA,NA,NA,NA,NA,NA,NA,NA
"722","7/10/17",0,8.7,NA,NA,NA,NA,NA,NA,NA,NA,NA
"723","7/25/17",0,8.4,NA,NA,NA,NA,NA,NA,NA,NA,NA
"724","8/9/17",0,8.5,NA,NA,NA,NA,NA,NA,NA,NA,NA
"725","8/21/17",0,8.5,NA,NA,NA,NA,NA,NA,NA,NA,NA
"726","9/5/17",0,8.9,NA,NA,NA,NA,NA,NA,NA,NA,NA
"727","9/19/17",0,9,NA,NA,NA,NA,NA,NA,NA,NA,NA
"728","10/2/17",0,9.1,NA,NA,NA,NA,NA,NA,NA,NA,NA
"729","10/17/17",0,9.5,NA,NA,NA,NA,NA,NA,NA,NA,NA
"730","11/13/17",0,9.3,NA,NA,NA,NA,NA,NA,NA,NA,NA
"731","1/15/18",0,13.2,NA,NA,NA,NA,NA,NA,NA,NA,NA
"732","2/22/18",0,14,NA,NA,NA,NA,NA,NA,NA,NA,NA
"733","3/26/18",0,14,NA,NA,NA,NA,NA,NA,NA,NA,NA
"734","5/15/18",0,11.4,NA,NA,NA,NA,NA,NA,NA,NA,NA
"735","5/30/18",0,8.7,NA,NA,NA,NA,NA,NA,NA,NA,NA
"736","6/11/18",0,9.2,NA,NA,NA,NA,NA,NA,NA,NA,NA
"737","6/27/18",0,8.7,NA,NA,NA,NA,NA,NA,NA,NA,NA
"738","7/11/18",0,8.3,NA,NA,NA,NA,NA,NA,NA,NA,NA
"739","7/25/18",0,8.5,NA,NA,NA,NA,NA,NA,NA,NA,NA
"740","8/7/18",0,8.7,NA,NA,NA,NA,NA,NA,NA,NA,NA
"741","8/22/18",0,8.5,NA,NA,NA,NA,NA,NA,NA,NA,NA
"742","9/5/18",0,8.8,NA,NA,NA,NA,NA,NA,NA,NA,NA
"743","9/17/18",0,8.8,NA,NA,NA,NA,NA,NA,NA,NA,NA
"744","10/2/18",0,9.8,NA,NA,NA,NA,NA,NA,NA,NA,NA
"745","10/15/18",0,10.1,NA,NA,NA,NA,NA,NA,NA,NA,NA
"746","11/12/18",0,9.9,NA,NA,NA,NA,NA,NA,NA,NA,NA
