"","lakeid","sampledate","depth","deck","light","avsnow","totice","whiteice","blueice","surflite"
"1","AL","1/6/84",0,NA,NA,3.5,37.7,18.3,19.4,NA
"2","AL","1/7/85",0,310,260,NA,31.5,10.3,21.2,0.838709677419355
"3","AL","1/8/93",0,281,0.82,16.9,35.5,12.5,23,0.00291814946619217
"4","AL","1/10/94",0,NA,NA,18.2,30,5,25,NA
"5","AL","1/10/05",0,759,21.92,4.1,41,17,24,0.0288801054018445
"6","AL","1/10/06",0,NA,NA,18.3,31,6,25,NA
"7","AL","1/10/06",0,NA,NA,18.3,31,6,25,NA
"8","AL","1/11/88",0,415,54,18.9,21.5,15.5,6,0.130120481927711
"9","AL","1/11/89",0,265,0.96,22.9,38,0,38,0.00362264150943396
"10","AL","1/11/95",0,153,6.11,2.7,40,33.5,6.5,0.0399346405228758
"11","AL","1/14/04",0,652,0.12,18.3,41.5,6.5,35,0.000184049079754601
"12","AL","1/15/08",0,273,6.38,8.3,35,9,26,0.0233699633699634
"13","AL","1/15/08",0,NA,NA,8.3,35,9,26,NA
"14","AL","1/16/86",0,512,4.65,17.1,32,12,20,0.00908203125
"15","AL","1/16/86",0,NA,NA,17.1,32,12,20,NA
"16","AL","1/16/96",0,230,0.72,24.2,38,NA,NA,0.0031304347826087
"17","AL","1/16/96",0,NA,NA,24.2,38,NA,NA,NA
"18","AL","1/16/12",0,110,2.59,12.7,32,7,25,0.0235454545454545
"19","AL","1/16/12",0,NA,NA,12.7,32,7,25,NA
"20","AL","1/16/17",0,NA,NA,21.4,29,0,29,NA
"21","AL","1/17/83",0,NA,NA,28,34,7,27,NA
"22","AL","1/17/91",0,360,6.49,15.6,32,1,31,0.0180277777777778
"23","AL","1/17/91",0,NA,NA,15.6,32,1,31,NA
"24","AL","1/17/92",0,562,6.18,15.7,34,12,22,0.0109964412811388
"25","AL","1/17/14",0,482,2.57,25.8,36,12,24,0.00533195020746888
"26","AL","1/19/98",0,410,0,24.3,30,4,26,0
"27","AL","1/19/10",0,NA,NA,6.1,33,17,16,NA
"28","AL","1/19/11",0,394,5.03,15,37,7,30,0.0127664974619289
"29","AL","1/19/15",0,441,2.65,21.3,32,8,24,0.00600907029478458
"30","AL","1/20/87",0,293,8.5,6.5,40,8,32,0.0290102389078498
"31","AL","1/20/87",0,NA,NA,6.5,40,8,32,NA
"32","AL","1/20/97",0,440,6.65,11.6,46,26,20,0.0151136363636364
"33","AL","1/20/09",0,NA,NA,19.5,45,12,33,NA
"34","AL","1/21/99",0,501,0.34,20.5,27,2,25,0.000678642714570858
"35","AL","1/23/02",0,112,8.46,4.1,24,2,22,0.0755357142857143
"36","AL","1/23/02",0,NA,NA,4.1,24,2,22,NA
"37","AL","1/24/90",0,177,NA,31.8,40,1,39,NA
"38","AL","1/24/90",0,NA,NA,31.8,40,1,39,NA
"39","AL","1/24/03",0,493,16.98,1.7,56,0,56,0.0344421906693712
"40","AL","1/24/03",0,NA,NA,1.7,56,0,56,NA
"41","AL","1/24/07",0,611,14.3,7.7,32,7,25,0.0234042553191489
"42","AL","1/25/13",0,278,7.73,8.9,36,4,32,0.0278057553956835
"43","AL","1/25/13",0,NA,NA,8.9,36,4,32,NA
"44","AL","1/26/82",0,NA,NA,14.4,52.5,19.1,33.4,NA
"45","AL","1/26/00",0,848,6.69,14.3,31,6,25,0.00788915094339623
"46","AL","1/26/01",0,240,5.63,10.5,42,13,29,0.0234583333333333
"47","AL","1/26/01",0,NA,NA,10.5,42,13,29,NA
"48","AL","1/28/16",0,494,8.55,NA,24,4,20,0.0173076923076923
"49","AL","1/28/16",0,NA,NA,NA,24,4,20,NA
"50","AL","2/15/11",0,428,8.41,17.3,41,14,27,0.0196495327102804
"51","AL","2/16/10",0,NA,NA,14.9,46,15,31,NA
"52","AL","2/16/10",0,NA,NA,14.9,46,15,31,NA
"53","AL","2/18/83",0,NA,NA,28.2,36,5,31,NA
"54","AL","2/19/91",0,261,3.24,16,45,5,40,0.0124137931034483
"55","AL","2/19/04",0,399,0,27.1,54,10,44,0
"56","AL","2/20/96",0,NA,NA,18.9,57,41,16,NA
"57","AL","2/20/96",0,NA,NA,18.9,57,41,16,NA
"58","AL","2/20/17",0,NA,NA,0,44,10,34,NA
"59","AL","2/21/95",0,602,3.07,14.3,53,3,50,0.00509966777408638
"60","AL","2/21/95",0,NA,NA,14.3,53,3,50,NA
"61","AL","2/22/94",0,1149,416.1,0,44,9,35,0.362140992167102
"62","AL","2/23/82",0,NA,NA,12.6,59.8,18.6,41.2,NA
"63","AL","2/23/93",0,883,10.2,10,49,17,32,0.0115515288788222
"64","AL","2/23/05",0,1480,25.34,10.9,53,16,37,0.0171216216216216
"65","AL","2/23/07",0,1005,66.33,3.6,49,3,46,0.066
"66","AL","2/23/09",0,1099,33.15,5.4,61,15,46,0.0301637852593267
"67","AL","2/23/12",0,935,12.85,23.6,38,7,31,0.0137433155080214
"68","AL","2/24/87",0,290,2.34,15.4,47,6,41,0.00806896551724138
"69","AL","2/24/87",0,NA,NA,15.4,47,6,41,NA
"70","AL","2/24/98",0,188,65.72,0,42,18,24,0.349574468085106
"71","AL","2/24/00",0,407,24.33,10.6,38,10,28,0.0597788697788698
"72","AL","2/24/15",0,1243,17.36,7.2,54,22,32,0.0139662107803701
"73","AL","2/25/85",0,534,34.8,13.8,47,9,38,0.0651685393258427
"74","AL","2/25/99",0,664,3.52,14.5,49,22,27,0.00530120481927711
"75","AL","2/25/99",0,NA,NA,14.5,49,22,27,NA
"76","AL","2/25/13",0,674,2.27,34.7,50,2,48,0.00336795252225519
"77","AL","2/26/97",0,396,1.66,13.5,52,24,28,0.00419191919191919
"78","AL","2/26/03",0,810,10.27,11.7,67,2,65,0.012679012345679
"79","AL","2/27/90",0,1345,2.49,14.2,53,17,36,0.00185130111524164
"80","AL","2/27/06",0,890,7.99,19.7,49,26,23,0.00897752808988764
"81","AL","2/29/84",0,NA,NA,0.3,50,17,33,NA
"82","AL","2/29/84",0,NA,NA,0.3,50,17,33,NA
"83","AL","3/2/01",0,812,5.96,23.1,44,21,23,0.00733990147783251
"84","AL","3/3/86",0,560,1.03,22.6,48,24,24,0.00183928571428571
"85","AL","3/2/88",0,670,6.35,5.2,58,52,6,0.00947761194029851
"86","AL","3/3/08",0,988,17.88,16.9,51,13,38,0.0180971659919028
"87","AL","3/4/92",0,380,11.43,12.3,35,10,25,0.0300789473684211
"88","AL","3/5/02",0,1482,13.03,11.2,45,12,33,0.00879217273954116
"89","AL","3/5/02",0,NA,NA,11.2,45,12,33,NA
"90","AL","3/6/89",0,1175,2.13,27.8,55,11,44,0.00181276595744681
"91","AL","3/8/16",0,204,64.66,0,40,11,29,0.316960784313725
"92","AL","3/16/98",0,1369,31.41,8.4,37,15,22,0.0229437545653762
"93","AL","3/16/11",0,712,66.75,3.6,51,7,44,0.09375
"94","AL","3/16/11",0,NA,NA,3.6,51,7,44,NA
"95","AL","3/17/09",0,1116,429.5,0,60,12,48,0.384856630824373
"96","AL","3/18/14",0,100,6.54,7.2,73,32,41,0.0654
"97","AL","3/19/87",0,780,355,0,54,8,46,0.455128205128205
"98","AL","3/19/97",0,539,0,31.2,57,30,27,0
"99","AL","3/21/17",0,NA,NA,0.6,43,4,39,NA
"100","AL","3/21/88",0,1370,16.5,8.3,61,51,10,0.012043795620438
"101","AL","3/21/88",0,NA,NA,8.3,61,51,10,NA
"102","AL","3/22/10",0,1144,695.47,0,24,3,21,0.607928321678322
"103","AL","3/22/10",0,NA,NA,0,24,3,21,NA
"104","AL","3/23/83",0,NA,NA,9.8,36,11,25,NA
"105","AL","3/23/93",0,913,44.35,8.1,58.5,19.5,39,0.0485761226725082
"106","AL","3/23/99",0,1591,399.1,0.5,54,20,34,0.250848522941546
"107","AL","3/23/99",0,NA,NA,0.5,54,20,34,NA
"108","AL","3/23/15",0,1310,412.51,0,44,5,39,0.314893129770992
"109","AL","3/23/92",0,566,19.52,4.1,48,20,28,0.0344876325088339
"110","AL","3/25/91",0,1609,458.5,0,53,13,40,0.284959602237415
"111","AL","3/26/07",0,836,545.83,0,38,0,38,0.652906698564593
"112","AL","3/25/08",0,645,7.89,17.9,53,14,39,0.0122325581395349
"113","AL","3/25/08",0,NA,NA,17.9,53,14,39,NA
"114","AL","3/27/85",0,960,245,0.5,51,9,42,0.255208333333333
"115","AL","3/27/85",0,NA,NA,0.5,51,9,42,NA
"116","AL","3/27/89",0,410,117,NA,60.5,18,42.5,0.285365853658537
"117","AL","3/27/90",0,NA,NA,0,44,3,41,NA
"118","AL","3/27/90",0,NA,NA,0,44,3,41,NA
"119","AL","3/27/13",0,1228,29.81,14,66,25,41,0.0242752442996743
"120","AL","3/27/13",0,NA,NA,14,66,25,41,NA
"121","AL","3/27/14",0,178,0.46,9.5,78,46,32,0.00258426966292135
"122","AL","3/27/14",0,NA,NA,9.5,78,46,32,NA
"123","AL","3/28/06",0,1430,121.75,2.9,57,33,24,0.0851398601398601
"124","AL","3/28/06",0,NA,NA,2.9,57,33,24,NA
"125","AL","3/29/94",0,613,3.7,18.2,42,6,36,0.00603588907014682
"126","AL","3/31/86",0,1310,250,1.5,NA,NA,NA,0.190839694656489
"127","AL","3/31/04",0,1655,330.5,0.9,56,17,39,0.199697885196375
"128","AL","3/31/04",0,NA,NA,0.9,56,17,39,NA
"129","AL","4/1/05",0,189,30.8,1,49,10,39,0.162962962962963
"130","AL","4/1/05",0,NA,NA,1,49,10,39,NA
"131","AL","4/2/01",0,632,35.66,5.4,55,28,27,0.0564240506329114
"132","AL","4/3/84",0,NA,NA,1.5,56,21,35,NA
"133","AL","4/4/02",0,865,4.47,10,62,30,32,0.00516763005780347
"134","AL","4/5/82",0,NA,NA,3,62.3,31.2,31.1,NA
"135","AL","4/8/96",0,NA,NA,20.7,68,37,31,NA
"136","AL","4/8/96",0,NA,NA,20.7,68,37,31,NA
"137","AL","11/30/82",0,NA,NA,0,9.3,0,9.3,NA
"138","BM","1/6/93",0,742,26.25,18.7,23,0,23,0.035377358490566
"139","BM","1/8/86",0,315,3.9,16.6,33,10,23,0.0123809523809524
"140","BM","1/8/86",0,NA,NA,16.6,33,10,23,NA
"141","BM","1/9/85",0,369,28.6,4.8,32,1,31,0.0775067750677507
"142","BM","1/10/84",0,NA,NA,9.9,34.2,15.1,19.1,NA
"143","BM","1/11/94",0,488,6.94,16.4,29,0,29,0.0142213114754098
"144","BM","1/11/94",0,NA,NA,16.4,29,0,29,NA
"145","BM","1/11/95",0,145,9.81,2,36.5,0,36.5,0.0676551724137931
"146","BM","1/11/05",0,344,21.31,5,40,0,40,0.0619476744186046
"147","BM","1/11/05",0,NA,NA,5,40,0,40,NA
"148","BM","1/11/12",0,435,42.7,8.5,32,2,30,0.0981609195402299
"149","BM","1/12/83",0,NA,NA,23.7,33,4,29,NA
"150","BM","1/12/87",0,768,116,5.6,37,2,35,0.151041666666667
"151","BM","1/12/88",0,325,10.4,6.4,43,15,28,0.032
"152","BM","1/12/88",0,NA,NA,6.4,43,15,28,NA
"153","BM","1/13/92",0,NA,8.19,11.5,30,3,27,NA
"154","BM","1/13/92",0,NA,NA,11.5,30,3,27,NA
"155","BM","1/14/91",0,96,1.78,13.6,31,0,31,0.0185416666666667
"156","BM","1/14/11",0,365,8.85,10.3,37,3,34,0.0242465753424658
"157","BM","1/14/11",0,NA,NA,10.3,37,3,34,NA
"158","BM","1/15/97",0,NA,NA,9.6,45,32,13,NA
"159","BM","1/15/98",0,732,1.58,20.9,31,5,26,0.00215846994535519
"160","BM","1/15/98",0,NA,NA,20.9,31,5,26,NA
"161","BM","1/15/99",0,262,0,8.6,38,2,36,0
"162","BM","1/16/06",0,208,4.46,13.6,26,0,26,0.0214423076923077
"163","BM","1/16/08",0,320,5.27,10.2,36,10,26,0.01646875
"164","BM","1/17/89",0,350,6.55,18.5,35.2,0,35.2,0.0187142857142857
"165","BM","1/17/07",0,745,28.21,3.8,28,6,22,0.0378657718120805
"166","BM","1/18/01",0,468,8.11,24.6,24,0,24,0.0173290598290598
"167","BM","1/18/10",0,313,13.59,3.7,32,16,16,0.0434185303514377
"168","BM","1/18/13",0,259,13.61,6.7,33,3,30,0.0525482625482625
"169","BM","1/18/17",0,NA,NA,15.2,35,4,31,NA
"170","BM","1/21/09",0,NA,NA,20.2,43,10,33,NA
"171","BM","1/21/09",0,NA,NA,20.2,43,10,33,NA
"172","BM","1/21/15",0,507,4.59,23.9,28,1,27,0.00905325443786982
"173","BM","1/22/02",0,630,20.98,4.9,29,0,29,0.0333015873015873
"174","BM","1/22/16",0,385,10.73,13.2,18,0,18,0.0278701298701299
"175","BM","1/23/90",0,263,0.44,21.3,36,9.5,26.5,0.00167300380228137
"176","BM","1/24/00",0,957,2.52,20.2,39,2,37,0.00263322884012539
"177","BM","1/25/82",0,NA,NA,19.9,34.3,10,24.3,NA
"178","BM","1/26/04",0,367,2.61,14.3,49,8,41,0.00711171662125341
"179","BM","1/30/03",0,256,6.27,7,64,0,64,0.0244921875
"180","BM","1/30/14",0,174,0.99,31,44,4,40,0.00568965517241379
"181","BM","2/7/96",0,220,0.27,17.6,62,29,33,0.00122727272727273
"182","BM","2/12/10",0,1216,32.16,8.6,46,17,29,0.0264473684210526
"183","BM","2/16/11",0,911,86.56,12.5,40,3,37,0.0950164654226125
"184","BM","2/16/11",0,NA,NA,12.5,40,3,37,NA
"185","BM","2/17/83",0,NA,NA,19,40,11.1,28.9,NA
"186","BM","2/19/98",0,814,119.4,2,44,17,27,0.146683046683047
"187","BM","2/20/90",0,1282,7.04,9.9,51,17,34,0.00549141965678627
"188","BM","2/20/90",0,NA,NA,9.9,51,17,34,NA
"189","BM","2/20/97",0,328,3.89,13,58,35,23,0.011859756097561
"190","BM","2/20/12",0,740,14.06,15,45,8,37,0.019
"191","BM","2/21/91",0,948,13.42,9.3,50,2,48,0.0141561181434599
"192","BM","2/21/95",0,661,6.58,12.1,55,5,50,0.00995461422087746
"193","BM","2/21/95",0,NA,NA,12.1,55,5,50,NA
"194","BM","2/21/03",0,354,12.13,10.7,70,0,70,0.0342655367231638
"195","BM","2/21/06",0,1179,16.14,12.9,43,14,29,0.0136895674300254
"196","BM","2/21/17",0,NA,NA,0,42,6,36,NA
"197","BM","2/22/93",0,703,10.56,8.2,49,15,34,0.0150213371266003
"198","BM","2/22/13",0,253,1.28,28.5,45,1,44,0.00505928853754941
"199","BM","2/22/13",0,NA,NA,28.5,45,1,44,NA
"200","BM","2/23/84",0,NA,NA,NA,49,17,32,NA
"201","BM","2/23/96",0,335,1.5,15.2,63,30,33,0.00447761194029851
"202","BM","2/23/00",0,99,0,24.8,43,6,37,0
"203","BM","2/23/01",0,1159,6.94,20.6,42,7,35,0.00598792062122519
"204","BM","2/24/94",0,1076,494.3,1.4,42,0,42,0.459386617100372
"205","BM","2/24/99",0,339,0,21.8,40,7,33,0
"206","BM","2/24/05",0,1095,37.22,9.1,56,6,50,0.0339908675799087
"207","BM","2/24/09",0,872,32.61,4.1,57,7,50,0.0373967889908257
"208","BM","2/24/09",0,NA,NA,4.1,57,7,50,NA
"209","BM","2/25/82",0,NA,NA,10,61,22,39,NA
"210","BM","2/25/87",0,483,6.55,16.2,46,4,42,0.0135610766045549
"211","BM","2/25/87",0,NA,NA,16.2,46,4,42,NA
"212","BM","2/25/92",0,296,1.06,23.3,45,17,28,0.00358108108108108
"213","BM","2/26/85",0,310,46,13.3,48,1,47,0.148387096774194
"214","BM","2/26/85",0,NA,NA,13.3,48,1,47,NA
"215","BM","2/26/86",0,225,0.35,26.2,54,29,25,0.00155555555555556
"216","BM","2/26/86",0,NA,NA,26.2,54,29,25,NA
"217","BM","2/26/02",0,677,4.79,18.1,42,2,40,0.00707533234859675
"218","BM","2/26/08",0,580,6.6,18,57,17,40,0.0113793103448276
"219","BM","2/26/08",0,NA,NA,18,57,17,40,NA
"220","BM","2/27/07",0,533,5.6,12.9,57,10,47,0.0105065666041276
"221","BM","2/28/89",0,845,3.4,20.7,62,15,47,0.00402366863905325
"222","BM","3/1/88",0,340,5.5,8.4,67,54,13,0.0161764705882353
"223","BM","3/2/04",0,NA,NA,21,61,19,42,NA
"224","BM","3/3/15",0,744,3.81,10.2,62,18,44,0.00512096774193548
"225","BM","3/4/14",0,1620,5.7,23.3,59,26,33,0.00351851851851852
"226","BM","3/4/14",0,NA,NA,23.3,59,26,33,NA
"227","BM","3/4/16",0,888,120.95,1,46,11,35,0.136204954954955
"228","BM","3/4/16",0,NA,NA,1,46,11,35,NA
"229","BM","3/16/09",0,1225,511.45,0,56,7,49,0.417510204081633
"230","BM","3/19/98",0,1290,22.93,8.1,40,10,30,0.0177751937984496
"231","BM","3/19/98",0,NA,NA,8.1,40,10,30,NA
"232","BM","3/22/11",0,271,67.9,0,52,5,47,0.250553505535055
"233","BM","3/23/83",0,NA,NA,9.7,38,8,30,NA
"234","BM","3/23/95",0,1131,488,0.7,45,2,43,0.431476569407604
"235","BM","3/23/95",0,NA,NA,0.7,45,2,43,NA
"236","BM","3/24/87",0,1010,735,0,38,38,0,0.727722772277228
"237","BM","3/24/87",0,NA,NA,0,38,38,0,NA
"238","BM","3/24/93",0,1460,106.1,5,59,18,41,0.0726712328767123
"239","BM","3/24/93",0,NA,NA,5,59,18,41,NA
"240","BM","3/24/99",0,1570,119.7,0.5,57,17,40,0.0762420382165605
"241","BM","3/26/91",0,1365,639.5,0,51,4,47,0.468498168498168
"242","BM","3/26/15",0,647,19.88,6.8,49,4,45,0.030726429675425
"243","BM","3/27/85",0,490,252,0,53,6,47,0.514285714285714
"244","BM","3/26/08",0,1210,6.87,21.3,53,13,40,0.00567768595041322
"245","BM","3/27/14",0,377,1.67,11,68,28,40,0.00442970822281167
"246","BM","3/27/92",0,1341,152.9,1.4,51,14,37,0.114019388516033
"247","BM","3/27/92",0,NA,NA,1.4,51,14,37,NA
"248","BM","3/28/17",0,NA,NA,0,44,2,42,NA
"249","BM","3/29/90",0,NA,NA,0,43.5,7,36.5,NA
"250","BM","3/29/13",0,1303,36.17,6.8,70,18,52,0.0277590176515733
"251","BM","3/30/94",0,1240,8.5,14.5,43,0,43,0.00685483870967742
"252","BM","3/30/07",0,328,204.48,0,35,0,35,0.623414634146341
"253","BM","3/31/89",0,465,144,NA,65,13,52,0.309677419354839
"254","BM","4/1/86",0,1340,250,3.2,37,13,24,0.186567164179104
"255","BM","4/1/03",0,982,14.85,12.1,60,2,58,0.015122199592668
"256","BM","4/2/97",0,1581,381.1,9.6,52,27,25,0.241049968374447
"257","BM","4/4/05",0,858,593.08,0,54,4,50,0.691235431235431
"258","BM","4/4/05",0,NA,NA,0,54,4,50,NA
"259","BM","4/4/06",0,1464,615.1,0,41,13,28,0.420150273224044
"260","BM","4/4/84",0,NA,NA,2,55,6,49,NA
"261","BM","4/6/01",0,945,194.2,1,49,20,29,0.205502645502645
"262","BM","4/5/04",0,1602,547.8,0,50,10,40,0.341947565543071
"263","BM","4/7/82",0,NA,NA,3.7,55,13,42,NA
"264","BM","4/6/88",0,1230,1000,0,60,0,60,0.813008130081301
"265","BM","4/9/96",0,1487,8.22,26.2,75,37,38,0.00552790854068595
"266","BM","4/11/85",0,720,31,0,56,56,0,0.0430555555555556
"267","BM","4/16/02",0,1682,867,0,31,0,31,0.515457788347206
"268","CB","1/5/84",0,NA,NA,12.3,22.1,15.7,6.4,NA
"269","CB","1/5/84",0,NA,NA,12.3,22.1,15.7,6.4,NA
"270","CB","1/9/12",0,331,3.57,5,25,14,11,0.010785498489426
"271","CB","1/11/83",0,NA,NA,28.1,25.5,25.5,0,NA
"272","CB","1/12/95",0,330,16.06,4.9,34,6,28,0.0486666666666667
"273","CB","1/12/05",0,165,2.45,6.1,35,22,13,0.0148484848484849
"274","CB","1/12/06",0,523,5.61,6,25,13,12,0.0107265774378585
"275","CB","1/13/86",0,393,0.49,20.4,32,17,15,0.00124681933842239
"276","CB","1/13/97",0,NA,NA,15.9,42,30,12,NA
"277","CB","1/14/93",0,NA,NA,16.4,28,17,11,NA
"278","CB","1/14/10",0,66,0.34,12.1,24,21,3,0.00515151515151515
"279","CB","1/14/10",0,NA,NA,12.1,24,21,3,NA
"280","CB","1/15/85",0,196,4.1,10.1,28,6,22,0.0209183673469388
"281","CB","1/15/85",0,NA,NA,10.1,28,6,22,NA
"282","CB","1/15/91",0,338,1.63,20.2,23,0,23,0.00482248520710059
"283","CB","1/15/91",0,NA,NA,20.2,23,0,23,NA
"284","CB","1/15/92",0,752,3.15,14.4,29,5,24,0.00418882978723404
"285","CB","1/15/92",0,NA,NA,14.4,29,5,24,NA
"286","CB","1/16/01",0,NA,NA,23.5,21,13,8,NA
"287","CB","1/17/94",0,225,0,11.9,29,17,12,0
"288","CB","1/17/94",0,NA,NA,11.9,29,17,12,NA
"289","CB","1/17/96",0,NA,NA,27.2,31,31,0,NA
"290","CB","1/17/96",0,NA,NA,27.2,31,31,0,NA
"291","CB","1/17/17",0,NA,NA,17.9,24,16,8,NA
"292","CB","1/18/82",0,NA,NA,13.9,28.2,19.2,9,NA
"293","CB","1/18/90",0,364,1.49,8.5,26.5,20.5,6,0.00409340659340659
"294","CB","1/18/90",0,NA,NA,8.5,26.5,20.5,6,NA
"295","CB","1/19/89",0,142,0.13,16.5,38.5,22,16.5,0.000915492957746479
"296","CB","1/19/99",0,530,0,15.2,26,0,26,0
"297","CB","1/19/99",0,NA,NA,15.2,26,0,26,NA
"298","CB","1/20/87",0,700,8.5,15,22,17,5,0.0121428571428571
"299","CB","1/20/87",0,NA,NA,15,22,17,5,NA
"300","CB","1/20/88",0,NA,NA,23.1,24,20,4,NA
"301","CB","1/20/88",0,NA,NA,23.1,24,20,4,NA
"302","CB","1/20/98",0,481,0,20,27,6,21,0
"303","CB","1/20/98",0,NA,NA,20,27,6,21,NA
"304","CB","1/21/04",0,387,1.69,20.9,31,11,20,0.00436692506459948
"305","CB","1/21/04",0,NA,NA,20.9,31,11,20,NA
"306","CB","1/22/02",0,475,12.64,9.9,20,14,6,0.0266105263157895
"307","CB","1/22/02",0,NA,NA,9.9,20,14,6,NA
"308","CB","1/22/07",0,246,5.27,9,27,10,17,0.0214227642276423
"309","CB","1/22/09",0,NA,NA,17.9,33,17,16,NA
"310","CB","1/22/09",0,NA,NA,17.9,33,17,16,NA
"311","CB","1/23/15",0,252,0.3,18,28,13,15,0.00119047619047619
"312","CB","1/23/15",0,NA,NA,18,28,13,15,NA
"313","CB","1/25/11",0,298,1.21,18.4,32.5,13,19.5,0.00406040268456376
"314","CB","1/25/16",0,248,1.34,16.5,22,8,14,0.00540322580645161
"315","CB","1/28/00",0,927,2.04,17,28,18,10,0.00220064724919094
"316","CB","1/28/00",0,NA,NA,17,28,18,10,NA
"317","CB","1/28/08",0,325,1.04,14,33,15,18,0.0032
"318","CB","1/28/08",0,NA,NA,14,33,15,18,NA
"319","CB","1/28/13",0,296,0.65,22.4,30,7,23,0.00219594594594595
"320","CB","1/28/13",0,NA,NA,22.4,30,7,23,NA
"321","CB","2/3/03",0,243,1.63,27.3,41,41,0,0.00670781893004115
"322","CB","2/3/14",0,NA,NA,23.4,47,29,18,NA
"323","CB","2/3/14",0,NA,NA,23.4,47,29,18,NA
"324","CB","2/15/95",0,500,0.58,18.4,41.5,6,35.5,0.00116
"325","CB","2/15/95",0,NA,NA,18.4,41.5,6,35.5,NA
"326","CB","2/17/97",0,498,0,20.4,49,41,8,0
"327","CB","2/17/97",0,NA,NA,20.4,49,41,8,NA
"328","CB","2/17/09",0,769,9.93,5,42,20,22,0.0129128738621586
"329","CB","2/17/11",0,208,6.22,6.6,41,16,25,0.0299038461538462
"330","CB","2/17/11",0,NA,NA,6.6,41,16,25,NA
"331","CB","2/18/91",0,92,0.86,9.4,38,30,8,0.00934782608695652
"332","CB","2/18/91",0,NA,NA,9.4,38,30,8,NA
"333","CB","2/18/13",0,290,0.54,18.6,46,18,28,0.00186206896551724
"334","CB","2/18/13",0,NA,NA,18.6,46,18,28,NA
"335","CB","2/19/98",0,992,69.7,0.7,40,25,15,0.0702620967741936
"336","CB","2/19/98",0,NA,NA,0.7,40,25,15,NA
"337","CB","2/20/84",0,NA,NA,9.1,37,21,16,NA
"338","CB","2/20/84",0,NA,NA,9.1,37,21,16,NA
"339","CB","2/20/96",0,NA,NA,19.2,45,40,5,NA
"340","CB","2/20/03",0,698,4.52,16.2,43,5,38,0.0064756446991404
"341","CB","2/20/14",0,NA,NA,30.4,47,27,20,NA
"342","CB","2/21/89",0,912,1.11,13.6,42.8,26,16.8,0.00121710526315789
"343","CB","2/21/89",0,NA,NA,13.6,42.8,26,16.8,NA
"344","CB","2/21/07",0,1108,31.25,11,34,13,21,0.0282039711191336
"345","CB","2/22/82",0,NA,NA,6.7,43.4,17.5,25.9,NA
"346","CB","2/22/02",0,1215,2.3,21.6,26,14,12,0.00189300411522634
"347","CB","2/22/10",0,NA,NA,15.3,36,23,13,NA
"348","CB","2/22/12",0,104,0.21,13.4,35,24,11,0.00201923076923077
"349","CB","2/22/12",0,NA,NA,13.4,35,24,11,NA
"350","CB","2/23/83",0,NA,NA,5,32.5,21,11.5,NA
"351","CB","2/23/83",0,NA,NA,5,32.5,21,11.5,NA
"352","CB","2/23/87",0,200,1.01,7.7,37,21,16,0.00505
"353","CB","2/23/94",0,336,11.31,1,35,15,20,0.0336607142857143
"354","CB","2/23/94",0,NA,NA,1,35,15,20,NA
"355","CB","2/23/00",0,422,3.37,2.3,41,17,24,0.00798578199052133
"356","CB","2/23/00",0,NA,NA,2.3,41,17,24,NA
"357","CB","2/23/06",0,384,2.79,17.2,37,27,10,0.007265625
"358","CB","2/23/06",0,NA,NA,17.2,37,27,10,NA
"359","CB","2/23/17",0,NA,NA,2.5,29,23,6,NA
"360","CB","2/24/16",0,214,2,9,32,23,9,0.00934579439252336
"361","CB","2/24/16",0,NA,NA,9,32,23,9,NA
"362","CB","2/25/86",0,1000,0.19,27.4,44,34,10,0.00019
"363","CB","2/25/86",0,NA,NA,27.4,44,34,10,NA
"364","CB","2/25/92",0,359,0,29,36,31,5,0
"365","CB","2/25/93",0,1178,0.63,8.9,44.5,32.5,12,0.000534804753820034
"366","CB","2/25/93",0,NA,NA,8.9,44.5,32.5,12,NA
"367","CB","2/25/99",0,453,0,15,40,40,0,0
"368","CB","2/25/99",0,NA,NA,15,40,40,0,NA
"369","CB","2/25/08",0,1202,1.9,20.9,42,24,18,0.00158069883527454
"370","CB","2/26/85",0,680,36,16.5,35,9,26,0.0529411764705882
"371","CB","2/26/85",0,NA,NA,16.5,35,9,26,NA
"372","CB","2/27/90",0,NA,NA,19.2,46,30,16,NA
"373","CB","2/27/90",0,NA,NA,19.2,46,30,16,NA
"374","CB","2/27/04",0,1182,2.76,7.8,53,29,24,0.00233502538071066
"375","CB","2/27/04",0,NA,NA,7.8,53,29,24,NA
"376","CB","2/28/05",0,NA,NA,25.2,45,19,26,NA
"377","CB","2/29/88",0,530,1.73,9.6,48,43.5,4.5,0.00326415094339623
"378","CB","2/29/88",0,NA,NA,9.6,48,43.5,4.5,NA
"379","CB","3/1/01",0,801,1.87,17,40,34,6,0.00233458177278402
"380","CB","3/6/15",0,994,0.56,28,30,24,6,0.000563380281690141
"381","CB","3/6/15",0,NA,NA,28,30,24,6,NA
"382","CB","3/17/98",0,788,12.81,9.1,31,20,11,0.016256345177665
"383","CB","3/17/98",0,NA,NA,9.1,31,20,11,NA
"384","CB","3/17/11",0,325,33.39,0,48,20,28,0.102738461538462
"385","CB","3/17/11",0,NA,NA,0,48,20,28,NA
"386","CB","3/18/09",0,1371,371.84,0,41,19,22,0.271218088986141
"387","CB","3/19/87",0,1320,309,0,41,41,0,0.234090909090909
"388","CB","3/19/87",0,NA,NA,0,41,41,0,NA
"389","CB","3/20/95",0,185,119.6,0,30,30,0,0.646486486486486
"390","CB","3/22/91",0,243,45.82,0,42,15,27,0.188559670781893
"391","CB","3/23/93",0,964,3.93,8.6,50,33,17,0.00407676348547718
"392","CB","3/23/93",0,NA,NA,8.6,50,33,17,NA
"393","CB","3/23/15",0,1559,385.02,0,25,19,6,0.246966003848621
"394","CB","3/23/88",0,470,6.45,4.1,46,41,5,0.0137234042553191
"395","CB","3/24/17",0,NA,NA,0,34,24,10,NA
"396","CB","3/25/83",0,NA,NA,10.3,32,22,10,NA
"397","CB","3/25/83",0,NA,NA,10.3,32,22,10,NA
"398","CB","3/24/08",0,1523,1.79,16.1,52,25,27,0.00117531188443861
"399","CB","3/24/08",0,NA,NA,16.1,52,25,27,NA
"400","CB","3/26/85",0,720,155,0.5,44,18,26,0.215277777777778
"401","CB","3/26/85",0,NA,NA,0.5,44,18,26,NA
"402","CB","3/25/92",0,1632,138.2,2.9,38,31,7,0.0846813725490196
"403","CB","3/27/06",0,1387,34.61,2.2,42,37,5,0.0249531362653208
"404","CB","3/27/06",0,NA,NA,2.2,42,37,5,NA
"405","CB","3/28/89",0,1150,32,NA,43,21.4,21.6,0.0278260869565217
"406","CB","3/28/89",0,NA,NA,NA,43,21.4,21.6,NA
"407","CB","3/28/90",0,NA,NA,0,30,17,13,NA
"408","CB","3/28/13",0,1236,3.01,9.5,59,29,30,0.00243527508090615
"409","CB","3/29/99",0,1410,118.9,0,40,27,13,0.0843262411347518
"410","CB","3/30/94",0,1450,26.93,13.4,32,10.5,21.5,0.0185724137931034
"411","CB","3/30/94",0,NA,NA,13.4,32,10.5,21.5,NA
"412","CB","3/31/05",0,620,106.61,1.8,39,12,27,0.171951612903226
"413","CB","3/31/05",0,NA,NA,1.8,39,12,27,NA
"414","CB","3/31/14",0,642,1.37,10.3,55,39,16,0.00213395638629284
"415","CB","4/1/03",0,900,137.6,6.7,31,29,2,0.152888888888889
"416","CB","4/1/03",0,NA,NA,6.7,31,29,2,NA
"417","CB","4/2/01",0,341,1.41,4.9,44,37,7,0.00413489736070381
"418","CB","4/2/02",0,490,1.37,7,52,45,7,0.00279591836734694
"419","CB","4/2/02",0,NA,NA,7,52,45,7,NA
"420","CB","4/7/82",0,NA,NA,5.9,41.5,32,9.5,NA
"421","CB","4/6/04",0,1544,553.4,0,30,13,17,0.358419689119171
"422","CB","4/6/04",0,NA,NA,0,30,13,17,NA
"423","CB","4/8/96",0,NA,NA,13.8,64,54,10,NA
"424","CB","4/8/96",0,NA,NA,13.8,64,54,10,NA
"425","CB","4/9/84",0,NA,NA,0,31,20,11,NA
"426","CB","4/9/84",0,NA,NA,0,31,20,11,NA
"427","CB","4/10/97",0,1167,76.8,0,39,39,0,0.0658097686375321
"428","CB","11/12/85",0,116,100,0,3,0,3,0.862068965517241
"429","CB","11/12/85",0,NA,NA,0,3,0,3,NA
"430","CB","11/16/83",0,NA,NA,NA,3,NA,NA,NA
"431","CB","11/16/83",0,NA,NA,NA,3,NA,NA,NA
"432","CB","12/1/82",0,NA,NA,0,11,0,11,NA
"433","CR","1/5/84",0,NA,NA,13.8,22.8,3.1,19.7,NA
"434","CR","1/7/93",0,617,6.8,11.5,34.5,5.5,29,0.0110210696920583
"435","CR","1/9/06",0,313,4.76,20.2,25,1,24,0.0152076677316294
"436","CR","1/10/85",0,403,19,8,35,6,29,0.0471464019851117
"437","CR","1/10/85",0,NA,NA,8,35,6,29,NA
"438","CR","1/12/94",0,268,1.65,20.1,20,0,20,0.00615671641791045
"439","CR","1/12/11",0,450,12.13,11.5,36,6,30,0.0269555555555556
"440","CR","1/13/92",0,244,3.56,12.9,30,7,23,0.0145901639344262
"441","CR","1/13/95",0,71,17.05,1.7,32.5,1,31.5,0.240140845070423
"442","CR","1/13/95",0,NA,NA,1.7,32.5,1,31.5,NA
"443","CR","1/13/04",0,409,10.84,6.3,40,8,32,0.0265036674816626
"444","CR","1/13/05",0,281,9.67,4.6,34,2,32,0.0344128113879004
"445","CR","1/13/12",0,332,7.37,14.1,30,2,28,0.0221987951807229
"446","CR","1/13/12",0,NA,NA,14.1,30,2,28,NA
"447","CR","1/14/83",0,NA,NA,27.6,31,3,28,NA
"448","CR","1/14/87",0,490,35,6.1,27,3,24,0.0714285714285714
"449","CR","1/14/87",0,NA,NA,6.1,27,3,24,NA
"450","CR","1/14/91",0,227,6.35,11.7,36,3,33,0.0279735682819383
"451","CR","1/14/98",0,180,0,15.4,28,4,24,0
"452","CR","1/14/03",0,275,64.04,0.4,42,0,42,0.232872727272727
"453","CR","1/15/86",0,400,7.09,16.7,28,8,20,0.017725
"454","CR","1/15/90",0,1239,10.29,20.1,30,3,27,0.00830508474576271
"455","CR","1/15/02",0,188,6.33,3.7,19,0,19,0.0336702127659574
"456","CR","1/15/10",0,414,16.67,17.4,15,6,9,0.0402657004830918
"457","CR","1/15/10",0,NA,NA,17.4,15,6,9,NA
"458","CR","1/16/13",0,116,19.08,0,23,2,21,0.16448275862069
"459","CR","1/16/15",0,1087,3.08,28.5,22,8,14,0.00283348666053358
"460","CR","1/17/00",0,128,0,17.8,30,1,29,0
"461","CR","1/18/89",0,215,1.71,24.7,37.5,8,29.5,0.00795348837209302
"462","CR","1/18/17",0,NA,NA,15.4,28,7,21,NA
"463","CR","1/19/88",0,NA,NA,3.8,35,29.5,5.5,NA
"464","CR","1/19/88",0,NA,NA,3.8,35,29.5,5.5,NA
"465","CR","1/19/99",0,682,0,22,29,0,29,0
"466","CR","1/19/99",0,NA,NA,22,29,0,29,NA
"467","CR","1/19/01",0,758,5.11,25.3,19,0,19,0.00674142480211082
"468","CR","1/19/07",0,913,19.11,7.8,28,1,27,0.0209309967141292
"469","CR","1/21/09",0,NA,NA,17.2,43,10,33,NA
"470","CR","1/22/82",0,NA,NA,7.7,49.3,10,39.3,NA
"471","CR","1/23/96",0,418,0,23.3,34,6,28,0
"472","CR","1/23/97",0,818,25.26,5.3,43,27,16,0.030880195599022
"473","CR","1/29/08",0,145,3.91,15.2,31,10,21,0.0269655172413793
"474","CR","1/29/16",0,743,9.22,13.8,21,4,17,0.0124091520861373
"475","CR","2/4/14",0,723,2.92,34.6,35,7,28,0.0040387275242047
"476","CR","2/4/14",0,NA,NA,34.6,35,7,28,NA
"477","CR","2/13/95",0,406,5.39,8.7,45,2,43,0.0132758620689655
"478","CR","2/14/11",0,1161,17.68,16.1,39,9,30,0.0152282515073213
"479","CR","2/14/11",0,NA,NA,16.1,39,9,30,NA
"480","CR","2/16/98",0,249,28.23,4.5,40,17,23,0.113373493975904
"481","CR","2/16/05",0,869,25.91,5.7,49,7,42,0.0298158803222094
"482","CR","2/16/06",0,263,7.9,11.5,42,21,21,0.0300380228136882
"483","CR","2/16/17",0,NA,NA,9.8,40,12,28,NA
"484","CR","2/18/97",0,906,5.53,21.8,38,27,11,0.0061037527593819
"485","CR","2/19/90",0,882,2.1,12,49,19,30,0.00238095238095238
"486","CR","2/19/96",0,820,6.84,13.3,57,36,21,0.00834146341463415
"487","CR","2/20/89",0,960,3.2,14.2,43.3,7,36.3,0.00333333333333333
"488","CR","2/20/89",0,NA,NA,14.2,43.3,7,36.3,NA
"489","CR","2/20/01",0,599,9.1,11.3,37,16,21,0.0151919866444073
"490","CR","2/21/83",0,NA,NA,14.6,38.5,8,30.5,NA
"491","CR","2/21/91",0,251,4.88,9.2,45,4,41,0.0194422310756972
"492","CR","2/21/94",0,927,368.5,0,39,10,29,0.397518878101402
"493","CR","2/21/94",0,NA,NA,0,39,10,29,NA
"494","CR","2/21/00",0,992,7.84,27.3,37,9,28,0.00790322580645161
"495","CR","2/21/00",0,NA,NA,27.3,37,9,28,NA
"496","CR","2/22/99",0,1368,14.51,8,42,13,29,0.0106067251461988
"497","CR","2/22/07",0,930,97.09,4.6,42,3,39,0.104397849462366
"498","CR","2/23/93",0,880,9.88,12.6,49,14.5,34.5,0.0112272727272727
"499","CR","2/23/10",0,824,18.24,12,39,19,20,0.0221359223300971
"500","CR","2/24/92",0,612,7.02,25.1,36,7,29,0.0114705882352941
"501","CR","2/24/04",0,NA,0.69,46.6,42,7,35,NA
"502","CR","2/24/04",0,NA,NA,46.6,42,7,35,NA
"503","CR","2/24/12",0,169,2.56,12.7,41,10,31,0.0151479289940828
"504","CR","2/25/87",0,975,9.85,16.6,31,4,27,0.0101025641025641
"505","CR","2/25/09",0,372,24.77,4.7,54,14,40,0.0665860215053763
"506","CR","2/25/09",0,NA,NA,4.7,54,14,40,NA
"507","CR","2/25/16",0,544,26.3,2.4,35,15,20,0.0483455882352941
"508","CR","2/26/03",0,994,31.89,9.2,61,0,61,0.0320824949698189
"509","CR","2/26/13",0,416,2.65,25,41,10,31,0.00637019230769231
"510","CR","2/27/02",0,1254,6.73,18.4,33,0,33,0.00536682615629984
"511","CR","2/27/15",0,1080,16.58,9.4,37,20,17,0.0153518518518519
"512","CR","2/28/85",0,620,19,13.6,48,4,44,0.0306451612903226
"513","CR","3/1/82",0,NA,NA,11.6,59.8,12.9,46.9,NA
"514","CR","2/29/84",0,NA,NA,0.8,45,13,32,NA
"515","CR","2/29/84",0,NA,NA,0.8,45,13,32,NA
"516","CR","3/2/88",0,1300,13.3,9.4,55,47,8,0.0102307692307692
"517","CR","3/4/08",0,970,14.88,21.1,50,13,37,0.015340206185567
"518","CR","3/4/08",0,NA,NA,21.1,50,13,37,NA
"519","CR","3/13/14",0,423,11.25,0.9,73,43,30,0.0265957446808511
"520","CR","3/18/98",0,704,10.32,9.9,38,12,26,0.0146590909090909
"521","CR","3/18/98",0,NA,NA,9.9,38,12,26,NA
"522","CR","3/19/99",0,1026,240.1,3,50,12,38,0.23401559454191
"523","CR","3/21/11",0,206,56.24,1.7,51,8,43,0.273009708737864
"524","CR","3/23/95",0,1435,762,0.6,32,32,0,0.531010452961672
"525","CR","3/23/17",0,NA,NA,1.5,39,4,35,NA
"526","CR","3/24/93",0,1235,156.4,4.8,58,18,40,0.12663967611336
"527","CR","3/25/87",0,266,232,0,18,18,0,0.87218045112782
"528","CR","3/25/09",0,310,166.17,0,44,4,40,0.536032258064516
"529","CR","3/26/91",0,801,278,0,42,16,26,0.347066167290886
"530","CR","3/26/91",0,NA,NA,0,42,16,26,NA
"531","CR","3/26/13",0,481,9.5,11.2,61,31,30,0.0197505197505198
"532","CR","3/26/13",0,NA,NA,11.2,61,31,30,NA
"533","CR","3/26/15",0,570,15.39,7,38,9,29,0.027
"534","CR","3/26/15",0,NA,NA,7,38,9,29,NA
"535","CR","3/26/92",0,586,53.74,1.7,47,14,33,0.0917064846416382
"536","CR","3/28/85",0,1100,419,0,48,5,43,0.380909090909091
"537","CR","3/28/14",0,1182,4.15,19.8,62,30,32,0.00351099830795262
"538","CR","3/29/89",0,NA,NA,NA,49.5,9,40.5,NA
"539","CR","3/29/89",0,NA,NA,NA,49.5,9,40.5,NA
"540","CR","3/29/90",0,NA,NA,0,31,7,24,NA
"541","CR","3/29/07",0,508,330.68,0,24,0,24,0.650944881889764
"542","CR","3/30/83",0,NA,NA,12.3,39,7,32,NA
"543","CR","3/30/06",0,902,300.77,0,45,26,19,0.333447893569845
"544","CR","3/31/97",0,1571,117.1,1.2,55,37,18,0.0745385105028644
"545","CR","3/31/08",0,225,6.28,12.9,54,17,37,0.0279111111111111
"546","CR","3/31/08",0,NA,NA,12.9,54,17,37,NA
"547","CR","4/2/86",0,1000,480,0,28,5,23,0.48
"548","CR","4/1/04",0,1403,403,1.6,43,10,33,0.287241625089095
"549","CR","4/4/01",0,1679,422.3,0.7,47,22,25,0.251518761167362
"550","CR","4/4/03",0,315,6.64,8.3,56,8,48,0.0210793650793651
"551","CR","4/5/88",0,1080,395,0,48,4,44,0.365740740740741
"552","CR","4/6/94",0,1470,79.6,3.1,41,6,35,0.0541496598639456
"553","CR","4/6/05",0,116,75.03,0,41,0,41,0.646810344827586
"554","CR","4/8/82",0,NA,NA,4.6,67.9,13.1,54.8,NA
"555","CR","4/11/85",0,1530,75.2,0,53,53,0,0.0491503267973856
"556","CR","4/10/96",0,NA,NA,19.7,64,36,28,NA
"557","CR","4/12/84",0,NA,NA,0,38,38,0,NA
"558","CR","4/15/02",0,1317,500.9,0,40,12,28,0.380334092634776
"559","SP","1/6/84",0,NA,NA,2.7,36.2,11.8,24.4,NA
"560","SP","1/9/95",0,678,49.63,2.1,30,2,28,0.0732005899705015
"561","SP","1/11/85",0,273,13.9,8.8,28.7,3,25.7,0.0509157509157509
"562","SP","1/11/85",0,NA,NA,8.8,28.7,3,25.7,NA
"563","SP","1/12/89",0,NA,NA,18.3,33,0,33,NA
"564","SP","1/12/89",0,NA,NA,18.3,33,0,33,NA
"565","SP","1/12/94",0,283,18.98,6.8,30,10,20,0.0670671378091873
"566","SP","1/12/98",0,166,0,17.5,26,0,26,0
"567","SP","1/12/04",0,134,4.49,10,37,8,29,0.0335074626865672
"568","SP","1/12/04",0,NA,NA,10,37,8,29,NA
"569","SP","1/12/10",0,845,39.21,5.7,32,17,15,0.0464023668639053
"570","SP","1/12/12",0,318,9.47,9,29,1,28,0.0297798742138365
"571","SP","1/13/83",0,NA,NA,24,27,1,26,NA
"572","SP","1/13/93",0,294,0.05,19,36.5,6,30.5,0.000170068027210884
"573","SP","1/14/86",0,750,9.31,17.5,29,6,23,0.0124133333333333
"574","SP","1/14/87",0,580,35.1,3.5,24,0,24,0.0605172413793103
"575","SP","1/14/92",0,438,8.34,11.3,30,7,23,0.019041095890411
"576","SP","1/14/97",0,NA,NA,11,37,26,11,NA
"577","SP","1/14/13",0,399,102.18,0,21,1,20,0.25609022556391
"578","SP","1/14/15",0,290,3.54,24.1,23,10,13,0.0122068965517241
"579","SP","1/14/15",0,NA,NA,24.1,23,10,13,NA
"580","SP","1/15/03",0,NA,NA,1,45,0,45,NA
"581","SP","1/15/07",0,415,10.41,6.8,29,8,21,0.0250843373493976
"582","SP","1/16/91",0,211,5.04,8.8,38,5,33,0.0238862559241706
"583","SP","1/16/02",0,446,20.4,5.1,16.5,4,12.5,0.0457399103139013
"584","SP","1/17/90",0,122,1.54,15.9,36,NA,NA,0.0126229508196721
"585","SP","1/17/90",0,NA,NA,15.9,36,NA,NA,NA
"586","SP","1/17/06",0,179,4.07,12.5,29,6,23,0.0227374301675978
"587","SP","1/17/08",0,249,3.25,11.1,33,8,25,0.0130522088353414
"588","SP","1/17/08",0,NA,NA,11.1,33,8,25,NA
"589","SP","1/17/17",0,NA,NA,16.5,26,9,17,NA
"590","SP","1/18/99",0,220,0,22.9,26,0,26,0
"591","SP","1/18/00",0,826,4.8,18.9,27.5,0.5,27,0.00581113801452784
"592","SP","1/18/11",0,422,5.12,16.9,31,10,21,0.0121327014218009
"593","SP","1/18/11",0,NA,NA,16.9,31,10,21,NA
"594","SP","1/19/88",0,540,15.4,2.8,35,16,19,0.0285185185185185
"595","SP","1/19/05",0,347,6.59,11.2,43,0,43,0.0189913544668588
"596","SP","1/20/82",0,NA,NA,4.3,43,22.5,20.5,NA
"597","SP","1/20/09",0,NA,NA,17.8,45,6,39,NA
"598","SP","1/21/16",0,266,21.01,6.5,22,5,17,0.078984962406015
"599","SP","1/22/01",0,810,10.43,20.7,32,10,22,0.0128765432098765
"600","SP","1/24/96",0,539,15.29,11,51,22,29,0.0283673469387755
"601","SP","1/30/14",0,315,0.49,32.1,38,7,31,0.00155555555555556
"602","SP","1/30/14",0,NA,NA,32.1,38,7,31,NA
"603","SP","2/11/10",0,949,20.66,9.4,46,14,32,0.0217702845100105
"604","SP","2/11/10",0,NA,NA,9.4,46,14,32,NA
"605","SP","2/13/06",0,655,17.43,23.6,33,12,21,0.0266106870229008
"606","SP","2/13/06",0,NA,NA,23.6,33,12,21,NA
"607","SP","2/14/11",0,1051,33.17,16.9,35,11,24,0.0315604186489058
"608","SP","2/17/97",0,NA,NA,24.5,40,26,14,NA
"609","SP","2/17/14",0,331,1.26,22,50,32,18,0.00380664652567976
"610","SP","2/18/04",0,906,0,29.7,42,7,35,0
"611","SP","2/19/90",0,1143,7.7,15.9,51,10,41,0.00673665791776028
"612","SP","2/19/91",0,557,5.7,8.6,55,5,50,0.0102333931777379
"613","SP","2/20/95",0,199,0.07,15.5,42,1,41,0.000351758793969849
"614","SP","2/20/07",0,1138,25.11,8.7,42,5,37,0.0220650263620387
"615","SP","2/21/94",0,1134,452.1,0,39,6,33,0.398677248677249
"616","SP","2/21/94",0,NA,NA,0,39,6,33,NA
"617","SP","2/21/96",0,1096,7.72,11.7,53,26,27,0.00704379562043796
"618","SP","2/21/12",0,165,4.37,9.4,41,11,30,0.0264848484848485
"619","SP","2/21/12",0,NA,NA,9.4,41,11,30,NA
"620","SP","2/22/00",0,690,2.65,27.6,36,2,34,0.00384057971014493
"621","SP","2/22/17",0,NA,NA,0,32,9,23,NA
"622","SP","2/23/89",0,1060,23.5,7.9,58.5,17.5,41,0.0221698113207547
"623","SP","2/23/98",0,275,148,0,35,11,24,0.538181818181818
"624","SP","2/23/99",0,1262,9.66,9,41,14,27,0.00765451664025357
"625","SP","2/24/82",0,NA,NA,13.4,49.2,29.3,19.9,NA
"626","SP","2/24/83",0,NA,NA,1,29,1,28,NA
"627","SP","2/24/87",0,950,15.2,13.4,41,0,41,0.016
"628","SP","2/24/09",0,729,46.38,3.6,55,9,46,0.0636213991769547
"629","SP","2/24/15",0,588,3.08,12.2,43,20,23,0.00523809523809524
"630","SP","2/25/05",0,545,15.32,10,54,5,49,0.0281100917431193
"631","SP","2/25/13",0,353,3.25,21,45,16,29,0.00920679886685552
"632","SP","2/27/84",0,NA,NA,1,47.5,15,32.5,NA
"633","SP","2/27/84",0,NA,NA,1,47.5,15,32.5,NA
"634","SP","2/27/85",0,950,23.8,11.7,48,4,44,0.0250526315789474
"635","SP","2/27/86",0,1200,3.8,17.7,51,34,17,0.00316666666666667
"636","SP","2/27/86",0,NA,NA,17.7,51,34,17,NA
"637","SP","2/28/01",0,810,5.93,15.7,44,23,21,0.00732098765432099
"638","SP","2/28/01",0,NA,NA,15.7,44,23,21,NA
"639","SP","2/28/02",0,622,35.5,1.6,38,11,27,0.0570739549839228
"640","SP","2/29/88",0,850,12,10.4,54,51,3,0.0141176470588235
"641","SP","3/1/93",0,689,45.7,2.7,60.5,21.5,39,0.0663280116110305
"642","SP","3/1/93",0,NA,NA,2.7,60.5,21.5,39,NA
"643","SP","3/1/92",0,1355,8.7,22.5,41,7,34,0.00642066420664207
"644","SP","3/1/92",0,NA,NA,22.5,41,7,34,NA
"645","SP","3/3/08",0,1237,19.11,18.9,48,13,35,0.0154486661277284
"646","SP","3/3/08",0,NA,NA,18.9,48,13,35,NA
"647","SP","3/6/03",0,1236,13.97,17.5,61,0,61,0.0113025889967638
"648","SP","3/7/16",0,962,268.95,0.3,43,14,29,0.279573804573805
"649","SP","3/7/16",0,NA,NA,0.3,43,14,29,NA
"650","SP","3/18/98",0,297,2.02,8.5,37,8,29,0.0068013468013468
"651","SP","3/20/09",0,345,120.12,0,56,5,51,0.348173913043478
"652","SP","3/20/09",0,NA,NA,0,56,5,51,NA
"653","SP","3/21/11",0,134,50.13,1.4,43,7,36,0.37410447761194
"654","SP","3/22/93",0,1259,16.35,9.1,56,23,33,0.0129864972200159
"655","SP","3/24/87",0,1060,740,0,34,34,0,0.69811320754717
"656","SP","3/24/95",0,1113,435.6,1,34,0,34,0.391374663072776
"657","SP","3/24/99",0,1371,137.8,1,53,17,36,0.100510576221736
"658","SP","3/24/14",0,1788,7.79,10.8,72,45,27,0.00435682326621924
"659","SP","3/24/15",0,1607,499.4,0,38,12,26,0.310765401369011
"660","SP","3/25/91",0,775,NA,0,53,3,50,NA
"661","SP","3/25/97",0,602,0,31,44,31,13,0
"662","SP","3/26/85",0,132,54,0.5,56,12,44,0.409090909090909
"663","SP","3/27/17",0,NA,NA,0,31,1,30,NA
"664","SP","3/28/83",0,NA,NA,9.5,39,8,31,NA
"665","SP","3/28/90",0,NA,NA,0,39,4,35,NA
"666","SP","3/27/92",0,1399,264.9,0.4,52,10,42,0.189349535382416
"667","SP","3/28/94",0,744,4.57,15.5,44,0,44,0.00614247311827957
"668","SP","3/28/07",0,914,633.27,0,27,0,27,0.692855579868709
"669","SP","3/28/07",0,NA,NA,0,27,0,27,NA
"670","SP","3/27/08",0,913,9.52,16.1,50,6,44,0.0104271631982475
"671","SP","3/29/89",0,515,224,NA,50,5,45,0.43495145631068
"672","SP","3/29/89",0,NA,NA,NA,50,5,45,NA
"673","SP","3/29/13",0,1382,89.37,7.2,59,24,35,0.0646671490593343
"674","SP","3/31/06",0,522,209.78,0,41,21,20,0.401877394636015
"675","SP","3/31/06",0,NA,NA,0,41,21,20,NA
"676","SP","4/1/02",0,1647,10.42,15,54,21,33,0.00632665452337583
"677","SP","4/1/96",0,1504,1.21,18.2,70,32,38,0.000804521276595745
"678","SP","4/2/03",0,294,17.54,7.5,48,0,48,0.0596598639455782
"679","SP","4/2/03",0,NA,NA,7.5,48,0,48,NA
"680","SP","4/3/01",0,1178,126.8,2.2,45,32,13,0.107640067911715
"681","SP","4/5/82",0,NA,NA,4,51,24.7,26.3,NA
"682","SP","4/4/88",0,1360,545,0,58,9.5,48.5,0.400735294117647
"683","SP","4/4/88",0,NA,NA,0,58,9.5,48.5,NA
"684","SP","4/6/05",0,125,94.08,0,42,0,42,0.75264
"685","SP","4/7/04",0,937,417.4,0,39,6,33,0.445464247598719
"686","SP","4/10/84",0,NA,NA,0,44.5,5,39.5,NA
"687","SP","4/11/85",0,NA,NA,0,50,50,0,NA
"688","SP","5/2/08",NA,NA,NA,0,0,0,0,NA
"689","TB","1/3/84",0,NA,NA,8.1,35.3,13.2,22.1,NA
"690","TB","1/10/83",0,NA,NA,27.9,17,8,9,NA
"691","TB","1/10/86",0,350,0.59,19.2,25,10,15,0.00168571428571429
"692","TB","1/10/12",0,631,4.06,4.4,25,16,9,0.00643423137876387
"693","TB","1/12/95",0,312,3.51,6.3,31,3.5,27.5,0.01125
"694","TB","1/12/06",0,484,1.02,8.6,26,21,5,0.00210743801652893
"695","TB","1/14/88",0,NA,NA,15.6,23,15,8,NA
"696","TB","1/14/93",0,NA,NA,16.5,29.5,17,12.5,NA
"697","TB","1/14/93",0,NA,NA,16.5,29.5,17,12.5,NA
"698","TB","1/14/10",0,66,0.34,12,24,18,6,0.00515151515151515
"699","TB","1/15/85",0,200,8.6,14.8,26,6,20,0.043
"700","TB","1/15/85",0,NA,NA,14.8,26,6,20,NA
"701","TB","1/15/87",0,320,1.92,15.4,23,20,3,0.006
"702","TB","1/15/90",0,135,0.31,9.5,27.5,7.5,20,0.0022962962962963
"703","TB","1/15/92",0,490,0.54,14.9,26,14,12,0.00110204081632653
"704","TB","1/16/91",0,320,2.18,22,24,0,24,0.0068125
"705","TB","1/17/89",0,196,0.08,21.4,31,13.5,17.5,0.000408163265306122
"706","TB","1/17/89",0,NA,NA,21.4,31,13.5,17.5,NA
"707","TB","1/17/94",0,NA,NA,13.1,20,6,14,NA
"708","TB","1/17/96",0,267,0,24.8,28,5,23,0
"709","TB","1/17/02",0,NA,NA,11,17,0,17,NA
"710","TB","1/17/02",0,NA,NA,11,17,0,17,NA
"711","TB","1/19/98",0,244,0,24.4,21,6,15,0
"712","TB","1/19/98",0,NA,NA,24.4,21,6,15,NA
"713","TB","1/20/05",0,428,1.45,25,31,15,16,0.00338785046728972
"714","TB","1/20/15",0,328,0.47,19.1,30,25,5,0.00143292682926829
"715","TB","1/20/17",0,NA,NA,16.3,26,13,13,NA
"716","TB","1/21/97",0,662,0,18.3,44,29,15,0
"717","TB","1/21/04",0,498,0.27,22,32,11,21,0.000542168674698795
"718","TB","1/22/99",0,103,1.93,21.1,30,9,21,0.0187378640776699
"719","TB","1/22/09",0,NA,NA,26.2,32,18,14,NA
"720","TB","1/23/07",0,423,4.73,10.6,28,12,16,0.0111820330969267
"721","TB","1/24/01",0,366,0.69,13.5,23,9,14,0.00188524590163934
"722","TB","1/24/11",0,345,0.65,18.3,34,18,16,0.00188405797101449
"723","TB","1/24/14",0,223,0.06,32.1,30,10,20,0.000269058295964126
"724","TB","1/25/16",0,232,1.55,8.6,24,19,5,0.00668103448275862
"725","TB","1/25/16",0,NA,NA,8.6,24,19,5,NA
"726","TB","1/27/82",0,NA,NA,25.8,32.5,12.1,20.4,NA
"727","TB","1/27/00",0,719,5.49,16.1,27,12,15,0.0076356050069541
"728","TB","1/28/08",0,214,0.22,14.7,34,19,15,0.00102803738317757
"729","TB","1/28/13",0,457,0.66,28,25,2,23,0.00144420131291028
"730","TB","2/4/03",0,591,2.06,29.8,41,5,36,0.00348561759729272
"731","TB","2/14/95",0,674,1.23,16,36.5,5,31.5,0.00182492581602374
"732","TB","2/15/05",0,NA,NA,12.2,42,25,17,NA
"733","TB","2/15/11",0,499,1.33,19.9,36,18,18,0.00266533066132265
"734","TB","2/17/09",0,518,2.8,6.2,48,23,25,0.0054054054054054
"735","TB","2/17/09",0,NA,NA,6.2,48,23,25,NA
"736","TB","2/17/17",0,NA,NA,13.4,34,19,15,NA
"737","TB","2/18/97",0,865,0,16.2,55,39,16,0
"738","TB","2/18/97",0,NA,NA,16.2,55,39,16,NA
"739","TB","2/18/98",0,407,7.86,2.5,39,22,17,0.0193120393120393
"740","TB","2/18/13",0,560,1.36,10.4,41,20,21,0.00242857142857143
"741","TB","2/19/01",0,401,1.08,22.1,38,27,11,0.00269326683291771
"742","TB","2/19/04",0,368,0,16.6,50,28,22,0
"743","TB","2/19/04",0,NA,NA,16.6,50,28,22,NA
"744","TB","2/20/91",0,355,2.89,12.5,39,11,28,0.00814084507042253
"745","TB","2/20/91",0,NA,NA,12.5,39,11,28,NA
"746","TB","2/20/03",0,1194,8.31,20.6,42,5,37,0.00695979899497487
"747","TB","2/20/03",0,NA,NA,20.6,42,5,37,NA
"748","TB","2/20/12",0,670,1.17,9.8,35,25,10,0.00174626865671642
"749","TB","2/20/14",0,427,0.02,32,46,32,14,4.68384074941452e-05
"750","TB","2/21/96",0,828,0.02,15.3,50,7,43,2.41545893719807e-05
"751","TB","2/21/00",0,1031,0,28.4,21,14,7,0
"752","TB","2/21/07",0,1013,13.17,13.3,36,13,23,0.0130009871668312
"753","TB","2/22/83",0,NA,NA,0.5,31,15,16,NA
"754","TB","2/22/06",0,569,1.71,15.1,38,38,0,0.00300527240773286
"755","TB","2/22/10",0,NA,NA,18.8,33,17,16,NA
"756","TB","2/23/87",0,611,3.61,10.1,37,14,23,0.00590834697217676
"757","TB","2/24/93",0,1246,4.23,10.2,49,32,17,0.00339486356340289
"758","TB","2/24/93",0,NA,NA,10.2,49,32,17,NA
"759","TB","2/24/94",0,987,21.53,2.7,46,26,20,0.0218135764944276
"760","TB","2/24/99",0,559,0,16.4,44,44,0,0
"761","TB","2/24/16",0,385,0.44,6.5,33,25,8,0.00114285714285714
"762","TB","2/25/86",0,760,0.25,26,40,34,6,0.000328947368421053
"763","TB","2/25/08",0,644,0.22,22.2,42,23,19,0.000341614906832298
"764","TB","2/26/92",0,576,0,31,40,28,12,0
"765","TB","2/26/92",0,NA,NA,31,40,28,12,NA
"766","TB","2/27/85",0,780,9.67,5.4,31,7,24,0.0123974358974359
"767","TB","2/27/85",0,NA,NA,5.4,31,7,24,NA
"768","TB","2/28/84",0,NA,NA,2.3,46,22,24,NA
"769","TB","2/28/84",0,NA,NA,2.3,46,22,24,NA
"770","TB","2/28/90",0,NA,NA,22.2,50,30,20,NA
"771","TB","2/28/90",0,NA,NA,22.2,50,30,20,NA
"772","TB","3/1/88",0,186,0,9.4,44,33,11,0
"773","TB","3/3/82",0,NA,NA,9.1,39.3,32.7,6.59999999999999,NA
"774","TB","3/6/89",0,1020,0.06,33.8,46.2,24,22.2,5.88235294117647e-05
"775","TB","3/6/02",0,621,2.12,7.8,38,18,20,0.00341384863123994
"776","TB","3/6/02",0,NA,NA,7.8,38,18,20,NA
"777","TB","3/6/15",0,1392,0.57,31.1,32,27,5,0.00040948275862069
"778","TB","3/6/15",0,NA,NA,31.1,32,27,5,NA
"779","TB","3/16/98",0,1057,10.17,6.5,34,21,13,0.00962157048249764
"780","TB","3/16/98",0,NA,NA,6.5,34,21,13,NA
"781","TB","3/16/11",0,1007,4.71,11.3,48,23,25,0.0046772591857001
"782","TB","3/20/87",0,1070,172,0,35,17,18,0.160747663551402
"783","TB","3/20/95",0,208,82.3,2.8,36,31,5,0.395673076923077
"784","TB","3/20/95",0,NA,NA,2.8,36,31,5,NA
"785","TB","3/21/91",0,397,80.6,0,47,15,32,0.203022670025189
"786","TB","3/23/93",0,888,1.23,8.5,50.5,31.5,19,0.00138513513513514
"787","TB","3/23/93",0,NA,NA,8.5,50.5,31.5,19,NA
"788","TB","3/23/99",0,817,41.53,4.2,43,33,10,0.0508323133414933
"789","TB","3/24/83",0,NA,NA,10.1,30,8,22,NA
"790","TB","3/23/88",0,392,6.42,4.9,51,18,33,0.0163775510204082
"791","TB","3/23/92",0,1155,5.45,5.2,44,3,41,0.00471861471861472
"792","TB","3/24/97",0,835,0,24.4,57,57,0,0
"793","TB","3/24/97",0,NA,NA,24.4,57,57,0,NA
"794","TB","3/24/15",0,1425,325.98,0,25,20,5,0.228757894736842
"795","TB","3/24/15",0,NA,NA,0,25,20,5,NA
"796","TB","3/25/85",0,605,85,2.5,47,18,29,0.140495867768595
"797","TB","3/25/85",0,NA,NA,2.5,47,18,29,NA
"798","TB","3/25/09",0,274,49.64,0,42,24,18,0.181167883211679
"799","TB","3/27/89",0,500,17.6,NA,58.5,36.5,22,0.0352
"800","TB","3/27/90",0,NA,NA,0,41,24.5,16.5,NA
"801","TB","3/27/07",0,542,273.77,0,25,2,23,0.505110701107011
"802","TB","3/27/13",0,1267,1.74,7.6,60,36,24,0.0013733228097869
"803","TB","3/28/94",0,1340,12.12,11,36,17,19,0.00904477611940298
"804","TB","3/27/08",0,1390,1.07,12.3,53,35,18,0.000769784172661871
"805","TB","3/28/14",0,1997,0.12,21.1,60,42,18,6.00901352028042e-05
"806","TB","3/29/06",0,1506,38.69,0.5,47,47,0,0.0256905710491368
"807","TB","3/29/17",0,NA,NA,0,36,22,14,NA
"808","TB","3/29/04",0,548,10.34,3.9,54,28,26,0.0188686131386861
"809","TB","3/31/86",0,1500,53.9,0.8,28,22,6,0.0359333333333333
"810","TB","3/31/05",0,321,25.79,1.3,44,20,24,0.0803426791277259
"811","TB","4/2/03",0,442,33.1,1.6,40,2,38,0.0748868778280543
"812","TB","4/2/96",0,263,0,29.3,57,26,31,0
"813","TB","4/3/01",0,1242,3.61,3.9,47,39,8,0.00290660225442834
"814","TB","4/4/84",0,NA,NA,0,46,14,32,NA
"815","TB","4/6/82",0,NA,NA,8.2,52,41,11,NA
"816","TB","4/10/85",0,NA,NA,0,48,24,24,NA
"817","TB","4/12/02",0,1845,92.8,0,51,27,24,0.0502981029810298
"818","TB","4/12/02",0,NA,NA,0,51,27,24,NA
"819","TB","11/9/95",0,204,174.3,NA,2.5,0,2.5,0.854411764705882
"820","TB","11/9/95",0,NA,NA,NA,2.5,0,2.5,NA
"821","TB","11/14/83",0,82,54,NA,2,NA,NA,0.658536585365854
"822","TB","11/30/82",0,NA,NA,0.5,11,0,11,NA
"823","TR","1/8/85",0,490,400,4,25,5,20,0.816326530612245
"824","TR","1/9/84",0,NA,NA,1.4,35.6,13,22.6,NA
"825","TR","1/9/86",0,340,12.8,7.5,40,3,37,0.0376470588235294
"826","TR","1/10/83",0,NA,NA,15.8,21.2,0,21.2,NA
"827","TR","1/10/95",0,371,67.84,1.5,34.5,0,34.5,0.182857142857143
"828","TR","1/10/95",0,NA,NA,1.5,34.5,0,34.5,NA
"829","TR","1/12/93",0,293,2.4,14.6,28.5,2,26.5,0.00819112627986348
"830","TR","1/13/87",0,380,60,1.8,35,0,35,0.157894736842105
"831","TR","1/13/10",0,741,22.29,3.4,36,9,27,0.030080971659919
"832","TR","1/13/10",0,NA,NA,3.4,36,9,27,NA
"833","TR","1/13/11",0,336,7.05,9.3,34,0,34,0.0209821428571429
"834","TR","1/14/92",0,554,13.27,9,36,8,28,0.0239530685920578
"835","TR","1/15/91",0,432,13,8.1,31,0,31,0.0300925925925926
"836","TR","1/15/13",0,773,175.81,0,29,3,26,0.227438551099612
"837","TR","1/15/15",0,455,6.3,19.1,31,10,21,0.0138461538461538
"838","TR","1/16/89",0,380,0.67,20.2,27,0,27,0.00176315789473684
"839","TR","1/16/90",0,1088,24.92,1,41,10,31,0.0229044117647059
"840","TR","1/16/98",0,328,1.58,16.6,23,0,23,0.00481707317073171
"841","TR","1/16/03",0,940,402.6,1.9,45,0,45,0.428297872340426
"842","TR","1/16/12",0,342,83.73,0.6,22,1,21,0.244824561403509
"843","TR","1/16/14",0,482,0.94,17.2,40,0,40,0.00195020746887967
"844","TR","1/18/88",0,820,160,6.5,36,1,35,0.195121951219512
"845","TR","1/18/07",0,388,32.14,2.8,28,4,24,0.0828350515463918
"846","TR","1/19/82",0,NA,NA,3.5,48,5,43,NA
"847","TR","1/19/00",0,280,0.73,15.9,35,0,35,0.00260714285714286
"848","TR","1/19/09",0,NA,NA,19.5,39,4,35,NA
"849","TR","1/19/09",0,NA,NA,19.5,39,4,35,NA
"850","TR","1/19/17",0,NA,NA,11.3,29,0,29,NA
"851","TR","1/20/99",0,598,4.17,16.9,34,0,34,0.00697324414715719
"852","TR","1/20/06",0,387,7.95,10.8,24,10,14,0.0205426356589147
"853","TR","1/21/02",0,264,9.93,3.9,24,0,24,0.0376136363636364
"854","TR","1/21/02",0,NA,NA,3.9,24,0,24,NA
"855","TR","1/21/05",0,634,11.71,12.4,44,6,38,0.0184700315457413
"856","TR","1/24/97",0,287,0,27.6,31.5,13,18.5,0
"857","TR","1/25/01",0,941,18.61,8,32,16,16,0.0197768331562168
"858","TR","1/26/96",0,304,3.83,7.2,39,15,24,0.0125986842105263
"859","TR","1/27/94",0,290,4.28,16.5,35,0,35,0.0147586206896552
"860","TR","1/27/94",0,NA,NA,16.5,35,0,35,NA
"861","TR","1/27/04",0,404,3.72,16.8,45,8,37,0.00920792079207921
"862","TR","2/1/08",0,861,25.27,7,46,9,37,0.029349593495935
"863","TR","2/1/16",0,529,15.34,10.9,23,0,23,0.0289981096408318
"864","TR","2/1/16",0,NA,NA,10.9,23,0,23,NA
"865","TR","2/10/10",0,919,32.47,6.7,43,10,33,0.0353318824809576
"866","TR","2/13/17",0,NA,NA,8.6,43,5,38,NA
"867","TR","2/14/06",0,490,15.66,8.2,36,16,20,0.0319591836734694
"868","TR","2/16/83",0,NA,NA,7.7,42.7,18.5,24.2,NA
"869","TR","2/16/95",0,811,9.51,8,46,0,46,0.0117262638717633
"870","TR","2/16/04",0,991,0,22.4,46,8,38,0
"871","TR","2/16/09",0,569,80.91,1.7,49,7,42,0.14219683655536
"872","TR","2/16/09",0,NA,NA,1.7,49,7,42,NA
"873","TR","2/16/11",0,1075,66.01,12.3,44,3,41,0.0614046511627907
"874","TR","2/19/14",0,1296,1.3,37.3,45,5,40,0.00100308641975309
"875","TR","2/20/91",0,1420,24.54,9.6,48,0,48,0.0172816901408451
"876","TR","2/20/98",0,369,81.2,0,29,6,23,0.220054200542005
"877","TR","2/21/84",0,NA,NA,4.3,54,13,41,NA
"878","TR","2/21/89",0,1250,23.5,3.7,55,2,53,0.0188
"879","TR","2/21/90",0,417,1.27,16.9,48,15,33,0.00304556354916067
"880","TR","2/21/97",0,392,14.17,6,54,39,15,0.0361479591836735
"881","TR","2/21/13",0,1155,4.95,23.2,47,0,47,0.00428571428571429
"882","TR","2/22/96",0,682,8.79,13.4,57,20,37,0.0128885630498534
"883","TR","2/22/96",0,NA,NA,13.4,57,20,37,NA
"884","TR","2/22/12",0,457,16.15,10.9,37,1,36,0.0353391684901532
"885","TR","2/23/94",0,474,272.6,1,44,0,44,0.575105485232068
"886","TR","2/24/00",0,1273,55.88,17.8,40,0,40,0.0438963079340141
"887","TR","2/25/85",0,738,30,7.9,46,3,43,0.040650406504065
"888","TR","2/25/02",0,616,23.01,13.8,32,1,31,0.0373538961038961
"889","TR","2/26/87",0,1000,24.2,11.3,48,0,48,0.0242
"890","TR","2/26/87",0,NA,NA,11.3,48,0,48,NA
"891","TR","2/26/87",0,NA,NA,11.3,48,0,48,NA
"892","TR","2/26/99",0,957,7.82,8.9,47,17,30,0.00817136886102403
"893","TR","2/26/07",0,503,3.4,9.5,60,6,54,0.00675944333996024
"894","TR","2/27/01",0,1076,7.79,14.2,45,25,20,0.00723977695167286
"895","TR","2/27/08",0,707,8.9,13.4,53,6,47,0.0125884016973126
"896","TR","3/1/93",0,1256,39.19,3,62.5,10.5,52,0.0312022292993631
"897","TR","3/2/82",0,NA,NA,9.5,60,17,43,NA
"898","TR","3/2/15",0,1398,44.24,3.2,65,21,44,0.0316452074391989
"899","TR","3/2/15",0,NA,NA,3.2,65,21,44,NA
"900","TR","3/1/16",0,1540,85.33,0.2,43,8,35,0.0554090909090909
"901","TR","3/1/16",0,NA,NA,0.2,43,8,35,NA
"902","TR","3/3/05",0,1249,7.51,13.9,56,8,48,0.00601281024819856
"903","TR","3/4/86",0,1650,11.4,23.2,47,7,40,0.00690909090909091
"904","TR","3/3/88",0,1270,79.5,4.1,65,60,5,0.0625984251968504
"905","TR","3/3/88",0,NA,NA,4.1,65,60,5,NA
"906","TR","3/3/88",0,NA,NA,4.1,65,60,5,NA
"907","TR","3/4/92",0,850,32.38,15.2,42,6,36,0.0380941176470588
"908","TR","3/11/03",0,1455,19.44,19.6,62,0,62,0.013360824742268
"909","TR","3/17/11",0,548,272.8,0,52,6,46,0.497810218978102
"910","TR","3/20/98",0,1205,25.11,6.5,30,8,22,0.0208381742738589
"911","TR","3/21/95",0,770,32.15,5,38.5,38.5,0,0.0417532467532468
"912","TR","3/22/93",0,346,916,7.2,63,13,50,2.64739884393064
"913","TR","3/22/93",0,NA,NA,7.2,63,13,50,NA
"914","TR","3/22/17",0,NA,NA,0,44,3,41,NA
"915","TR","3/23/09",0,363,142.86,0,51,0,51,0.393553719008265
"916","TR","3/25/85",0,1470,155,3.7,58,15,43,0.105442176870748
"917","TR","3/26/87",0,435,305,0,35,35,0,0.701149425287356
"918","TR","3/25/92",0,1497,314.7,3.1,49,12,37,0.210220440881764
"919","TR","3/25/92",0,NA,NA,3.1,49,12,37,NA
"920","TR","3/26/99",0,1432,224,0.3,53,17,36,0.156424581005587
"921","TR","3/26/99",0,NA,NA,0.3,53,17,36,NA
"922","TR","3/26/14",0,1344,5.48,9.5,77,19,58,0.00407738095238095
"923","TR","3/26/14",0,NA,NA,9.5,77,19,58,NA
"924","TR","3/27/15",0,1919,89.36,4.7,49,4,45,0.0465659197498697
"925","TR","3/28/89",0,615,218,NA,61,8,53,0.354471544715447
"926","TR","3/28/13",0,964,14.91,8.3,61,15,46,0.0154668049792531
"927","TR","3/29/83",0,NA,NA,9.2,39,8,31,NA
"928","TR","3/29/07",0,796,469.82,0,41,0,41,0.590226130653266
"929","TR","3/29/07",0,NA,NA,0,41,0,41,NA
"930","TR","3/28/08",0,1227,30.84,8.2,61,8,53,0.0251344743276284
"931","TR","3/30/90",0,NA,NA,0,41,7,34,NA
"932","TR","3/30/04",0,417,130.9,0,52,12,40,0.313908872901679
"933","TR","4/1/91",0,1559,84.3,1.3,48,3,45,0.054073123797306
"934","TR","4/3/86",0,340,255,0,33,0,33,0.75
"935","TR","4/2/96",0,862,0.04,22.5,66,26,40,4.64037122969838e-05
"936","TR","4/3/02",0,849,9.35,12.3,61,23,38,0.0110129564193168
"937","TR","4/3/03",0,108,4.6,5.7,58,1,57,0.0425925925925926
"938","TR","4/4/94",0,404,8.31,7.7,44,4,40,0.0205693069306931
"939","TR","4/5/05",0,1364,980.97,0,43,3,40,0.719186217008798
"940","TR","4/5/06",0,1624,760.55,0,32,8,24,0.468318965517241
"941","TR","4/5/06",0,NA,NA,0,32,8,24,NA
"942","TR","4/6/82",0,NA,NA,2.2,62.5,11,51.5,NA
"943","TR","4/6/01",0,933,125.5,1,47,24,23,0.134512325830654
"944","TR","4/7/88",0,1160,525,0,46,46,0,0.452586206896552
"945","TR","4/9/97",0,1224,336.4,0.1,41,11,30,0.27483660130719
"946","TR","4/9/97",0,NA,NA,0.1,41,11,30,NA
"947","TR","4/11/84",0,NA,NA,0,50,4,46,NA
"948","TR","4/12/85",0,NA,NA,0,NA,NA,NA,NA
