lakeid,sampledate,yearfrac,wtemp,o2,o2sat,cond,frlight,chlor,phaeo,ph,phair,alk,dic,tic,doc,toc,no3no2,no2,nh4,totnf,totnuf,totpf,totpuf,drsif,brsif,brsiuf,tpm,cl,so4,ca,mg,na,k,fe,mn,no3no2_sloh,nh4_sloh,kjdl_n_sloh,totpuf_sloh,drp_sloh,drsif_sloh,year4frac
SP,6/4/1981,81.4220,12.16,,,,,,,,,,,,,,,,,,,,,,,,,,,,,,,,,,,,,,,1981.422
SP,6/16/1981,81.4550,13.34,,,,,,,,,,,,,,,,,,,,,,,,,,,,,,,,,,,,,,,1981.455
SP,6/30/1981,81.4930,14.48,,,,,,,,,,,,,,,,,,,,,,,,,,,,,,,,,,,,,,,1981.493
SP,7/16/1981,81.5370,15.89,,,,,,,,,,,,,,,,,,,,,,,,,,,,,,,,,,,,,,,1981.537
SP,7/27/1981,81.5670,15.63,,,,,,,,,,,,,,,,,,,,,,,,,,,,,,,,,,,,,,,1981.567
SP,8/11/1981,81.6080,16.15,,,,,,,,,,,,,,,,,,,,,,,,,,,,,,,,,,,,,,,1981.608
SP,8/25/1981,81.6470,16.34,,,,,,,,,,,,,,,,,,,,,,,,,,,,,,,,,,,,,,,1981.647
SP,9/15/1981,81.7040,15.19,,,,,,,,,,,,,,,,,,,,,,,,,,,,,,,,,,,,,,,1981.704
SP,9/22/1981,81.7230,13.84,,,,,,,,,,,,,,,,,,,,,,,,,,,,,,,,,,,,,,,1981.723
SP,10/19/1981,81.7970,9.82,,,,,,,,,,,,,,,,,,,,,,,,,,,,,,,,,,,,,,,1981.797
SP,12/2/1981,81.9180,3.43,,,,,,,,,,,,,,,,,,,,,,,,,,,,,,,,,,,,,,,1981.918
SP,1/20/1982,82.0548,2.46,11.55,89.61,69.43,,5.52,,7.12,,707.46,,,,,,,,,,,,,,,,,,,,,,,,,,,,,,1982.055
SP,2/24/1982,82.1507,2.61,9.27,72.16,72.60,,1.24,,6.99,,634.90,,,,,,,,,,,,,,,,,,,,,,,,,,,,,,1982.151
SP,4/5/1982,82.2603,2.61,8.35,64.74,74.92,,3.53,,6.94,,,,,,,,,,,,,,,,,,,,,,,,,,,,,,,,1982.260
SP,5/12/1982,82.3616,7.23,9.90,87.38,72.18,0.21,12.16,,7.29,,567.12,,,,,10.60,0.00,,,,,,3756.77,,,,2.59,3.31,8.69,2.53,1.55,0.56,,,,,,,,,1982.362
SP,5/27/1982,82.4027,10.66,8.50,81.30,74.19,0.20,10.82,,7.35,,,,,,,4.87,0.00,,,,,,3621.66,,,,,,,,,,,,,,,,,,1982.403
SP,6/10/1982,82.4411,11.23,7.88,76.22,,0.25,11.82,,7.40,,,,,,,0.00,0.00,,,,,,3607.61,,,,,,,,,,,,,,,,,,1982.441
SP,6/23/1982,82.4767,12.07,,,75.48,0.26,8.72,0.66,7.40,,,,,,,0.00,0.00,,,,,,3567.58,,,,,,,,,,,,,,,,,,1982.477
SP,7/8/1982,82.5178,14.61,,,73.78,,8.58,0.70,7.36,,,,,,,6.21,0.00,,,,,,3544.61,,,,,,,,,,,,,,,,,,1982.518
SP,7/20/1982,82.5507,15.73,10.33,110.06,,,6.58,0.73,7.94,,,,,,,0.00,0.00,12.65,,,,,3615.23,,,,,,,,,,,,,,,,,,1982.551
SP,8/2/1982,82.5863,15.55,9.58,102.45,76.15,,5.11,0.41,7.25,,,,,,,0.00,0.00,39.92,,,,,3522.99,,,,,,,,,,,,,,,,,,1982.586
SP,8/17/1982,82.6274,15.47,,,72.09,0.25,2.91,0.70,7.43,,588.58,,,,,0.00,0.00,8.36,,,4.88,,3479.54,,,,2.52,3.24,9.11,2.83,1.72,0.60,,,,,,,,,1982.627
SP,9/9/1982,82.6904,14.22,8.55,89.78,,0.24,2.93,1.00,7.25,,,,,,,0.00,0.00,14.06,,,,,3658.14,,,,,,,,,,,,,,,,,,1982.690
SP,9/20/1982,82.7205,13.25,7.66,78.97,,,5.76,0.27,7.22,,,,,,,1.10,0.00,17.96,,,,,3636.17,,,,,,,,,,,,,,,,,,1982.721
SP,10/7/1982,82.7671,12.38,8.46,85.47,,0.20,3.55,1.37,7.16,,,,,,,0.65,0.00,12.23,,,,,3639.42,,,,,,,,,,,,,,,,,,1982.767
SP,10/19/1982,82.8000,10.63,8.20,79.31,,0.21,3.42,0.96,7.10,,,,,,,3.82,0.00,28.08,,,,,3557.70,,,,,,,,,,,,,,,,,,1982.800
SP,11/10/1982,82.8603,5.40,9.55,80.19,73.42,0.14,4.08,0.25,7.17,,547.00,,,,,0.00,0.00,36.40,,,2.61,,3426.59,,,,2.70,3.17,8.69,2.46,1.72,0.54,,,,,,,,,1982.860
SP,12/2/1982,82.9205,3.45,10.76,85.89,74.00,0.12,2.59,0.06,7.27,,,,,,,,,,,,,,,,,,,,,,,,,,,,,,,,1982.921
SP,1/13/1983,83.0356,3.26,10.71,84.90,,,1.94,0.07,7.06,,,,,,,,0.00,72.32,,,,,3764.96,,,,,,,,,,,,,,,,,,1983.036
SP,2/24/1983,83.1507,3.09,9.03,71.19,77.28,,0.32,0.07,7.00,,511.21,,,,,126.17,0.00,73.38,,,4.53,,3915.30,,,,2.70,3.27,8.99,2.63,1.69,0.65,,,,,,,,,1983.151
SP,3/28/1983,83.2384,3.44,8.91,71.03,87.75,,1.48,2.91,6.92,,,,,,,63.06,,25.86,,,,,3794.21,,,,,,,,,,,,,,,,,,1983.238
SP,5/11/1983,83.3589,7.11,10.05,88.46,70.72,0.16,6.08,0.00,6.86,,561.82,,,,,63.79,,21.27,,,3.07,,3790.99,,,,2.58,3.28,8.68,2.53,1.57,0.63,,,,,,,,,1983.359
SP,5/25/1983,83.3973,9.31,10.27,95.92,70.07,0.16,9.22,0.61,7.24,,,,,,,23.90,,9.29,,,,,3599.38,,,,,,,,,,,,,,,,,,1983.397
SP,6/9/1983,83.4384,10.63,9.59,92.47,75.86,0.22,5.24,0.22,7.11,,,,,,,20.44,,9.95,,,,,3530.95,,,,,,,,,,,,,,,,,,1983.438
SP,6/21/1983,83.4712,13.68,9.31,95.95,75.20,0.27,4.21,3.26,7.26,,,,,,,12.25,,10.66,,,,,3586.70,,,,,,,,,,,,,,,,,,1983.471
SP,7/8/1983,83.5178,15.17,8.90,95.19,74.24,0.21,3.08,0.19,7.21,,,,,,,8.37,,21.74,,,,,,,,,,,,,,,,,,,,,,,1983.518
SP,7/21/1983,83.5534,16.80,9.09,100.71,71.88,0.27,2.90,0.51,7.29,,,,,,,7.50,,7.00,,,,,3330.49,,,,,,,,,,,,,,,,,,1983.553
SP,8/1/1983,83.5836,16.56,9.36,103.84,74.54,0.26,3.34,0.40,,,,,,,,,,,,,,,,,,,,,,,,,,,,,,,,,1983.584
SP,8/16/1983,83.6247,16.99,9.80,109.83,79.20,0.25,3.73,0.14,7.26,,527.23,,,,,0.91,,19.03,,,7.52,,3491.19,,,,2.72,3.09,8.71,2.66,1.65,0.60,,,,,,,,,1983.625
SP,9/6/1983,83.6822,17.15,7.31,82.53,75.54,,2.35,1.61,7.14,,,,,,,2.98,,27.72,,,,,3481.70,,,,,,,,,,,,,,,,,,1983.682
SP,9/27/1983,83.7397,13.16,7.51,77.95,74.14,0.23,1.75,2.02,7.13,,,,,,,0.00,,28.53,,,,,3749.98,,,,,,,,,,,,,,,,,,1983.740
SP,10/17/1983,83.7945,10.49,7.45,72.09,72.65,0.21,2.16,1.58,7.08,,,,,,,3.28,,32.03,,,,,3495.61,,,,,,,,,,,,,,,,,,1983.795
SP,11/2/1983,83.8384,8.95,7.83,72.26,75.47,0.16,2.64,2.01,,,,,,,,,,,,,,,,,,,,,,,,,,,,,,,,,1983.838
SP,11/15/1983,83.8740,6.09,8.16,69.76,75.00,0.11,3.03,0.19,7.23,,588.66,,,,,161.23,,36.40,,,8.53,,3588.25,,,,2.70,3.22,8.79,2.57,1.70,0.64,,,,,,,,,1983.874
SP,11/29/1983,83.9123,3.06,10.25,81.02,,0.14,4.79,0.10,,,,,,,,,,,,,,,,,,,,,,,,,,,,,,,,,1983.912
SP,1/6/1984,84.0164,2.73,10.36,80.90,77.40,,2.65,0.22,7.04,,,,,,,24.09,,118.64,,,,,3929.63,,,,,,,,,,,,,,,,,,1984.016
SP,2/27/1984,84.1585,3.05,9.60,75.45,78.80,,3.07,0.09,7.03,,637.80,,,,,52.05,,49.67,,,14.96,,3966.84,,,,2.74,3.32,9.19,2.73,1.70,0.66,,,,,,,,,1984.159
SP,4/10/1984,84.2760,3.95,9.83,79.57,78.36,,7.82,0.21,7.15,,,,,,,19.61,,27.10,,,,,2625.42,,,,,,,,,,,,,,,,,,1984.276
SP,4/26/1984,84.3197,6.20,10.62,91.23,74.41,,7.42,0.50,,,,,,,,9.83,,19.05,,,,,3489.68,,,,,,,,,,,,,,,,,,1984.320
SP,5/9/1984,84.3552,6.86,10.49,91.45,74.13,,9.98,0.15,7.33,,612.75,,,,,1.14,,17.45,,,10.74,,3404.12,,,,2.81,3.24,8.78,2.58,1.65,0.68,,,,,,,,,1984.355
SP,5/21/1984,84.3880,9.58,9.96,93.07,74.47,0.16,6.42,0.25,7.39,,,,,,,1.30,,41.15,,,,,3279.04,,,,,,,,,,,,,,,,,,1984.388
SP,6/4/1984,84.4262,11.47,10.19,99.51,74.39,0.24,5.26,0.33,7.41,,,,,,,1.83,,29.07,,,,,3805.92,,,,,,,,,,,,,,,,,,1984.426
SP,6/20/1984,84.4699,13.53,9.15,93.76,74.51,0.19,3.98,0.79,7.49,,,,,,,1.32,,41.06,,,,,3405.46,,,,,,,,,,,,,,,,,,1984.470
SP,7/5/1984,84.5109,14.65,8.17,86.13,75.69,0.42,2.06,0.24,7.38,,,,,,,3.39,,36.20,,,,,3426.74,,,,,,,,,,,,,,,,,,1984.511
SP,7/16/1984,84.5410,14.93,8.03,85.82,76.00,0.24,2.31,0.00,7.40,,,,,,,1.58,,35.14,,,,,3362.31,,,,,,,,,,,,,,,,,,1984.541
SP,7/31/1984,84.5820,15.62,8.43,91.31,76.88,0.22,3.03,0.06,7.35,,,,,,,0.40,,23.89,,,,,3400.52,,,,,,,,,,,,,,,,,,1984.582
SP,8/16/1984,84.6257,16.83,8.25,92.77,77.03,0.23,3.85,0.52,7.34,,589.37,,,,,0.00,,29.82,,,7.51,,3319.41,,,,2.78,3.12,9.48,2.79,1.66,0.61,,,,,,,,,1984.626
SP,9/5/1984,84.6803,15.20,8.24,89.06,76.26,0.23,2.94,1.15,7.32,,,,,,,0.55,,46.11,,,,,3360.00,,,,,,,,,,,,,,,,,,1984.680
SP,9/25/1984,84.7350,13.77,7.85,82.47,76.27,,2.40,0.90,7.25,,,,,,,1.43,,54.44,,,,,3317.58,,,,,,,,,,,,,,,,,,1984.735
SP,10/17/1984,84.7951,11.87,7.47,74.82,76.04,0.19,2.00,1.00,7.12,,,,,,,0.76,,29.48,,,,,3328.28,,,,,,,,,,,,,,,,,,1984.795
SP,11/7/1984,84.8525,6.70,9.15,79.47,76.00,0.15,1.77,0.35,7.22,,589.68,,,,,3.71,,50.91,,,9.59,,3383.03,,,,2.82,3.24,8.63,2.62,1.68,0.68,,,,,,,,,1984.853
SP,11/26/1984,84.9044,3.36,10.96,87.31,76.00,0.16,2.55,0.07,7.35,,,,,,,5.30,,69.25,,,,,3438.55,,,,,,,,,,,,,,,,,,1984.904
SP,1/11/1985,85.0301,2.43,10.76,83.35,80.81,0.24,1.25,0.11,7.08,,,,,,,41.07,,109.19,,,,,3876.97,,,,,,,,,,,,,,,,,,1985.030
SP,2/27/1985,85.1589,2.56,9.66,74.94,81.44,0.28,0.57,0.01,6.98,,644.42,,,,,81.01,,395.04,,,9.93,,4053.39,,,,2.89,3.46,9.55,2.80,1.71,0.72,,,,,,,,,1985.159
SP,3/26/1985,85.2329,2.83,10.05,78.55,83.20,0.28,0.77,0.10,7.03,,,,,,,89.34,,25.20,,,,,3824.16,,,,,,,,,,,,,,,,,,1985.233
SP,4/11/1985,85.2767,,,,,,1.59,0.03,,,,,,,,,,,,,,,,,,,,,,,,,,,,,,,,,1985.277
SP,4/29/1985,85.3260,6.01,11.21,95.87,73.76,0.19,4.45,0.04,7.17,,562.41,,,,,64.18,,22.06,,,5.69,,3825.79,,,,2.81,3.23,8.83,2.68,1.65,0.62,,,,,,,,,1985.326
SP,5/15/1985,85.3699,9.75,9.96,93.80,74.57,0.14,4.27,0.24,7.24,,,,,,,36.73,,30.13,,,,,3530.36,,,,,,,,,,,,,,,,,,1985.370
SP,5/29/1985,85.4082,10.73,9.81,94.42,73.86,0.16,2.63,0.28,7.21,,,,,,,33.38,,29.68,,,,,3454.31,,,,,,,,,,,,,,,,,,1985.408
SP,6/10/1985,85.4411,11.76,9.46,93.11,75.09,0.22,3.03,0.09,7.28,,,,,,,22.88,,29.49,,,,,3474.79,,,,,,,,,,,,,,,,,,1985.441
SP,6/25/1985,85.4822,12.39,9.07,91.01,75.23,0.22,3.03,0.21,7.14,,,,,,,23.76,,38.89,,,,,3343.26,,,,,,,,,,,,,,,,,,1985.482
SP,7/10/1985,85.5233,14.47,8.49,88.90,75.74,0.24,3.09,0.13,7.28,,,,,,,9.44,,11.35,,,,,3307.21,,,,,,,,,,,,,,,,,,1985.523
SP,7/22/1985,85.5562,15.08,9.04,95.49,75.74,0.22,3.36,0.32,7.26,,,,,,,9.58,,23.89,,,,,3251.96,,,,,,,,,,,,,,,,,,1985.556
SP,8/5/1985,85.5945,15.58,8.95,96.00,76.71,0.22,3.10,0.12,7.26,,,,,,,7.13,,21.42,,,,,3327.65,,,,,,,,,,,,,,,,,,1985.595
SP,8/19/1985,85.6329,14.64,8.65,91.24,75.26,0.20,3.36,0.76,7.30,,589.57,7.48,,3.35,,3.27,,41.35,,,5.09,,3309.76,,,,2.86,3.07,8.92,2.61,1.75,0.63,,,,,,,,,1985.633
SP,9/10/1985,85.6932,14.59,8.28,87.90,76.75,0.24,3.66,0.79,7.27,,,,,,,0.35,,32.70,,,,,3327.25,,,,,,,,,,,,,,,,,,1985.693
SP,9/30/1985,85.7479,11.73,8.01,79.93,75.98,0.30,3.95,0.75,7.21,,,,,,,0.11,,31.73,,,,,3272.82,,,,,,,,,,,,,,,,,,1985.748
SP,10/23/1985,85.8110,9.20,8.70,80.93,76.62,0.18,3.21,0.72,7.08,,,,,,,0.00,,35.30,,,,,3367.73,,,,,,,,,,,,,,,,,,1985.811
SP,11/11/1985,85.8630,6.11,10.06,86.04,75.49,0.13,3.65,0.18,7.19,,586.72,,,,,0.00,,18.49,,,9.55,,3388.73,,,,2.92,3.19,8.85,2.57,1.70,0.67,,,,,,,,,1985.863
SP,1/14/1986,86.0384,3.24,9.73,76.90,77.56,0.20,1.23,0.21,7.07,,,,,,,31.61,,80.32,,,,,3724.50,,,,,,,,,,,,,,,,,,1986.038
SP,2/27/1986,86.1589,3.16,8.64,68.15,79.17,0.33,0.66,0.27,6.98,,647.99,8.38,,3.03,,70.02,,102.51,,,9.03,,3906.12,,,,3.18,3.13,9.41,2.68,1.81,0.66,,,,,,,,,1986.159
SP,4/24/1986,86.3123,5.87,11.50,97.77,74.00,0.15,5.68,0.26,7.36,,567.58,7.51,7.67,3.00,2.94,50.61,,5.52,147.12,213.86,4.38,15.08,3572.03,3194.83,3258.83,0.71,3.04,3.16,8.75,2.45,1.74,0.64,,,,,,,,,1986.312
SP,5/7/1986,86.3479,9.07,10.98,101.26,,0.17,7.82,0.53,,,,,,,,,,,,,,,,,,,,,,,,,,,,,,,,,1986.348
SP,5/19/1986,86.3808,10.47,10.56,101.06,,0.21,7.34,0.79,7.55,,,7.21,7.36,3.12,3.02,0.84,,17.26,346.33,424.51,7.76,14.45,3372.27,3621.84,3576.04,1.37,,,,,,,,,,,,,,,1986.381
SP,6/3/1986,86.4219,12.21,9.73,97.14,,0.23,3.94,1.20,,,,,,,,,,,,,,,,,,,,,,,,,,,,,,,,,1986.422
SP,6/16/1986,86.4575,13.37,9.23,94.42,,0.24,3.53,0.87,7.47,,,7.22,7.37,3.02,2.99,0.00,,8.47,171.53,249.03,0.00,8.73,3372.78,3158.53,3241.87,1.00,,,,,,,,,,,,,,,1986.458
SP,6/30/1986,86.4959,14.90,8.50,90.66,,0.25,2.95,1.39,,,,,,,,,,,,,,,,,,,,,,,,,,,,,,,,,1986.496
SP,7/14/1986,86.5342,15.34,7.99,86.31,,0.22,2.47,0.97,7.44,,,7.46,7.55,3.03,3.07,0.45,,19.95,235.03,257.63,7.23,7.16,3313.91,3282.03,3343.85,0.27,,,,,,,,,,,,,,,1986.534
SP,7/29/1986,86.5753,17.33,8.00,90.58,,0.23,2.36,0.74,,,,,,,,,,,,,,,,,,,,,,,,,,,,,,,,,1986.575
SP,8/11/1986,86.6110,16.55,7.70,86.09,74.87,0.21,2.67,1.11,7.44,,557.59,7.58,7.69,3.68,3.18,0.00,,16.75,231.18,266.99,2.13,7.75,3322.80,3418.84,3523.74,0.32,3.11,3.10,8.96,2.72,1.78,0.63,,,,,,,,,1986.611
SP,8/25/1986,86.6493,15.92,8.04,88.96,,0.21,3.05,0.65,,,,,,,,,,,,,,,,,,,,,,,,,,,,,,,,,1986.649
SP,9/8/1986,86.6877,14.63,7.51,81.09,,0.25,2.44,0.81,7.25,,,7.69,7.86,3.39,3.31,0.00,,14.67,259.86,292.91,2.41,6.78,3319.35,3217.37,3234.95,,,,,,,,,,,,,,,,1986.688
SP,9/22/1986,86.7260,13.10,7.61,79.06,,0.20,3.38,1.21,,,,,,,,,,,,,,,,,,,,,,,,,,,,,,,,,1986.726
SP,10/7/1986,86.7671,12.24,7.18,72.97,,0.18,3.18,1.00,7.26,,,7.93,8.02,3.18,3.15,0.00,,30.35,220.67,261.61,7.21,15.77,3225.59,3163.23,3302.89,,,,,,,,,,,,,,,,1986.767
SP,10/21/1986,86.8055,9.77,8.06,75.90,,0.18,2.74,0.98,,,,,,,,,,,,,,,,,,,,,,,,,,,,,,,,,1986.806
SP,11/12/1986,86.8658,5.89,10.95,93.16,76.13,0.14,3.30,0.78,7.45,,585.49,7.52,7.63,3.43,3.24,2.01,,20.11,204.32,276.72,7.27,13.22,3178.43,3145.55,3245.12,1.03,3.15,3.01,8.91,2.68,1.87,0.63,,,,,,,,,1986.866
SP,1/14/1987,87.0384,2.84,11.11,87.06,,0.23,2.19,0.49,7.40,7.95,,8.07,8.16,3.04,3.00,17.78,,72.01,298.46,311.41,0.00,3.72,3573.77,3417.88,3416.66,,,,,,,,,,,,,,,,1987.038
SP,2/24/1987,87.1507,2.83,10.44,81.65,83.32,0.24,2.18,0.52,7.22,7.94,596.83,8.44,8.52,2.91,2.87,110.02,,18.96,332.41,359.86,2.64,7.63,3551.75,3407.23,3537.19,,3.50,3.28,9.28,2.70,1.86,0.66,,,,,,,,,1987.151
SP,3/24/1987,87.2274,4.03,10.81,87.66,,0.25,4.16,0.73,7.19,7.90,,7.70,7.87,3.02,2.89,61.37,,15.42,231.11,268.39,4.13,8.62,3168.37,3121.71,3245.01,,,,,,,,,,,,,,,,1987.227
SP,4/20/1987,87.3014,6.74,11.51,100.54,71.60,0.19,3.96,0.58,7.35,7.92,588.41,7.54,7.61,2.75,2.85,23.45,,23.68,232.17,212.21,3.92,7.72,3265.15,3207.22,3287.52,0.91,3.43,3.04,8.99,2.58,1.86,0.68,,,,,,,,,1987.301
SP,5/5/1987,87.3425,8.88,11.44,105.37,,0.23,4.89,0.96,,,,,,,,,,,,,,,,,,,,,,,,,,,,,,,,,1987.343
SP,5/20/1987,87.3836,10.80,10.10,97.27,,0.23,3.66,1.12,7.48,8.02,,7.41,7.53,2.97,2.99,0.69,,12.33,180.70,247.00,0.10,5.96,3034.88,2897.67,2990.28,0.53,,,,,,,,,,,,,,,1987.384
SP,6/2/1987,87.4192,12.97,10.09,102.00,,,2.59,0.59,,,,,,,,,,,,,,,,,,,,,,,,,,,,,,,,,1987.419
SP,6/11/1987,87.4438,13.20,9.87,100.32,,0.25,2.62,0.39,7.47,7.92,,7.49,7.60,2.94,2.98,2.49,,49.56,177.02,205.85,4.86,11.59,3119.96,3077.16,3130.95,0.89,,,,,,,,,,,,,,,1987.444
SP,6/29/1987,87.4932,15.22,8.99,95.82,,0.25,2.21,0.73,,,,,,,,,,,,,,,,,,,,,,,,,,,,,,,,,1987.493
SP,7/13/1987,87.5315,15.77,8.83,95.16,,0.23,2.51,0.64,7.49,8.00,,7.57,7.69,3.14,3.09,5.11,,68.77,183.43,220.07,1.01,8.46,3045.29,3079.03,3200.72,0.47,,,,,,,,,,,,,,,1987.532
SP,7/29/1987,87.5753,17.36,8.36,93.61,,0.26,2.36,3.33,,,,,,,,,,,,,,,,,,,,,,,,,,,,,,,,,1987.575
SP,8/11/1987,87.6110,16.67,8.54,94.28,78.12,0.27,3.35,0.72,7.41,7.97,595.69,7.73,7.82,3.35,3.27,4.11,,86.18,192.45,227.35,6.06,12.45,3027.55,2957.44,3124.69,0.93,3.28,3.01,9.21,2.59,1.82,0.62,,,,,,,,,1987.611
SP,8/26/1987,87.6521,15.53,8.25,89.59,,0.27,2.26,1.32,,,,,,,,,,,,,,,,,,,,,,,,,,,,,,,,,1987.652
SP,9/8/1987,87.6877,14.62,8.03,86.06,,0.26,1.86,1.20,7.42,7.98,,7.95,8.07,3.32,3.29,0.83,,75.55,206.61,252.92,4.92,12.47,3137.98,2978.43,3115.91,0.63,,,,,,,,,,,,,,,1987.688
SP,9/21/1987,87.7233,13.37,8.04,83.70,,0.24,2.18,1.40,,,,,,,,,,,,,,,,,,,,,,,,,,,,,,,,,1987.723
SP,10/5/1987,87.7616,12.82,8.09,82.96,,0.22,2.51,1.45,7.36,7.86,,8.15,8.26,3.31,3.25,0.00,,34.56,203.97,270.02,3.37,12.42,3110.83,2980.26,3111.64,1.15,,,,,,,,,,,,,,,1987.762
SP,10/20/1987,87.8027,9.84,8.47,79.94,,0.17,2.59,1.28,,,,,,,,,,,,,,,,,,,,,,,,,,,,,,,,,1987.803
SP,11/2/1987,87.8384,7.98,8.96,80.29,80.10,0.13,2.42,0.71,7.34,7.80,609.34,7.93,7.98,3.10,3.14,2.33,,26.17,211.73,273.38,8.91,9.17,3062.44,3123.46,3144.00,1.51,3.21,2.95,9.29,2.69,1.82,0.67,,,,,,,,,1987.838
SP,11/16/1987,87.8767,6.21,9.16,78.57,,0.14,3.74,0.72,,,,,,,,,,,,,,,,,,,,,,,,,,,,,,,,,1987.877
SP,1/19/1988,88.0519,3.24,10.62,84.12,,0.23,2.11,0.22,7.33,7.92,,8.34,8.30,3.07,3.14,30.08,,106.25,205.89,228.30,0.00,3.10,3259.96,3245.14,3277.49,,,,,,,,,,,,,,,,1988.052
SP,2/29/1988,88.1639,3.22,10.09,79.62,92.24,0.31,0.83,0.10,7.22,8.03,644.52,9.32,9.33,3.22,3.13,78.99,,109.34,331.12,369.46,1.60,6.89,3631.70,3673.90,3637.73,,3.53,3.28,10.66,2.87,2.06,0.74,,,,,,,,,1988.164
SP,4/4/1988,88.2596,3.57,10.36,82.77,,0.29,1.49,0.45,7.17,7.81,,7.35,7.48,2.57,2.49,75.29,,135.95,465.03,473.23,14.08,20.01,3128.57,3049.96,3070.53,,,,,,,,,,,,,,,,1988.260
SP,4/25/1988,88.3169,4.87,12.18,100.93,80.49,0.13,5.40,1.11,7.50,7.88,583.49,7.32,7.72,2.76,3.01,22.28,,20.79,372.24,399.45,7.60,14.02,3279.29,3117.69,3238.43,,3.33,3.13,10.05,2.66,1.84,0.66,,,,,,,,,1988.317
SP,5/9/1988,88.3552,8.55,12.05,109.10,,0.21,4.47,0.53,,,,,,,,,,,,,,,,,,,,,,,,,,,,,,,,,1988.355
SP,5/24/1988,88.3962,10.77,11.47,108.86,,0.28,4.27,0.87,7.75,8.00,,7.39,7.51,3.06,3.02,2.17,,116.92,291.49,325.75,1.97,7.09,3031.25,2940.49,3086.54,,,,,,,,,,,,,,,,1988.396
SP,6/6/1988,88.4317,13.31,11.10,110.97,,0.27,4.89,0.78,,,,,,,,,,,,,,,,,,,,,,,,,,,,,,,,,1988.432
SP,6/21/1988,88.4727,15.09,11.14,115.46,,0.22,2.67,0.42,7.85,8.05,,7.42,7.49,3.41,3.31,4.02,,50.32,210.60,260.30,1.17,5.84,2570.26,2535.06,2894.14,1.39,,,,,,,,,,,,,,,1988.473
SP,7/5/1988,88.5109,15.39,10.60,110.66,,0.26,2.19,0.24,,,,,,,,,,,,,,,,,,,,,,,,,,,,,,,,,1988.511
SP,7/18/1988,88.5464,16.46,10.15,108.33,,0.26,1.22,2.36,7.67,7.98,,7.83,7.84,3.46,3.44,2.36,,49.80,288.60,326.59,3.08,7.35,2543.21,2552.39,2707.02,0.84,,,,,,,,,,,,,,,1988.546
SP,8/1/1988,88.5847,17.20,9.79,106.28,,0.27,2.08,0.67,,,,,,,,,,,,,,,,,,,,,,,,,,,,,,,,,1988.585
SP,8/16/1988,88.6257,18.19,9.87,110.13,82.49,0.25,1.96,0.23,7.60,7.95,596.62,7.48,7.58,3.76,3.76,1.22,,39.78,159.61,218.51,0.74,5.35,2641.09,2614.12,2746.90,0.86,3.39,3.03,9.50,2.68,1.98,0.69,,,,,,,,,1988.626
SP,8/29/1988,88.6612,16.01,8.97,97.15,,0.26,1.87,1.38,,,,,,,,,,,,,,,,,,,,,,,,,,,,,,,,,1988.661
SP,9/12/1988,88.6995,14.48,8.55,90.67,,0.26,2.89,1.55,7.35,7.81,,8.34,8.45,3.33,3.33,1.52,,117.36,178.89,298.51,2.30,13.50,2750.74,2830.89,3196.66,0.65,,,,,,,,,,,,,,,1988.700
SP,9/27/1988,88.7404,13.60,8.20,85.59,,0.21,4.08,1.74,,,,,,,,,,,,,,,,,,,,,,,,,,,,,,,,,1988.740
SP,10/10/1988,88.7760,11.58,8.47,83.83,,0.21,1.87,0.85,7.41,7.92,,8.26,8.87,3.34,3.35,2.35,,80.74,234.80,276.23,5.46,16.45,2792.51,2707.19,2921.49,0.77,,,,,,,,,,,,,,,1988.776
SP,10/24/1988,88.8142,9.16,9.17,84.68,,0.16,2.66,0.99,,,,,,,,,,,,,,,,,,,,,,,,,,,,,,,,,1988.814
SP,11/8/1988,88.8552,5.15,10.08,84.14,73.00,0.14,3.32,0.65,7.49,7.83,602.00,8.28,8.35,3.29,3.23,4.51,,38.06,209.52,228.84,0.76,7.00,3746.27,2515.14,2595.14,0.58,3.30,3.10,9.36,2.70,1.92,0.67,,,,,,,,,1988.855
SP,1/12/1989,89.0329,2.74,11.80,92.23,,,2.48,0.85,7.30,7.91,,10.52,10.60,3.95,3.81,19.36,,146.32,415.73,366.35,0.00,9.89,3238.94,3364.56,4018.98,,,,,,,,,,,,,,,,1989.033
SP,2/23/1989,89.1479,2.76,10.24,79.82,89.85,0.27,0.67,0.39,7.26,8.18,670.41,10.35,10.36,3.32,3.24,66.03,,217.59,474.47,488.79,12.84,19.25,3660.65,3636.55,3684.60,,4.03,3.23,10.28,2.90,2.11,0.74,,,,,,,,,1989.148
SP,3/29/1989,89.2411,2.76,8.82,68.75,,0.32,0.87,0.22,7.13,7.91,,10.40,10.68,3.46,3.23,122.46,,204.57,488.99,552.58,10.98,19.89,3797.90,3673.21,3820.77,,,,,,,,,,,,,,,,1989.241
SP,5/1/1989,89.3315,4.74,10.75,89.08,84.36,0.14,6.44,1.07,7.30,7.98,707.25,9.11,8.97,3.49,3.02,14.08,,116.59,316.39,322.63,1.26,10.47,3457.77,3439.71,3404.69,1.30,3.39,3.12,9.29,2.64,1.95,0.69,,,,,,,,,1989.332
SP,5/17/1989,89.3753,8.15,11.83,106.58,,0.15,4.93,0.86,,,,,,,,,,,,,,,,,,,,,,,,,,,,,,,,,1989.375
SP,5/30/1989,89.4110,10.01,11.26,105.53,,0.27,4.96,0.90,7.56,8.01,,7.87,7.99,3.31,3.30,4.15,,30.87,223.93,242.38,1.38,6.60,2877.04,2809.05,2879.33,0.67,,,,,,,,,,,,,,,1989.411
SP,6/13/1989,89.4493,11.00,10.15,97.63,,0.20,4.52,1.32,,,,,,,,,,,,,,,,,,,,,,,,,,,,,,,,,1989.449
SP,6/26/1989,89.4849,12.53,10.01,99.53,,0.17,4.46,0.86,7.31,8.09,,8.04,8.06,3.26,3.34,5.93,,20.28,222.06,266.02,2.93,9.72,2654.00,2877.04,3089.11,0.77,,,,,,,,,,,,,,,1989.485
SP,7/10/1989,89.5233,14.61,10.43,107.55,,0.23,5.64,1.06,,,,,,,,,,,,,,,,,,,,,,,,,,,,,,,,,1989.523
SP,7/24/1989,89.5616,15.69,9.89,104.64,,0.42,3.48,1.00,7.57,8.04,,6.63,5.75,2.74,2.27,3.78,,35.73,330.35,384.51,5.27,13.14,2494.12,2406.68,2732.19,0.78,,,,,,,,,,,,,,,1989.562
SP,8/8/1989,89.6027,15.38,9.20,97.81,,0.28,2.08,1.13,,,,,,,,,,,,,,,,,,,,,,,,,,,,,,,,,1989.603
SP,8/21/1989,89.6384,14.66,9.34,98.21,81.02,0.25,2.48,0.92,7.53,8.07,620.15,8.23,8.32,3.48,3.52,1.57,,41.39,239.78,254.36,3.45,8.86,2406.41,2388.53,2603.06,0.58,3.43,3.28,10.32,2.74,1.98,0.73,,,,,,,,,1989.638
SP,9/5/1989,89.6795,15.05,9.20,98.13,,0.22,2.26,1.22,,,,,,,,,,,,,,,,,,,,,,,,,,,,,,,,,1989.680
SP,9/18/1989,89.7151,13.63,8.82,91.45,,0.24,1.92,1.66,7.49,8.04,,8.17,8.33,3.30,3.08,0.75,,39.04,201.96,260.88,6.61,11.80,2428.39,2442.79,2530.59,3.31,,,,,,,,,,,,,,,1989.715
SP,10/2/1989,89.7534,12.74,8.50,86.99,,0.27,2.60,1.49,,,,,,,,,,,,,,,,,,,,,,,,,,,,,,,,,1989.753
SP,10/16/1989,89.7918,10.51,8.63,82.92,,0.24,3.25,1.10,7.39,8.14,,8.42,8.52,3.31,3.14,0.44,,34.09,226.50,228.58,5.03,9.21,2598.44,2647.36,2770.04,1.31,,,,,,,,,,,,,,,1989.792
SP,11/1/1989,89.8356,9.27,9.31,86.20,,0.20,2.00,0.77,,,,,,,,,,,,,,,,,,,,,,,,,,,,,,,,,1989.836
SP,11/14/1989,89.8712,6.20,11.86,101.65,82.00,0.15,1.79,0.83,7.42,8.02,619.76,8.30,8.24,3.14,3.00,5.37,,30.89,246.10,256.50,3.77,11.04,2673.00,2750.12,2802.00,0.18,3.49,3.33,9.69,2.74,1.98,0.68,,,,,,,,,1989.871
SP,1/17/1990,90.0466,3.48,9.53,75.90,,0.60,0.69,0.38,7.28,8.08,,9.53,9.67,3.43,3.31,33.55,,227.90,379.17,431.63,2.91,10.19,3574.49,3693.73,3941.52,,,,,,,,,,,,,,,,1990.047
SP,2/19/1990,90.1370,3.73,8.11,64.94,91.20,0.30,0.56,0.17,7.21,7.95,681.22,10.65,10.62,3.48,3.36,74.56,,248.90,481.95,517.05,13.88,16.79,4067.79,3750.71,3692.54,,3.85,3.15,10.72,2.95,2.08,0.79,,,,,,,,,1990.137
SP,3/28/1990,90.2384,4.33,9.25,75.53,,,3.08,0.48,7.20,7.86,,10.08,10.35,3.19,3.13,58.51,,321.64,518.74,575.05,57.52,75.54,4046.94,3738.79,3992.00,,,,,,,,,,,,,,,,1990.238
SP,4/30/1990,90.3288,8.44,10.58,95.96,82.13,0.18,4.90,0.91,7.46,7.99,616.97,8.14,8.53,2.85,2.97,6.96,,9.53,180.69,231.47,4.77,11.63,3044.88,2984.47,3076.73,1.29,3.57,3.37,9.93,2.61,1.95,0.73,,,,,,,,,1990.329
SP,5/15/1990,90.3699,8.77,10.49,96.26,,0.25,3.15,0.63,,,,,,,,,,,,,,,,,,,,,,,,,,,,,,,,,1990.370
SP,5/29/1990,90.4082,10.65,10.50,100.39,,0.31,3.40,0.73,7.58,7.95,,8.14,8.28,2.90,3.00,3.34,,24.76,174.83,218.20,3.88,10.17,2799.52,2764.09,2868.33,0.74,,,,,,,,,,,,,,,1990.408
SP,6/14/1990,90.4521,12.42,9.96,99.27,,0.24,4.23,0.94,,,,,,,,,,,,,,,,,,,,,,,,,,,,,,,,,1990.452
SP,6/26/1990,90.4849,13.94,9.86,101.53,,0.31,2.14,1.05,7.56,8.08,,8.06,8.24,3.15,3.12,0.17,,14.64,186.01,265.82,1.24,8.54,2691.98,2605.55,2735.73,0.63,,,,,,,,,,,,,,,1990.485
SP,7/10/1990,90.5233,15.36,9.29,98.96,,0.27,,,,,,,,,,,,,,,,,,,,,,,,,,,,,,,,,,,1990.523
SP,7/23/1990,90.5589,16.16,9.43,102.10,,0.26,4.98,1.96,7.62,8.00,,8.38,8.47,3.26,3.26,0.69,,26.66,245.47,259.09,2.89,7.79,2666.94,2699.96,2834.10,0.63,,,,,,,,,,,,,,,1990.559
SP,8/7/1990,90.6000,16.01,8.99,97.40,,0.23,1.45,3.61,,,,,,,,,,,,,,,,,,,,,,,,,,,,,,,,,1990.600
SP,8/21/1990,90.6384,16.14,8.92,97.49,86.63,0.27,2.01,2.51,7.46,8.04,626.53,8.45,8.65,3.16,3.34,0.95,,30.39,258.27,297.75,3.50,12.66,2560.62,2536.65,2638.66,0.64,3.60,3.22,9.85,2.79,1.96,0.68,,,,,,,,,1990.638
SP,9/4/1990,90.6767,16.37,8.38,92.09,,0.24,1.73,2.14,,,,,,,,,,,,,,,,,,,,,,,,,,,,,,,,,1990.677
SP,9/19/1990,90.7178,14.50,8.39,89.35,,0.22,2.89,3.38,7.46,7.99,,8.43,8.54,3.33,3.37,0.53,,53.34,196.59,248.61,3.17,10.29,2647.47,2736.03,2796.34,0.62,,,,,,,,,,,,,,,1990.718
SP,10/2/1990,90.7534,12.85,8.46,86.82,,0.22,2.31,2.40,,,,,,,,,,,,,,,,,,,,,,,,,,,,,,,,,1990.753
SP,10/16/1990,90.7918,10.48,8.38,80.49,,0.20,2.39,2.21,7.35,8.02,,8.73,8.90,3.11,3.31,0.96,,37.22,200.28,230.47,4.82,11.00,2760.55,2810.54,2928.00,0.64,,,,,,,,,,,,,,,1990.792
SP,10/31/1990,90.8329,7.78,9.76,86.98,,0.12,2.74,1.41,,,,,,,,,,,,,,,,,,,,,,,,,,,,,,,,,1990.833
SP,11/12/1990,90.8658,5.50,10.74,90.38,86.00,0.12,3.33,1.41,7.55,8.01,620.43,8.37,8.40,3.16,3.18,6.62,,21.39,182.53,222.79,3.13,14.28,2701.43,2688.30,2818.63,0.31,3.62,3.09,9.93,2.74,1.99,0.68,,,,,,,,,1990.866
SP,1/16/1991,91.0438,1.39,11.60,87.24,,0.23,0.19,3.32,7.35,8.06,,9.43,9.61,3.23,3.19,21.65,,129.58,323.10,353.70,4.77,13.46,3282.54,3101.06,3338.11,,,,,,,,,,,,,,,,1991.044
SP,2/19/1991,91.1370,0.89,11.75,87.18,90.82,0.20,3.16,1.68,7.34,8.05,684.23,10.01,10.23,3.25,3.19,78.50,,80.33,446.72,540.90,8.16,20.70,3712.88,3452.14,3608.75,,3.96,3.29,10.84,3.02,2.17,0.72,,,,,,,,,1991.137
SP,3/25/1991,91.2301,2.95,10.29,80.68,,0.26,1.25,3.75,7.20,7.94,,8.12,8.41,2.79,2.83,93.05,,126.35,434.62,470.84,4.47,10.26,3096.45,3069.55,3087.54,,,,,,,,,,,,,,,,1991.230
SP,5/7/1991,91.3479,6.81,10.82,94.43,81.25,0.18,5.81,1.48,7.59,7.97,615.49,8.19,8.29,2.96,2.98,5.90,,16.60,180.88,222.82,1.53,8.00,2912.53,2873.36,2904.88,0.67,3.82,3.22,9.83,2.69,2.00,0.68,,,,,,,,,1991.348
SP,5/22/1991,91.3890,10.44,11.55,110.00,,0.19,12.87,1.03,,,,,,,,,,,,,,,,,,,,,,,,,,,,,,,,,1991.389
SP,6/3/1991,91.4219,12.41,10.21,101.51,,0.20,5.13,0.56,7.55,8.10,,8.07,8.19,3.21,3.24,0.43,,6.27,147.85,197.41,1.20,6.84,2951.21,3096.69,2887.10,0.68,,,,,,,,,,,,,,,1991.422
SP,6/19/1991,91.4658,13.86,9.99,102.35,,0.24,2.99,1.25,,,,,,,,,,,,,,,,,,,,,,,,,,,,,,,,,1991.466
SP,7/1/1991,91.4986,14.41,9.42,98.01,,0.18,5.07,0.00,7.56,8.02,,8.12,8.28,3.37,3.28,1.24,,45.10,207.43,233.09,4.42,11.58,2830.79,2768.94,2959.10,0.71,,,,,,,,,,,,,,,1991.499
SP,7/16/1991,91.5397,15.27,9.31,98.92,,0.24,3.70,0.05,,,,,,,,,,,,,,,,,,,,,,,,,,,,,,,,,1991.540
SP,7/30/1991,91.5781,14.79,8.46,89.98,,0.18,4.53,0.00,7.41,7.95,,8.47,8.61,3.45,3.55,0.18,,26.81,55.27,128.62,2.03,11.21,2717.17,2788.14,2804.38,0.44,,,,,,,,,,,,,,,1991.578
SP,8/12/1991,91.6137,15.59,8.67,94.37,,0.20,3.35,0.36,,,,,,,,,,,,,,,,,,,,,,,,,,,,,,,,,1991.614
SP,8/28/1991,91.6575,16.25,8.60,95.49,84.74,0.18,3.26,0.17,7.37,8.02,614.87,8.43,8.67,3.50,3.60,1.00,,34.21,350.63,229.34,5.08,9.54,2855.56,2739.56,2834.64,1.05,3.77,3.10,10.00,2.78,2.06,0.74,,,,,,,,,1991.658
SP,9/9/1991,91.6904,15.37,8.41,91.66,,0.22,4.52,0.17,,,,,,,,,,,,,,,,,,,,,,,,,,,,,,,,,1991.690
SP,9/23/1991,91.7288,12.88,8.86,91.51,,0.18,5.04,9.97,7.39,7.95,,8.67,8.74,3.56,3.39,1.00,,32.01,260.98,275.50,6.31,13.11,2767.70,2761.41,2892.54,1.01,,,,,,,,,,,,,,,1991.729
SP,10/7/1991,91.7671,10.52,,,,0.21,2.67,5.33,,,,,,,,,,,,,,,,,,,,,,,,,,,,,,,,,1991.767
SP,11/11/1991,91.8630,3.92,10.59,85.56,83.87,0.10,4.18,0.40,7.52,7.94,635.94,8.41,8.53,3.16,3.49,3.62,,30.59,177.37,213.94,0.00,7.49,2748.62,2832.53,2931.16,0.90,3.72,3.08,9.97,2.77,2.02,0.68,,,,,,,,,1991.863
SP,1/14/1992,92.0383,2.14,11.08,85.03,,0.25,2.99,4.06,7.26,7.96,,8.79,,3.13,,34.62,,87.16,231.98,279.61,0.63,12.32,3290.27,3291.65,3291.47,,,,,,,,,,,,,,,,1992.038
SP,3/1/1992,92.1667,2.32,9.96,76.66,89.31,0.32,1.31,0.41,7.30,8.03,682.30,10.15,10.31,3.26,3.23,62.86,,180.70,394.62,435.08,6.18,15.49,3595.99,3507.62,3591.88,,4.19,4.15,10.32,2.92,2.10,0.78,,,,,,,,,1992.167
SP,3/27/1992,92.2377,2.63,9.80,76.15,,0.25,1.86,0.90,7.18,8.05,,10.32,10.69,3.21,3.35,73.91,,193.00,438.54,490.73,15.02,23.32,3762.74,3674.97,3721.92,,,,,,,,,,,,,,,,1992.238
SP,5/6/1992,92.3470,5.36,11.93,100.12,82.00,0.13,,,7.38,7.79,626.83,8.37,8.59,2.85,2.93,17.36,,32.16,187.84,246.61,1.90,8.87,2992.81,3050.21,3120.10,,3.92,3.00,9.58,2.77,1.99,0.68,,,,,,,,,1992.347
SP,5/19/1992,92.3825,9.34,11.49,106.74,,0.17,5.32,0.51,,,,,,,,,,,,,,,,,,,,,,,,,,,,,,,,,1992.383
SP,6/2/1992,92.4208,11.24,10.78,104.48,,0.21,5.49,0.48,7.53,7.94,,8.19,8.28,2.98,3.07,2.31,,76.45,172.38,247.61,2.37,9.20,3026.24,2926.27,2968.78,1.04,,,,,,,,,,,,,,,1992.421
SP,6/15/1992,92.4563,12.64,10.07,100.69,,0.17,5.00,0.99,,,,,,,,,,,,,,,,,,,,,,,,,,,,,,,,,1992.456
SP,6/30/1992,92.4973,12.29,10.47,104.17,,0.22,4.39,1.03,7.56,7.96,,8.28,8.41,2.95,3.15,1.25,,17.09,155.93,193.32,2.42,7.92,2859.55,3011.71,3150.64,2.30,,,,,,,,,,,,,,,1992.497
SP,7/14/1992,92.5355,13.12,9.15,93.03,,0.18,3.33,0.94,,,,,,,,,,,,,,,,,,,,,,,,,,,,,,,,,1992.536
SP,7/29/1992,92.5765,13.98,8.83,91.94,,0.20,2.74,2.30,7.41,7.90,,8.30,8.47,3.11,3.32,2.19,,45.74,246.53,244.27,1.75,6.20,3021.95,2871.89,2973.95,1.91,,,,,,,,,,,,,,,1992.577
SP,8/11/1992,92.6120,14.98,9.04,95.56,,0.23,2.52,0.19,,,,,,,,,,,,,,,,,,,,,,,,,,,,,,,,,1992.612
SP,8/24/1992,92.6475,15.07,8.91,94.97,86.90,0.23,1.96,0.72,7.43,7.88,644.86,8.46,8.71,3.43,3.37,0.90,,38.04,175.45,238.67,1.46,7.63,2987.12,2916.64,3023.83,1.73,3.88,3.03,10.04,2.75,2.04,0.67,,,,,,,,,1992.648
SP,9/8/1992,92.6885,13.93,8.53,89.43,,0.12,3.57,1.54,,,,,,,,,,,,,,,,,,,,,,,,,,,,,,,,,1992.689
SP,9/24/1992,92.7322,12.34,7.88,80.34,,0.25,4.53,0.53,7.35,7.95,,8.81,8.82,3.42,3.52,1.10,,35.86,286.06,312.40,3.06,10.15,2811.59,2888.69,2993.80,1.71,,,,,,,,,,,,,,,1992.732
SP,10/5/1992,92.7623,11.95,7.89,79.63,,0.10,3.34,1.42,,,,,,,,,,,,,,,,,,,,,,,,,,,,,,,,,1992.762
SP,10/20/1992,92.8033,8.57,8.61,78.82,,0.14,2.62,1.61,7.27,7.78,,9.09,9.19,3.26,3.35,1.38,,38.89,272.13,306.54,2.34,7.77,2991.88,2967.71,3091.51,1.39,,,,,,,,,,,,,,,1992.803
SP,11/9/1992,92.8579,5.75,9.86,83.53,84.00,0.09,2.97,0.35,7.33,7.83,638.72,8.64,8.78,3.10,3.13,2.38,,23.26,201.58,198.90,0.00,5.69,2931.99,2864.21,2971.88,1.22,4.04,3.03,9.97,2.78,2.08,0.70,,,,,,,,,1992.858
SP,1/13/1993,93.0356,3.12,10.77,85.01,,1.00,2.49,0.62,7.28,7.92,,8.88,9.05,3.28,3.11,26.60,,90.53,305.82,328.62,3.01,11.32,3350.77,3344.10,3363.84,,,,,,,,,,,,,,,,1993.036
SP,3/1/1993,93.1644,3.10,9.67,76.12,92.23,0.27,1.66,0.57,7.28,7.93,696.24,10.14,10.42,3.32,3.37,32.33,,167.76,414.08,463.63,24.50,32.98,3873.30,3692.36,3720.82,,4.35,2.95,10.88,3.05,2.25,0.76,,,,,,,,,1993.164
SP,3/22/1993,93.2219,3.21,9.04,71.21,,0.28,2.20,0.67,7.29,7.86,,10.27,10.48,3.26,3.17,42.27,,190.34,529.36,537.32,9.69,17.62,3877.65,3634.70,3628.54,,,,,,,,,,,,,,,,1993.222
SP,5/4/1993,93.3397,4.55,10.96,90.34,87.85,0.11,5.40,1.47,7.21,7.83,663.35,9.94,10.24,3.34,3.33,8.53,,234.61,483.48,601.89,17.76,21.70,3738.56,3451.25,3559.80,0.94,4.13,2.67,9.83,2.83,1.96,0.61,,,,,,,,,1993.340
SP,5/18/1993,93.3781,8.45,10.60,97.08,,0.18,4.30,0.49,,,,,,,,,,,,,,,,,,,,,,,,,,,,,,,,,1993.378
SP,6/1/1993,93.4164,9.44,10.21,95.74,,0.17,7.51,1.10,7.45,7.94,,8.36,8.63,3.19,3.23,9.20,,52.60,164.45,212.89,8.11,8.35,2828.89,2486.00,2579.93,0.96,,,,,,,,,,,,,,,1993.416
SP,6/14/1993,93.4521,11.73,9.00,89.32,,0.22,4.27,0.81,,,,,,,,,,,,,,,,,,,,,,,,,,,,,,,,,1993.452
SP,6/30/1993,93.4959,12.88,8.52,86.38,,0.19,5.26,1.59,7.30,7.87,,8.46,8.52,3.33,3.31,2.32,,58.48,208.82,240.21,2.36,8.06,2901.82,2821.87,2922.41,0.88,,,,,,,,,,,,,,,1993.496
SP,7/14/1993,93.5342,14.19,8.66,90.78,,0.19,4.86,0.12,,,,,,,,,,,,,,,,,,,,,,,,,,,,,,,,,1993.534
SP,7/27/1993,93.5699,14.99,9.44,101.47,,0.19,4.88,0.53,7.31,7.90,,8.44,8.55,3.24,3.47,0.69,,27.62,200.05,241.64,3.50,9.64,2715.87,2729.42,3060.96,1.13,,,,,,,,,,,,,,,1993.570
SP,8/11/1993,93.6110,14.99,8.12,87.82,,0.17,4.35,0.62,,,,,,,,,,,,,,,,,,,,,,,,,,,,,,,,,1993.611
SP,8/23/1993,93.6438,15.97,8.44,92.45,82.37,0.18,4.33,0.88,7.27,7.82,619.74,8.55,8.73,3.34,3.41,1.80,,22.86,145.30,194.16,2.30,8.18,2641.33,2744.90,2875.53,1.13,4.08,2.87,9.73,2.72,2.06,0.66,,,,,,,,,1993.644
SP,9/8/1993,93.6877,14.44,7.80,83.55,,0.29,3.62,0.51,,,,,,,,,,,,,,,,,,,,,,,,,,,,,,,,,1993.688
SP,9/23/1993,93.7288,12.33,8.02,81.74,,0.23,4.26,0.03,7.24,7.88,,8.76,8.98,3.20,3.39,0.90,,24.06,221.17,251.68,3.76,11.19,2586.10,2619.89,2708.35,1.32,,,,,,,,,,,,,,,1993.729
SP,10/5/1993,93.7616,10.46,7.85,76.19,,0.21,3.94,0.59,,,,,,,,,,,,,,,,,,,,,,,,,,,,,,,,,1993.762
SP,10/18/1993,93.7973,9.00,8.47,78.53,,0.17,3.98,0.83,7.12,7.81,,9.02,9.22,3.21,3.21,0.00,,8.63,162.79,195.27,3.46,15.64,2722.51,2794.27,2871.81,1.08,,,,,,,,,,,,,,,1993.797
SP,11/10/1993,93.8603,4.97,9.89,82.16,84.49,0.14,6.43,0.00,7.31,7.88,644.51,8.63,8.76,3.07,3.20,2.98,,50.27,213.66,249.46,4.87,12.38,2822.22,2881.74,2948.51,1.24,4.24,2.82,9.80,2.84,2.10,0.69,,,,,,,,,1993.860
SP,1/12/1994,94.0329,2.13,10.77,82.77,,0.17,3.59,0.22,7.32,7.96,,9.33,9.42,3.01,3.01,20.95,,77.37,418.04,537.46,7.13,26.09,3241.74,3333.56,3304.39,,,,,,,,,,,,,,,,1994.033
SP,2/21/1994,94.1425,2.33,9.37,72.27,92.72,0.27,3.85,0.75,7.33,8.11,694.89,10.10,10.34,4.36,3.35,51.25,,180.69,517.73,402.64,11.48,16.23,3776.99,3699.18,3731.93,,4.64,3.02,10.43,2.96,2.32,0.71,,,,,,,,,1994.143
SP,3/28/1994,94.2384,3.45,9.96,79.48,,0.15,9.36,0.25,7.32,7.93,,8.87,9.21,2.78,2.71,43.51,,257.40,423.93,664.44,7.21,38.08,3269.69,3558.64,3813.96,,,,,,,,,,,,,,,,1994.238
SP,5/5/1994,94.3425,6.19,11.48,98.45,84.62,0.10,11.24,0.00,7.47,7.90,606.63,8.38,8.49,2.94,3.08,2.50,,14.70,266.65,366.84,15.32,21.51,3066.79,3037.40,3097.67,1.83,4.21,2.97,9.26,2.68,2.11,0.67,,,,,,,,,1994.343
SP,5/16/1994,94.3726,8.39,10.87,98.57,,0.10,10.05,0.00,,,,,,,,,,,,,,,,,,,,,,,,,,,,,,,,,1994.373
SP,6/1/1994,94.4164,11.75,10.22,99.97,,0.20,10.66,1.00,6.89,7.28,,8.29,8.42,3.13,3.17,0.78,,126.27,218.57,479.16,3.26,8.59,3012.71,2940.31,3046.61,1.79,,,,,,,,,,,,,,,1994.416
SP,6/15/1994,94.4548,13.58,9.76,98.87,,0.20,6.46,0.00,,,,,,,,,,,,,,,,,,,,,,,,,,,,,,,,,1994.455
SP,6/27/1994,94.4877,15.59,9.51,101.30,,0.24,4.61,0.00,7.53,8.07,,8.34,8.50,3.19,3.35,6.37,,71.22,197.83,230.54,0.00,5.13,3013.88,3042.42,2991.89,1.22,,,,,,,,,,,,,,,1994.488
SP,7/12/1994,94.5288,15.18,8.16,87.56,,0.23,3.51,0.25,,,,,,,,,,,,,,,,,,,,,,,,,,,,,,,,,1994.529
SP,7/27/1994,94.5699,15.54,8.40,91.19,,0.21,4.37,0.36,7.05,7.67,,8.35,8.32,3.67,3.51,5.38,,35.18,142.92,208.59,2.07,8.16,3033.87,3143.34,3271.51,0.59,,,,,,,,,,,,,,,1994.570
SP,8/9/1994,94.6055,15.31,8.03,87.14,,0.21,4.80,0.46,,,,,,,,,,,,,,,,,,,,,,,,,,,,,,,,,1994.606
SP,8/24/1994,94.6466,15.44,7.94,87.02,84.88,0.26,5.53,1.20,7.02,7.71,631.43,8.45,8.63,3.38,3.34,1.43,,25.98,130.50,189.09,0.60,5.31,3011.82,3071.76,3252.30,0.36,4.13,2.74,9.51,2.76,2.16,0.68,,,,,,,,,1994.647
SP,9/6/1994,94.6822,14.53,7.44,80.11,,0.22,6.53,0.00,,,,,,,,,,,,,,,,,,,,,,,,,,,,,,,,,1994.682
SP,9/21/1994,94.7233,15.69,7.44,82.55,,0.19,5.64,0.14,7.29,8.07,,8.64,8.70,3.31,3.22,5.03,,36.44,221.84,262.43,2.18,7.91,2989.27,3016.28,3153.83,0.31,,,,,,,,,,,,,,,1994.723
SP,10/3/1994,94.7562,13.27,7.42,77.49,,0.23,4.58,0.00,,,,,,,,,,,,,,,,,,,,,,,,,,,,,,,,,1994.756
SP,10/17/1994,94.7945,11.82,7.86,78.64,,0.18,4.36,0.04,7.35,7.92,,8.74,8.92,3.27,3.28,1.93,,31.73,221.66,167.08,4.19,8.63,2837.55,3079.47,3218.55,0.47,,,,,,,,,,,,,,,1994.795
SP,11/1/1994,94.8356,9.40,8.46,78.96,,0.14,6.23,0.32,,,,,,,,,,,,,,,,,,,,,,,,,,,,,,,,,1994.836
SP,11/16/1994,94.8767,7.40,9.35,82.52,86.00,0.14,5.04,0.00,7.37,8.01,628.05,8.60,8.67,3.00,3.00,1.51,,55.63,474.23,500.85,10.14,16.01,2956.30,2755.75,2867.29,0.32,4.24,2.84,9.67,2.72,2.17,0.68,,,,,,,,,1994.877
SP,1/9/1995,95.0247,3.02,10.50,82.71,,0.15,6.11,0.00,6.96,7.53,,8.74,9.22,3.00,3.05,8.52,,45.20,262.89,281.22,4.29,9.33,3291.11,3276.28,3265.07,,,,,,,,,,,,,,,,1995.025
SP,2/20/1995,95.1397,3.04,11.30,88.82,93.21,1.00,4.38,0.00,7.23,7.91,679.19,9.35,9.52,3.15,3.23,39.15,,39.95,302.92,296.57,6.37,11.52,3330.05,3501.76,3539.95,,4.76,3.10,11.06,3.15,2.44,0.72,,,,,,,,,1995.140
SP,3/24/1995,95.2274,3.59,8.87,70.87,,0.29,4.62,0.00,7.33,7.74,,7.55,7.59,2.52,2.50,54.30,,51.53,248.14,269.12,0.25,5.12,2591.52,2647.96,2692.08,,,,,,,,,,,,,,,,1995.227
SP,5/2/1995,95.3342,5.73,11.98,101.70,87.00,0.19,6.76,0.00,7.48,8.01,623.63,8.74,8.94,3.20,3.21,11.12,,10.06,167.08,211.00,2.38,6.23,3120.52,3022.27,3271.95,,4.25,2.78,9.60,2.91,2.17,0.66,,,,,,,,,1995.334
SP,5/15/1995,95.3699,7.47,10.95,97.44,,0.21,7.38,0.00,,,,,,,,,,,,,,,,,,,,,,,,,,,,,,,,,1995.370
SP,5/31/1995,95.4137,9.93,10.36,98.02,,0.26,5.26,0.15,7.51,7.97,,8.37,8.51,3.11,3.08,5.05,,26.58,158.88,212.38,1.93,7.69,2976.85,3120.62,3183.64,,,,,,,,,,,,,,,,1995.414
SP,6/14/1995,95.4521,12.03,9.93,98.20,,0.24,4.05,0.09,,,,,,,,,,,,,,,,,,,,,,,,,,,,,,,,,1995.452
SP,6/27/1995,95.4877,14.68,8.84,93.54,,0.23,4.61,0.59,7.41,8.03,,8.70,8.81,3.24,3.21,3.15,,29.32,203.55,267.49,2.35,8.08,2985.59,3117.64,3262.20,,,,,,,,,,,,,,,,1995.488
SP,7/11/1995,95.5260,14.37,9.73,101.77,,0.26,2.11,1.99,,,,,,,,,,,,,,,,,,,,,,,,,,,,,,,,,1995.526
SP,7/24/1995,95.5616,15.49,9.16,98.37,,0.27,3.20,2.96,7.41,8.05,,8.70,8.82,3.62,3.48,1.07,,41.80,197.33,248.41,1.10,4.32,2856.44,2664.18,2791.17,,,,,,,,,,,,,,,,1995.562
SP,8/7/1995,95.6000,16.61,8.62,95.03,,0.24,2.61,1.41,,,,,,,,,,,,,,,,,,,,,,,,,,,,,,,,,1995.600
SP,8/22/1995,95.6411,16.61,8.53,94.21,86.50,0.26,3.32,0.54,7.51,8.09,632.21,8.86,9.20,3.61,3.55,0.93,,26.95,216.22,272.83,3.68,10.69,2709.94,2861.43,3163.72,,4.23,2.58,9.96,2.87,2.25,0.65,,,,,,,,,1995.641
SP,9/6/1995,95.6822,16.36,8.68,95.22,,0.28,1.80,2.04,,,,,,,,,,,,,,,,,,,,,,,,,,,,,,,,,1995.682
SP,9/19/1995,95.7178,14.04,8.07,85.21,,0.33,3.08,2.18,7.44,8.14,,9.17,9.31,3.47,3.40,0.72,,36.38,186.20,197.56,6.57,11.92,2869.27,2919.45,2997.37,,,,,,,,,,,,,,,,1995.718
SP,10/3/1995,95.7562,12.30,8.13,82.49,,0.26,2.99,2.24,,,,,,,,,,,,,,,,,,,,,,,,,,,,,,,,,1995.756
SP,10/18/1995,95.7973,10.55,8.29,80.34,,0.21,1.93,2.56,7.40,8.01,,9.07,9.25,3.39,3.32,0.85,,37.23,212.98,219.94,5.76,11.17,2788.18,2730.62,2835.49,,,,,,,,,,,,,,,,1995.797
SP,10/31/1995,95.8329,8.01,9.28,83.51,,0.18,3.07,0.89,,,,,,,,,,,,,,,,,,,,,,,,,,,,,,,,,1995.833
SP,11/13/1995,95.8685,4.06,10.69,86.70,86.49,0.13,5.04,0.00,7.45,7.98,653.68,8.94,9.04,3.18,3.30,2.00,,33.68,184.27,213.81,2.49,8.24,4666.96,2997.31,3101.78,,4.61,2.56,10.25,2.86,2.22,0.67,,,,,,,,,1995.869
SP,1/24/1996,96.0630,2.31,8.98,69.18,,0.14,0.66,0.27,7.17,7.78,,9.67,9.80,2.97,2.90,39.02,,60.16,257.70,269.43,4.50,12.43,3154.55,2885.09,2841.73,0.00,,,,,,,0.02,0.04,,,,,,,1996.063
SP,2/21/1996,96.1390,2.93,8.51,66.71,93.45,0.27,,,7.19,8.08,690.56,10.76,10.86,3.15,3.27,72.77,,155.98,406.55,451.15,7.88,13.94,3534.12,3300.64,3471.33,0.00,4.80,3.04,10.96,3.09,2.38,0.74,0.91,0.17,,,,,,,1996.139
SP,4/1/1996,96.2490,2.89,7.88,61.55,,0.54,0.57,0.30,7.26,8.12,,10.83,10.85,3.24,3.08,107.04,,220.04,423.75,449.35,26.69,36.28,3900.66,3785.42,3806.18,0.00,,,,,,,2.03,0.18,,,,,,,1996.249
SP,5/14/1996,96.3660,4.36,8.04,65.84,88.85,0.22,3.77,1.55,7.08,8.02,645.13,9.57,9.76,3.02,2.83,80.70,,88.26,332.94,424.74,2.88,14.17,3196.33,3134.65,3178.51,0.18,4.56,2.78,10.53,2.96,2.27,0.70,0.09,0.05,,,,,,,1996.366
SP,5/29/1996,96.4070,8.61,10.10,92.88,,0.17,6.56,1.78,,,,,,,,,,,,,,,,,,0.00,,,,,,,,,,,,,,,1996.407
SP,6/10/1996,96.4400,10.69,10.70,102.78,,0.20,4.07,2.59,7.45,7.96,,8.59,8.67,3.16,3.11,20.73,,39.62,188.90,250.33,2.78,14.17,2793.65,2782.42,2832.42,0.20,,,,,,,0.03,0.01,,,,,,,1996.440
SP,6/26/1996,96.4840,11.86,10.12,99.41,,0.21,3.55,2.00,,,,,,,,,,,,,,,,,,0.00,,,,,,,,,,,,,,,1996.484
SP,7/10/1996,96.5220,13.03,9.72,98.09,,0.23,4.81,0.06,7.52,8.11,,8.40,8.50,3.24,3.37,11.25,,154.80,168.29,239.63,2.87,7.58,2887.96,2953.79,2821.43,0.00,,,,,,,0.11,0.02,,,,,,,1996.522
SP,7/25/1996,96.5630,13.54,9.91,101.18,,0.18,4.20,0.82,,,,,,,,,,,,,,,,,,0.00,,,,,,,,,,,,,,,1996.563
SP,8/8/1996,96.6010,14.28,9.31,97.15,,0.22,1.96,4.29,7.42,7.67,620.73,8.49,8.64,3.35,3.43,10.32,,72.26,249.94,272.81,1.66,8.29,2891.56,2819.31,2863.48,0.27,4.76,2.56,9.37,2.65,2.35,0.68,0.15,0.02,,,,,,,1996.601
SP,8/20/1996,96.6340,14.46,8.88,93.27,,0.23,3.09,1.45,,,,,,,,,,,,,,,,,,0.00,,,,,,,,,,,,,,,1996.634
SP,9/5/1996,96.6780,15.29,9.02,96.40,,0.18,2.70,2.16,7.40,8.20,,8.13,8.55,3.43,3.42,4.02,,60.05,180.72,232.74,5.91,12.94,3109.22,3014.33,3151.26,0.13,,,,,,,0.22,0.05,,,,,,,1996.678
SP,9/18/1996,96.7130,12.81,8.70,89.01,,0.19,3.42,1.42,,,,,,,,,,,,,,,,,,0.00,,,,,,,,,,,,,,,1996.713
SP,9/30/1996,96.7460,11.68,8.39,83.88,,0.22,3.40,1.32,7.46,8.06,,8.57,8.78,3.29,3.36,0.20,,52.25,204.62,226.99,3.90,8.15,2848.88,3127.92,3175.44,0.20,,,,,,,0.25,0.05,,,,,,,1996.746
SP,10/15/1996,96.7870,9.89,8.72,83.29,,0.17,3.19,2.31,,,,,,,,,,,,,,,,,,0.00,,,,,,,,,,,,,,,1996.787
SP,11/6/1996,96.8470,6.80,9.31,81.07,87.76,0.12,1.86,1.17,7.26,7.77,631.92,9.29,9.44,3.29,3.40,3.56,,84.93,175.10,202.40,4.13,11.98,3219.46,3283.04,3404.56,0.11,4.92,2.75,9.78,2.76,2.40,0.74,0.38,0.04,,,,,,,1996.847
SP,1/14/1997,97.0360,2.95,10.01,78.68,,,0.66,0.32,7.25,7.87,,9.30,9.39,3.27,3.20,34.19,,160.25,304.84,348.10,4.27,17.77,2805.77,3504.99,3493.12,0.00,,,,,,,0.27,0.14,,,,,,,1997.036
SP,2/17/1997,97.1290,2.91,9.65,75.67,93.56,,0.28,0.58,7.20,8.06,657.47,9.44,9.51,3.35,3.18,56.59,,130.59,345.77,410.13,7.44,17.14,2890.53,3534.44,3609.56,0.00,5.49,2.64,9.86,2.73,2.73,0.70,0.73,0.17,,,,,,,1997.129
SP,3/25/1997,97.2270,2.88,9.49,74.22,,,0.78,0.54,7.17,8.04,,10.29,10.45,4.19,3.28,78.37,,39.33,357.08,424.74,2.88,14.17,3243.55,3829.13,3904.55,0.00,,,,,,,1.60,0.14,,,,,,,1997.227
SP,5/6/1997,97.3420,5.81,10.93,92.87,86.13,0.12,6.62,1.60,7.40,8.02,620.11,8.69,8.92,3.11,3.18,27.61,,45.00,159.24,212.17,0.13,11.61,3006.94,3329.77,3513.77,0.10,4.95,2.53,10.00,2.81,2.39,0.66,0.00,0.01,,,,,,,1997.342
SP,5/21/1997,97.3840,7.69,11.39,101.36,,0.16,4.69,2.24,,,,,,,,,,,,,,,,,,0.00,,,,,,,,,,,,,,,1997.384
SP,6/4/1997,97.4220,10.84,10.83,103.66,,0.21,2.39,1.72,7.56,7.93,,8.38,8.46,3.12,3.11,2.84,,32.16,173.33,231.39,3.96,11.33,3040.90,2473.87,2709.37,0.23,,,,,,,0.01,0.00,,,,,,,1997.422
SP,6/18/1997,97.4600,12.01,9.89,97.31,,0.21,2.37,1.32,,,,,,,,,,,,,,,,,,0.00,,,,,,,,,,,,,,,1997.460
SP,7/1/1997,97.4960,14.39,10.91,112.25,,0.25,2.99,0.33,7.60,7.75,,8.30,8.42,3.32,3.30,1.04,,51.68,155.45,194.22,0.84,8.20,2832.61,2835.03,2969.88,0.18,,,,,,,0.02,0.03,,,,,,,1997.496
SP,7/17/1997,97.5400,14.99,10.08,105.80,,0.20,0.77,1.69,,,,,,,,,,,,,,,,,,0.00,,,,,,,,,,,,,,,1997.540
SP,7/29/1997,97.5730,15.91,9.96,106.55,,0.14,0.00,6.15,7.49,7.69,,8.08,8.30,3.46,3.42,12.85,,43.63,122.99,152.34,0.28,5.12,2674.25,2695.12,2789.73,0.17,,,,,,,0.06,0.01,,,,,,,1997.573
SP,8/13/1997,97.6140,15.39,8.11,88.29,,,0.83,11.04,,,,,,,,,,,,,,,,,,0.00,,,,,,,,,,,,,,,1997.614
SP,8/28/1997,97.6550,15.01,8.79,94.05,87.86,0.23,1.22,4.50,7.43,7.97,622.46,8.43,8.54,3.51,3.58,0.39,,45.83,104.83,153.21,3.00,10.08,2557.02,2534.82,2695.42,0.15,5.03,2.52,10.13,2.80,2.45,0.70,0.15,0.02,,,,,,,1997.655
SP,9/9/1997,97.6880,14.72,8.70,92.49,,0.23,1.25,3.17,,,,,,,,,,,,,,,,,,0.00,,,,,,,,,,,,,,,1997.688
SP,9/24/1997,97.7290,13.96,8.17,85.72,,0.19,1.02,1.80,7.26,7.99,,8.57,8.82,3.44,3.48,0.98,,58.37,214.02,223.39,8.51,10.72,2783.40,2628.66,2554.31,0.37,,,,,,,0.41,0.04,,,,,,,1997.729
SP,10/7/1997,97.7640,12.98,8.21,84.53,,0.20,1.78,5.95,,,,,,,,,,,,,,,,,,0.00,,,,,,,,,,,,,,,1997.764
SP,10/24/1997,97.8110,9.79,8.66,81.78,,0.19,0.91,4.84,7.30,7.85,,8.86,9.06,3.41,3.40,0.00,,64.00,236.39,258.13,7.44,11.91,2806.28,2579.23,2654.55,0.18,,,,,,,0.36,0.03,,,,,,,1997.811
SP,11/10/1997,97.8580,7.08,9.49,83.16,88.62,0.12,2.00,4.72,7.38,7.98,638.89,8.59,8.72,3.30,3.42,2.13,,24.03,43.49,47.30,3.49,9.00,2712.31,2521.43,2508.57,0.09,4.99,2.44,10.19,2.88,2.52,0.67,0.01,0.00,,,,,,,1997.858
SP,1/12/1998,98.0300,3.07,13.05,102.78,,1.00,9.86,1.40,7.41,7.90,,9.35,9.70,3.49,3.42,11.83,,99.32,260.50,287.89,3.40,12.06,3248.70,3001.58,3031.69,0.00,,,,,,,0.00,0.00,,,,,,,1998.030
SP,2/23/1998,98.1450,3.27,10.96,86.88,93.13,0.24,2.15,0.44,7.29,7.85,670.14,10.67,9.49,3.41,3.18,73.52,,160.66,389.01,352.29,6.29,14.57,3158.98,3023.56,2938.36,0.00,5.06,2.49,10.16,2.85,2.45,0.70,0.75,0.15,,,,,,,1998.145
SP,3/18/1998,98.2080,3.47,10.35,82.34,,0.07,5.19,0.78,7.32,7.91,,8.82,9.05,3.39,3.36,94.60,,25.68,307.10,314.11,7.10,12.51,2842.28,2918.50,2877.50,0.12,,,,,,,0.01,0.00,,,,,,,1998.208
SP,4/20/1998,98.2990,6.46,11.74,101.29,88.00,0.15,,,7.47,7.98,619.50,8.45,8.64,3.23,3.04,9.30,,10.44,241.68,279.28,6.34,9.63,2623.20,2448.65,2448.17,0.10,5.23,2.55,9.78,2.83,2.47,0.67,0.00,0.00,,,,,,,1998.299
SP,5/5/1998,98.3400,9.42,11.29,105.01,,0.20,5.85,0.29,,,,,,,,,,,,,,,,,,0.00,,,,,,,,,,,,,,,1998.340
SP,5/19/1998,98.3780,12.24,10.48,103.93,,0.24,5.28,0.07,7.53,8.00,,8.29,8.54,2.97,3.10,0.30,,24.75,191.25,249.57,3.36,9.75,2560.29,2708.39,2800.30,0.21,,,,,,,0.02,0.01,,,,,,,1998.378
SP,6/1/1998,98.4140,12.41,9.88,98.19,,0.24,4.44,0.73,,,,,,,,,,,,,,,,,,0.00,,,,,,,,,,,,,,,1998.414
SP,6/15/1998,98.4520,12.86,10.29,103.90,,0.25,3.73,0.80,7.57,8.19,,8.16,8.48,3.33,3.47,1.24,,16.77,183.04,227.70,2.92,7.44,2468.03,2643.55,2655.26,0.14,,,,,,,0.07,0.01,,,,,,,1998.452
SP,6/29/1998,98.4900,15.35,9.50,100.95,,0.29,3.35,1.05,,,,,,,,,,,,,,,,,,0.00,,,,,,,,,,,,,,,1998.490
SP,7/14/1998,98.5320,16.51,9.28,101.95,,0.25,2.73,0.78,7.45,8.10,,8.43,8.57,3.49,3.37,2.60,,27.26,170.61,207.52,2.65,8.06,2460.67,2622.69,2716.85,0.14,,,,,,,0.12,0.01,,,,,,,1998.532
SP,7/27/1998,98.5670,16.46,9.81,107.69,,0.27,3.23,1.28,,,,,,,,,,,,,,,,,,0.00,,,,,,,,,,,,,,,1998.567
SP,8/12/1998,98.6110,17.09,8.06,90.11,89.77,0.27,2.32,1.33,7.40,8.07,624.71,8.36,8.89,3.57,3.51,0.52,,47.11,196.74,241.48,4.15,8.98,2459.47,2405.14,2479.03,0.27,5.38,2.55,9.37,2.84,2.50,0.68,0.18,0.02,,,,,,,1998.611
SP,8/26/1998,98.6490,17.24,8.42,94.65,,0.29,4.33,0.98,,,,,,,,,,,,,,,,,,0.00,,,,,,,,,,,,,,,1998.649
SP,9/9/1998,98.6880,16.36,7.90,87.87,,0.27,4.10,1.40,7.38,7.97,,9.08,9.22,3.66,3.66,2.78,,40.26,177.78,238.58,2.11,9.84,2635.59,2766.92,2771.59,0.22,,,,,,,0.31,0.03,,,,,,,1998.688
SP,9/24/1998,98.7290,15.31,7.65,83.36,,0.25,3.51,1.01,,,,,,,,,,,,,,,,,,0.00,,,,,,,,,,,,,,,1998.729
SP,10/6/1998,98.7620,13.31,8.16,84.65,,0.25,3.55,1.95,7.17,7.94,,8.95,9.05,3.54,3.54,0.21,,52.29,202.46,238.60,6.73,12.44,2613.89,2682.93,2744.70,0.16,,,,,,,0.28,0.04,,,,,,,1998.762
SP,10/20/1998,98.8000,11.34,8.19,80.62,,0.22,3.68,2.31,,,,,,,,,,,,,,,,,,0.00,,,,,,,,,,,,,,,1998.800
SP,11/12/1998,98.8630,7.30,9.21,81.12,92.62,0.11,4.01,0.87,7.34,7.76,660.38,9.11,9.17,3.56,3.62,2.00,,28.99,203.29,227.85,5.49,11.87,2859.71,2619.63,2632.00,0.14,5.46,2.23,9.87,2.87,2.44,0.69,0.11,0.00,,,,,,,1998.863
SP,1/18/1999,99.0470,2.25,11.06,85.25,,1.00,2.04,1.29,7.29,7.71,,9.29,9.44,3.18,3.08,22.67,,112.97,294.06,260.50,9.34,8.71,3072.99,3194.29,3116.10,0.00,,,,,,,0.02,0.03,,,,,,,1999.047
SP,2/23/1999,99.1450,2.36,10.07,77.63,97.08,0.13,0.92,0.77,7.21,8.00,709.51,9.19,9.24,3.19,2.95,52.09,,152.91,516.18,662.08,5.67,16.35,3364.29,3493.32,3414.83,0.00,6.13,2.10,11.18,3.15,2.74,0.82,0.88,0.12,,,,,,,1999.145
SP,3/24/1999,99.2250,2.50,10.13,78.20,,0.23,2.94,0.81,7.26,7.76,,10.17,10.42,3.57,3.39,89.44,,251.13,465.31,501.94,17.91,19.79,3943.85,3972.46,3868.08,0.00,,,,,,,2.39,0.15,,,,,,,1999.225
SP,5/4/1999,99.3370,7.66,13.28,117.91,91.74,0.23,4.69,0.08,7.80,8.05,647.96,8.53,8.72,2.91,2.83,6.94,,18.03,147.66,174.61,4.97,14.09,2862.44,2715.75,2720.24,0.00,5.28,2.00,10.68,3.01,2.57,0.73,0.04,0.02,,,,,,,1999.337
SP,5/20/1999,99.3810,10.01,11.04,103.66,,0.22,2.92,10.95,,,,,,,,,,,,,,,,,,0.00,,,,,,,,,,,,,,,1999.381
SP,6/2/1999,99.4160,11.17,10.39,100.36,,0.21,3.91,0.68,7.58,8.02,,8.57,8.80,3.26,3.17,5.42,,50.92,301.36,342.55,11.76,18.88,2767.27,2628.08,2707.68,0.00,,,,,,,0.01,0.01,,,,,,,1999.416
SP,6/16/1999,99.4550,12.61,9.39,93.39,,0.28,4.35,0.83,,,,,,,,,,,,,,,,,,0.00,,,,,,,,,,,,,,,1999.455
SP,7/1/1999,99.4960,14.01,9.63,98.66,,0.22,2.72,1.48,7.59,8.18,,8.87,8.93,3.31,3.28,1.22,,45.69,189.97,224.61,5.24,10.31,2722.64,2800.29,2829.87,0.00,,,,,,,0.23,0.02,,,,,,,1999.496
SP,7/15/1999,99.5340,15.07,9.45,99.10,,0.26,3.25,2.27,,,,,,,,,,,,,,,,,,0.00,,,,,,,,,,,,,,,1999.534
SP,7/28/1999,99.5700,17.07,9.17,100.34,,0.28,3.65,2.56,7.45,7.85,,8.42,8.62,3.22,3.19,1.56,,41.87,193.48,233.30,3.90,8.97,2655.09,2573.29,2743.74,0.00,,,,,,,0.20,0.02,,,,,,,1999.570
SP,8/10/1999,99.6050,15.80,8.73,93.53,,0.26,4.10,2.89,,,,,,,,,,,,,,,,,,0.00,,,,,,,,,,,,,,,1999.605
SP,8/23/1999,99.6410,15.81,8.09,87.56,91.23,0.20,4.16,3.05,7.38,7.74,630.39,8.81,8.96,3.38,3.21,1.50,,38.66,221.31,266.89,7.79,15.17,2635.12,2691.12,2802.64,0.00,5.57,1.95,10.06,2.94,2.53,0.67,0.21,0.03,,,,,,,1999.641
SP,9/9/1999,99.6880,15.91,8.98,97.54,,0.26,2.86,2.24,,,,,,,,,,,,,,,,,,0.00,,,,,,,,,,,,,,,1999.688
SP,9/23/1999,99.7260,13.78,8.40,87.57,,0.25,4.54,2.95,7.39,7.85,,8.98,9.13,3.34,3.32,3.39,,53.24,196.04,228.50,3.54,10.99,2736.74,2456.29,2620.25,0.00,,,,,,,0.28,0.02,,,,,,,1999.726
SP,10/8/1999,99.7670,10.96,8.31,81.37,,0.23,3.02,4.14,,,,,,,,,,,,,,,,,,0.00,,,,,,,,,,,,,,,1999.767
SP,10/19/1999,99.7970,9.74,8.70,82.29,,0.18,4.59,3.50,7.28,7.87,,9.10,9.21,3.24,3.17,1.77,,43.71,285.14,263.51,5.48,10.19,2793.70,3208.06,3224.75,0.00,,,,,,,0.37,0.04,,,,,,,1999.797
SP,11/10/1999,99.8580,7.39,11.50,101.55,91.00,0.13,15.29,0.51,7.55,8.04,649.90,8.57,8.71,3.34,3.37,1.62,,12.64,199.52,220.48,4.87,9.25,2553.20,3216.62,3245.00,0.00,5.95,2.14,10.30,3.03,2.57,0.72,0.08,0.00,,,,,,,1999.858
SP,1/18/2000,0.0460,2.64,11.86,92.50,,0.08,4.81,3.58,7.33,8.00,,9.62,9.81,3.80,3.74,5.75,,97.74,324.75,384.78,5.28,13.03,3018.25,3223.29,3267.50,0.00,,,,,,,0.02,0.05,,,,,,,2000.046
SP,2/22/2000,0.1420,2.72,10.79,84.13,98.94,0.16,1.91,1.29,7.28,8.02,683.22,9.59,9.62,3.20,2.94,8.89,,196.28,395.04,440.31,8.81,13.58,3352.77,2989.71,3596.32,0.00,6.31,1.91,11.02,3.20,2.72,0.73,1.05,0.11,,,,,,,2000.142
SP,4/7/2000,0.2620,4.22,11.66,94.95,91.62,0.17,8.59,2.35,7.41,7.99,641.41,8.47,8.76,2.76,2.59,7.00,,16.67,248.64,295.20,2.13,7.00,3015.08,3209.50,3088.98,0.13,5.99,1.92,9.84,2.91,2.51,0.65,0.07,0.01,,,,,,,2000.262
SP,4/19/2000,0.2950,4.40,12.02,98.35,,0.15,7.78,1.93,,,,,,,,,,,,,,,,,,0.00,,,,,,,,,,,,,,,2000.295
SP,5/3/2000,0.3330,6.92,12.67,110.57,,0.17,3.95,4.21,7.76,8.00,,8.61,8.97,3.40,3.19,1.65,,27.41,245.32,257.77,5.45,12.29,2867.71,2924.92,2960.46,0.13,,,,,,,0.01,0.02,,,,,,,2000.333
SP,5/18/2000,0.3740,9.14,11.52,105.64,,0.22,4.22,1.06,,,,,,,,,,,,,,,,,,0.00,,,,,,,,,,,,,,,2000.374
SP,5/31/2000,0.4100,10.70,10.81,103.12,,0.24,1.39,1.05,7.60,7.99,,8.66,8.92,3.25,3.10,3.20,,36.16,172.59,217.81,2.87,8.78,2845.37,3029.66,3009.02,0.12,,,,,,,0.02,0.01,,,,,,,2000.410
SP,6/14/2000,0.4480,12.28,10.55,104.21,,0.23,3.96,2.24,,,,,,,,,,,,,,,,,,0.00,,,,,,,,,,,,,,,2000.448
SP,6/28/2000,0.4860,13.06,10.03,100.95,,0.24,4.40,0.79,7.46,7.86,,8.84,9.04,3.43,3.37,3.30,,35.43,249.08,271.93,4.44,9.48,2847.37,2836.87,2950.87,0.20,,,,,,,0.03,0.04,,,,,,,2000.486
SP,7/13/2000,0.5270,14.83,10.12,105.82,,0.20,5.11,0.53,,,,,,,,,,,,,,,,,,0.00,,,,,,,,,,,,,,,2000.527
SP,7/27/2000,0.5660,14.86,9.12,96.18,,0.22,3.33,0.81,7.43,7.97,,8.97,9.13,3.54,3.49,2.02,,40.43,263.90,318.77,5.03,10.89,2748.05,2616.86,2837.51,0.49,,,,,,,0.31,0.03,,,,,,,2000.566
SP,8/9/2000,0.6010,15.85,8.80,95.06,,0.31,4.05,0.45,,,,,,,,,,,,,,,,,,0.00,,,,,,,,,,,,,,,2000.601
SP,8/22/2000,0.6370,15.75,8.72,95.05,92.38,0.26,3.49,0.38,7.58,7.93,631.62,8.88,9.09,3.72,3.72,0.99,,25.42,245.23,287.42,6.78,10.28,2862.93,2668.26,2699.18,0.28,5.74,1.37,10.40,2.92,2.55,0.70,0.21,0.02,,,,,,,2000.637
SP,9/7/2000,0.6800,15.12,7.98,86.10,,0.23,2.18,2.51,,,,,,,,,,,,,,,,,,0.00,,,,,,,,,,,,,,,2000.680
SP,9/19/2000,0.7130,14.53,8.24,88.23,,0.25,3.91,2.04,7.33,7.84,,9.01,9.10,3.88,3.75,1.38,,63.00,246.74,297.30,4.82,13.01,2670.76,2782.52,2834.02,0.21,,,,,,,0.29,0.04,,,,,,,2000.713
SP,10/4/2000,0.7540,12.67,8.22,84.62,,0.21,4.67,2.59,,,,,,,,,,,,,,,,,,0.00,,,,,,,,,,,,,,,2000.754
SP,10/18/2000,0.7920,10.83,8.43,82.44,,0.24,4.96,3.03,7.24,7.68,,9.26,9.34,3.81,3.83,3.38,,52.06,260.44,309.26,10.03,13.05,2750.32,3025.73,3049.88,0.21,,,,,,,0.35,0.04,,,,,,,2000.792
SP,11/2/2000,0.8330,10.16,8.81,84.44,,0.21,4.01,4.10,,,,,,,,,,,,,,,,,,0.00,,,,,,,,,,,,,,,2000.833
SP,11/17/2000,0.8740,7.12,9.93,87.06,93.00,0.16,5.48,1.39,7.32,7.90,656.62,9.01,9.05,3.38,3.39,3.89,,42.86,227.77,267.12,3.38,10.24,2814.44,2868.35,2916.13,0.09,5.95,2.22,10.40,2.95,2.62,0.72,0.07,0.02,,,,,,,2000.874
SP,1/22/2001,1.0580,3.11,9.81,77.35,,0.31,1.83,0.31,7.25,7.90,,9.42,9.60,3.46,3.50,10.90,,103.79,287.89,303.10,4.53,10.83,3016.19,2950.17,3085.86,0.00,,,,,,,0.06,0.06,,,,,,,2001.058
SP,2/28/2001,1.1590,3.08,9.02,70.87,96.66,0.44,0.78,0.22,7.23,7.94,683.70,9.04,9.10,3.02,2.71,38.97,,147.17,395.09,421.98,4.64,14.62,3332.01,3125.07,3201.73,0.00,6.23,2.08,10.76,3.07,2.73,0.70,0.81,0.17,,,,,,,2001.159
SP,4/3/2001,1.2520,3.44,9.14,72.56,,0.29,2.16,0.27,7.10,7.94,,9.62,9.57,3.32,3.25,72.37,,48.00,288.89,316.84,6.09,16.42,3139.19,3212.93,3301.12,0.00,,,,,,,0.10,0.03,,,,,,,2001.252
SP,4/30/2001,1.3260,7.16,12.57,110.63,91.74,0.16,10.04,0.80,7.48,7.97,649.82,8.59,8.90,3.44,3.22,16.91,,23.65,144.91,187.80,3.51,8.64,2955.45,3056.76,3696.41,0.09,5.90,2.29,10.34,2.97,2.65,0.67,0.04,0.00,,,,,,,2001.326
SP,5/14/2001,1.3640,9.75,10.69,100.42,,0.21,4.08,0.49,,,,,,,,,,,,,,,,,,0.00,,,,,,,,,,,,,,,2001.364
SP,5/29/2001,1.4050,11.32,10.34,100.28,,0.24,3.90,0.15,7.57,7.92,,8.57,8.58,3.18,3.14,8.02,,13.62,198.92,227.15,1.36,4.03,2753.29,2982.93,3066.82,0.10,,,,,,,0.01,0.01,,,,,,,2001.405
SP,6/11/2001,1.4410,12.69,11.05,110.74,,0.29,5.48,0.03,,,,,,,,,,,,,,,,,,0.00,,,,,,,,,,,,,,,2001.441
SP,6/26/2001,1.4820,14.74,11.37,118.96,,0.25,3.23,0.76,7.60,7.89,,8.31,8.60,3.22,3.25,0.94,,10.66,229.97,239.45,5.59,8.84,2707.98,2577.27,2650.58,0.14,,,,,,,0.00,0.00,,,,,,,2001.482
SP,7/9/2001,1.5180,15.45,10.20,108.16,,0.25,3.77,0.44,,,,,,,,,,,,,,,,,,0.00,,,,,,,,,,,,,,,2001.518
SP,7/24/2001,1.5590,17.35,9.49,105.02,,0.29,4.60,0.12,7.52,7.94,,8.71,8.79,3.45,3.39,3.15,,51.27,140.20,130.79,1.88,4.08,2658.15,2843.98,2874.71,0.11,,,,,,,0.02,0.03,,,,,,,2001.559
SP,8/6/2001,1.5950,17.88,9.07,101.75,,0.28,2.69,0.47,,,,,,,,,,,,,,,,,,0.00,,,,,,,,,,,,,,,2001.595
SP,8/20/2001,1.6330,17.05,8.66,96.32,92.63,0.33,2.04,0.72,7.49,8.00,658.15,8.37,8.44,3.41,3.35,4.42,,42.39,249.66,299.71,0.57,7.17,2781.30,3087.00,3135.23,0.12,4.31,2.30,10.80,3.10,2.73,0.70,0.17,0.03,,,,,,,2001.633
SP,9/4/2001,1.6740,16.82,8.77,97.86,,0.23,2.08,2.04,,,,,,,,,,,,,,,,,,0.00,,,,,,,,,,,,,,,2001.674
SP,9/18/2001,1.7120,15.28,8.34,90.22,,0.30,2.09,3.13,7.40,7.84,,9.01,9.16,3.42,3.54,4.11,,43.27,219.51,259.78,4.36,9.92,3010.24,2982.27,3068.47,0.11,,,,,,,0.28,0.03,,,,,,,2001.712
SP,10/2/2001,1.7510,13.39,8.35,86.89,,0.28,1.70,3.65,,,,,,,,,,,,,,,,,,0.00,,,,,,,,,,,,,,,2001.751
SP,10/15/2001,1.7860,11.85,8.45,84.08,,0.28,2.58,2.28,7.33,7.62,,8.73,8.76,3.38,3.17,19.62,,123.77,234.73,281.19,1.23,4.22,2959.86,3024.81,3265.75,0.33,,,,,,,0.38,0.05,,,,,,,2001.786
SP,10/29/2001,1.8250,9.13,9.56,88.13,,0.20,2.00,3.66,,,,,,,,,,,,,,,,,,0.00,,,,,,,,,,,,,,,2001.825
SP,11/15/2001,1.8710,7.92,10.81,96.69,95.49,0.19,3.25,0.65,7.48,7.78,649.05,8.98,9.06,3.37,3.32,13.27,,48.14,183.60,229.13,13.54,14.12,2918.12,2846.58,2932.58,0.08,4.41,2.29,10.70,3.00,2.64,0.69,0.02,0.01,,,,,,,2001.871
SP,1/16/2002,2.0410,2.46,12.59,97.71,,0.22,0.32,0.56,7.33,7.99,,9.05,9.18,3.34,3.17,15.98,,74.31,433.99,477.18,3.10,5.38,3107.17,3125.41,3176.52,0.00,,,,,,,,,,,,,,,2002.041
SP,2/28/2002,2.1590,2.60,11.49,89.19,98.76,0.28,0.15,0.40,7.31,7.84,671.38,8.89,8.90,3.17,3.06,47.52,,39.67,401.67,421.49,3.90,5.47,3220.66,3275.79,3337.26,0.00,6.21,2.73,10.73,3.06,2.40,0.69,0.04,0.03,,,,,,,2002.159
SP,4/1/2002,2.2470,2.56,10.83,83.92,,0.42,1.68,1.20,7.30,7.93,,9.82,9.95,3.02,2.93,55.47,,314.89,687.68,696.27,59.30,73.29,3742.25,3856.71,3855.51,0.00,,,,,,,,,,,,,,,2002.247
SP,4/23/2002,2.3070,4.07,11.46,93.00,93.12,0.18,2.30,2.20,7.19,7.94,636.01,8.92,9.14,2.94,2.90,63.44,,40.51,302.74,416.08,11.13,23.35,2851.91,3074.33,3041.85,0.10,5.93,2.56,10.54,2.98,2.61,0.69,0.07,0.01,,,,,,,2002.307
SP,5/7/2002,2.3450,5.98,12.13,103.38,,0.17,5.54,1.58,7.60,,,,,,,,,,,,,,,,,0.00,,,,,,,,,,,,,,,2002.345
SP,5/22/2002,2.3860,8.19,13.11,118.13,,0.16,5.97,0.61,7.83,7.94,,8.25,8.53,3.20,3.27,12.41,,8.94,195.23,265.49,3.25,9.13,2772.52,2802.48,2948.06,0.04,,,,,,,,,,,,,,,2002.386
SP,6/5/2002,2.4250,11.26,12.53,120.88,,0.22,5.29,0.81,,,,,,,,,,,,,,,,,,0.00,,,,,,,,,,,,,,,2002.425
SP,6/19/2002,2.4630,13.08,10.46,105.12,,0.24,3.11,1.61,7.61,7.97,,8.28,8.34,3.38,3.42,4.10,,21.45,277.79,404.87,6.57,12.93,2659.39,2452.65,2617.33,0.25,,,,,,,,,,,,,,,2002.463
SP,7/3/2002,2.5010,15.85,10.21,108.10,,0.23,2.32,1.19,,,,,,,,,,,,,,,,,,0.00,,,,,,,,,,,,,,,2002.501
SP,7/17/2002,2.5400,16.90,9.89,107.66,,0.23,2.18,3.07,7.57,8.03,,8.63,8.76,3.37,3.37,11.15,,27.89,258.15,316.70,7.99,12.74,2700.71,2589.46,2717.62,0.24,,,,,,,,,,,,,,,2002.540
SP,7/30/2002,2.5750,17.14,9.55,105.75,,0.24,4.81,2.08,,,,,,,,,,,,,,,,,,0.00,,,,,,,,,,,,,,,2002.575
SP,8/14/2002,2.6160,16.96,9.24,102.34,93.34,0.24,4.68,4.54,7.51,8.01,646.81,8.61,8.82,3.62,3.66,6.62,,37.66,294.34,337.85,4.81,10.94,2748.24,2553.13,2623.54,0.22,6.23,2.72,10.29,2.95,2.62,0.67,0.22,0.03,,,,,,,2002.616
SP,8/29/2002,2.6580,16.85,8.73,97.21,,0.23,5.19,0.18,,,,,,,,,,,,,,,,,,0.00,,,,,,,,,,,,,,,2002.658
SP,9/12/2002,2.6960,16.89,8.33,93.67,,0.24,4.31,0.64,7.45,8.05,,8.93,9.06,3.48,3.44,1.37,,33.00,246.66,296.36,4.08,11.47,2648.63,2863.24,2865.53,0.35,,,,,,,,,,,,,,,2002.696
SP,9/26/2002,2.7340,14.46,8.01,85.38,,,4.91,1.11,,,,,,,,,,,,,,,,,,0.00,,,,,,,,,,,,,,,2002.734
SP,10/9/2002,2.7700,12.42,8.55,86.59,,0.18,4.08,1.59,7.41,7.70,,6.12,8.65,2.24,3.24,3.63,,43.76,202.75,264.70,6.33,11.04,2636.44,2670.60,2757.05,0.21,,,,,,,,,,,,,,,2002.770
SP,10/24/2002,2.8110,8.97,9.93,91.33,,0.14,4.21,1.65,,,,,,,,,,,,,,,,,,0.00,,,,,,,,,,,,,,,2002.811
SP,11/7/2002,2.8490,6.44,10.06,86.72,98.49,0.14,3.98,0.09,7.40,7.68,655.48,8.64,8.78,3.26,3.12,4.53,,33.61,225.46,259.75,5.86,11.38,3091.40,2727.97,2838.04,0.11,6.47,2.28,10.55,2.99,2.65,0.68,0.06,0.00,,,,,,,2002.849
SP,1/15/2003,3.0380,3.36,12.17,96.80,,,3.82,0.96,7.48,7.91,,10.07,10.12,3.74,3.55,13.20,,95.30,390.18,474.44,14.26,16.35,3265.33,3411.69,3406.64,0.00,,,,,,,,,,,,,,,2003.038
SP,3/6/2003,3.1750,3.46,8.97,71.24,102.34,0.35,2.40,0.84,7.23,7.86,703.52,10.12,10.26,3.76,3.71,51.35,,115.60,355.54,361.53,5.40,10.66,3087.46,3204.71,3340.83,0.00,7.09,2.41,11.12,3.12,2.72,0.73,0.07,0.06,,,,,,,2003.175
SP,4/2/2003,3.2490,3.98,9.57,77.41,,0.25,6.42,1.84,7.22,7.84,,8.91,9.19,3.07,2.88,58.01,,266.86,474.34,580.33,27.87,32.92,3287.15,,997.00,0.00,,,,,,,,,,,,,,,2003.249
SP,4/29/2003,3.3230,6.06,11.02,94.36,94.48,0.21,4.17,0.89,7.15,7.93,663.36,9.30,9.54,3.24,3.13,28.35,,79.52,553.91,595.39,7.79,16.40,2987.96,,,0.23,6.49,2.31,10.25,2.89,2.51,0.65,0.10,0.04,,,,,,,2003.323
SP,5/14/2003,3.3640,8.39,9.89,90.43,,0.19,5.75,1.21,7.39,,,,,,,,,,,,,,,,,0.00,,,,,,,,,,,,,,,2003.364
SP,5/30/2003,3.4080,10.88,9.71,94.84,,,5.00,1.01,7.38,7.90,,8.91,9.00,3.40,3.35,9.33,,14.78,246.01,354.33,5.50,13.15,2619.09,,,0.34,,,,,,,,,,,,,,,2003.408
SP,6/9/2003,3.4360,11.69,9.04,90.17,,0.19,5.04,1.52,,,,,,,,,,,,,,,,,,0.00,,,,,,,,,,,,,,,2003.436
SP,6/23/2003,3.4740,14.00,9.26,96.93,,0.23,3.91,0.53,7.41,8.06,,8.42,8.61,3.58,3.52,4.87,,22.82,235.92,294.85,3.57,9.71,2498.06,,,0.28,,,,,,,,,,,,,,,2003.474
SP,7/7/2003,3.5120,14.88,9.23,98.64,,0.25,3.46,1.38,,,,,,,,,,,,,,,,,,0.00,,,,,,,,,,,,,,,2003.512
SP,7/21/2003,3.5510,15.42,8.80,95.17,,0.23,3.29,1.85,7.51,7.96,,8.75,8.91,3.57,3.46,5.30,,23.09,215.40,245.01,6.27,11.85,2282.87,,,0.30,,,,,,,,,,,,,,,2003.551
SP,8/4/2003,3.5890,16.23,9.09,100.22,,0.27,7.00,0.85,,,,,,,,,,,,,,,,,,0.00,,,,,,,,,,,,,,,2003.589
SP,8/20/2003,3.6330,17.60,8.29,94.17,95.64,0.27,4.53,0.88,7.53,8.17,661.69,9.13,9.23,3.91,3.72,3.14,,84.77,237.40,272.57,7.66,15.38,2163.16,,,0.32,6.76,2.32,10.18,2.91,2.54,0.67,0.23,0.02,,,,,,,2003.633
SP,9/3/2003,3.6710,16.43,8.23,91.73,,0.25,3.49,2.55,,,,,,,,,,,,,,,,,,0.00,,,,,,,,,,,,,,,2003.671
SP,9/16/2003,3.7070,15.91,7.95,87.81,,0.24,4.07,1.83,7.46,7.91,,8.98,9.08,3.44,3.39,0.43,,31.49,326.09,371.85,5.14,11.39,2427.53,,,0.23,,,,,,,,,,,,,,,2003.707
SP,10/1/2003,3.7480,12.46,7.93,80.92,,0.29,4.82,2.35,,,,,,,,,,,,,,,,,,0.00,,,,,,,,,,,,,,,2003.748
SP,10/14/2003,3.7840,11.93,8.25,82.72,,,4.04,2.27,7.29,7.88,,9.38,9.38,3.61,3.55,3.74,,77.57,265.27,359.04,5.98,14.89,2508.57,,,0.26,,,,,,,,,,,,,,,2003.784
SP,10/28/2003,3.8220,9.67,8.43,79.21,,0.24,3.41,3.20,,,,,,,,,,,,,,,,,,0.00,,,,,,,,,,,,,,,2003.822
SP,11/13/2003,3.8660,5.68,11.40,96.45,96.62,0.13,3.06,0.64,7.33,7.99,666.09,7.01,7.00,5.57,5.57,2.63,,27.59,242.70,288.10,2.02,7.14,2533.73,,,0.04,7.01,2.38,10.54,3.02,2.74,0.69,0.11,0.00,,,,,,,2003.866
SP,1/12/2004,4.0300,3.10,11.44,90.28,,0.20,3.14,1.00,7.29,7.98,,8.94,8.67,3.14,2.76,20.84,,99.30,405.35,419.37,3.76,10.56,3053.31,,,0.00,,,,,,,,,,,,,,,2004.030
SP,2/18/2004,4.1310,3.01,9.80,77.07,103.45,1.00,1.40,0.65,7.22,7.91,701.14,10.46,10.40,3.42,3.21,59.75,,171.05,484.44,549.73,6.15,15.86,3459.48,,,0.00,6.06,2.14,12.54,3.47,2.99,0.70,1.41,0.22,,,,,,,2004.131
SP,4/7/2004,4.2650,3.63,9.44,75.63,,0.30,0.76,0.56,7.18,7.56,,8.55,10.89,2.87,3.35,89.84,,310.15,604.27,638.16,21.28,26.79,3004.70,,,0.00,,,,,,,,,,,,,,,2004.265
SP,4/30/2004,4.3280,6.14,11.21,95.97,93.14,,6.70,0.27,7.39,7.86,638.15,8.86,9.03,3.15,3.17,58.38,,13.71,315.15,340.58,9.96,12.14,2813.83,,,0.08,5.52,2.13,10.24,2.87,2.55,0.62,0.04,0.00,,,,,,,2004.328
SP,5/10/2004,4.3550,7.85,12.09,108.14,,,5.10,3.32,,,,,,,,,,,,,,,,,,0.00,,,,,,,,,,,,,,,2004.355
SP,5/24/2004,4.3930,9.83,10.74,100.85,,0.18,4.12,1.50,7.57,7.85,,7.50,8.59,3.31,3.11,13.38,,70.12,265.30,341.57,3.27,9.27,2537.58,,,0.16,,,,,,,,,,,,,,,2004.393
SP,6/7/2004,4.4320,11.78,11.27,110.91,,0.26,2.40,1.55,,,,,,,,,,,,,,,,,,0.00,,,,,,,,,,,,,,,2004.432
SP,6/22/2004,4.4730,13.62,10.72,109.28,,0.23,2.47,1.66,7.59,7.96,,8.39,8.54,3.32,3.29,13.20,,60.97,274.55,290.60,2.35,7.28,2544.20,,,0.20,,,,,,,,,,,,,,,2004.473
SP,7/6/2004,4.5110,14.19,9.42,97.59,,0.19,2.08,1.15,,,,,,,,,,,,,,,,,,0.00,,,,,,,,,,,,,,,2004.511
SP,7/21/2004,4.5520,15.98,9.75,105.12,,0.24,1.78,1.07,7.46,7.94,,8.59,8.73,3.48,3.43,13.78,,35.35,247.56,259.46,1.88,5.57,2727.52,,,0.26,,,,,,,,,,,,,,,2004.552
SP,8/2/2004,4.5850,16.41,9.86,106.67,,0.27,1.78,1.07,,,,,,,,,,,,,,,,,,0.00,,,,,,,,,,,,,,,2004.585
SP,8/16/2004,4.6230,15.17,5.99,65.33,94.90,0.26,1.81,2.50,7.55,7.92,647.90,8.64,8.78,3.44,3.42,16.45,,204.01,240.56,250.56,3.50,9.04,2665.48,,,0.16,7.01,2.41,11.31,3.11,3.08,0.70,0.05,0.00,,,,,,,2004.623
SP,8/30/2004,4.6610,15.11,9.06,97.09,,0.24,2.28,2.60,,,,,,,,,,,,,,,,,,0.00,,,,,,,,,,,,,,,2004.661
SP,9/13/2004,4.6990,15.56,8.91,96.85,,0.25,3.47,1.82,7.40,7.93,,8.54,8.67,3.37,3.30,2.20,,34.19,237.55,232.26,5.94,9.79,2720.06,,,0.38,,,,,,,,,,,,,,,2004.699
SP,9/29/2004,4.7430,14.67,8.40,89.67,,0.21,4.25,0.98,,,,,,,,,,,,,,,,,,0.00,,,,,,,,,,,,,,,2004.743
SP,10/11/2004,4.7760,12.59,10.28,104.46,,0.21,4.52,0.89,7.22,7.96,,9.28,9.27,3.38,3.22,2.84,,87.09,234.25,264.66,8.52,11.62,2967.86,,,0.19,,,,,,,,,,,,,,,2004.776
SP,10/25/2004,4.8140,10.42,8.81,84.37,,0.19,5.20,0.81,,,,,,,,,,,,,,,,,,0.00,,,,,,,,,,,,,,,2004.814
SP,11/10/2004,4.8580,8.19,9.78,88.14,96.00,0.12,4.15,1.27,7.40,7.98,638.25,8.55,8.67,3.13,3.12,5.81,,77.22,202.48,228.90,3.00,8.00,2815.79,,,0.12,3.02,1.23,11.08,3.06,3.25,0.66,0.06,0.01,,,,,,,2004.858
SP,1/19/2005,5.0490,1.99,12.89,98.57,,0.15,5.21,0.49,7.36,7.82,,9.45,9.60,3.05,2.99,12.73,,175.64,286.24,348.10,2.65,13.57,3185.30,,,0.00,,,,,,,,,,,,,,,2005.049
SP,2/25/2005,5.1510,2.23,11.88,91.34,105.18,0.21,4.31,0.91,6.98,7.59,757.34,9.53,9.51,3.34,3.19,63.54,,213.70,555.74,584.99,15.09,19.69,3506.75,,,0.00,6.53,2.29,11.16,3.15,2.78,0.71,1.88,0.07,,,,,,,2005.151
SP,4/6/2005,5.2600,3.15,11.22,88.74,,0.22,3.98,0.50,7.31,7.52,,9.34,9.52,3.07,2.92,27.28,,315.52,445.71,574.15,46.12,66.41,3247.35,,,0.00,,,,,,,,,,,,,,,2005.260
SP,4/20/2005,5.2990,6.39,11.83,102.22,96.09,0.21,7.27,0.24,7.34,7.89,660.55,9.14,9.33,3.05,3.03,6.72,,89.89,210.81,252.31,3.88,12.25,3266.16,,,0.18,6.31,2.57,11.37,3.11,2.80,0.66,0.07,0.02,,,,,,,2005.299
SP,5/2/2005,5.3320,6.25,12.21,104.80,,0.20,8.88,0.16,,,,,,,,,,,,,,,,,,0.00,,,,,,,,,,,,,,,2005.332
SP,5/19/2005,5.3780,8.68,11.61,105.91,,0.25,5.18,1.73,7.61,7.87,,8.75,8.95,3.40,3.56,2.27,,35.50,187.25,227.75,4.00,10.14,2928.68,,,0.07,,,,,,,,,,,,,,,2005.378
SP,6/1/2005,5.4140,11.42,11.43,110.98,,0.26,1.18,0.36,,,,,,,,,,,,,,,,,,0.00,,,,,,,,,,,,,,,2005.414
SP,6/13/2005,5.4470,14.22,10.54,108.11,,0.27,3.19,0.65,7.59,7.94,,9.44,9.69,3.64,3.62,1.96,,16.93,195.45,248.41,3.41,9.71,2733.74,,,0.20,,,,,,,,,,,,,,,2005.447
SP,6/27/2005,5.4850,15.65,10.87,114.39,,0.30,2.45,0.50,,,,,,,,,,,,,,,,,,0.00,,,,,,,,,,,,,,,2005.485
SP,7/12/2005,5.5260,17.27,10.05,110.52,,0.33,2.15,0.36,7.59,8.04,,8.92,9.10,3.57,3.46,2.94,,47.18,222.55,240.21,5.13,5.89,2693.71,,,0.20,,,,,,,,,,,,,,,2005.526
SP,7/25/2005,5.5620,17.83,9.75,108.85,,0.26,2.51,0.67,,,,,,,,,,,,,,,,,,0.00,,,,,,,,,,,,,,,2005.562
SP,8/9/2005,5.6030,18.26,9.46,107.21,96.38,0.30,3.23,0.32,7.49,7.91,634.23,9.02,9.12,3.41,3.38,2.89,,18.53,288.87,320.26,3.96,10.74,2762.70,,,0.28,5.78,2.25,10.93,3.03,2.80,0.64,0.09,0.02,,,,,,,2005.603
SP,8/22/2005,5.6380,17.38,8.63,96.36,,0.27,2.84,1.49,,,,,,,,,,,,,,,,,,0.00,,,,,,,,,,,,,,,2005.638
SP,9/8/2005,5.6850,16.89,8.42,93.72,,0.26,3.35,3.33,7.38,7.90,,9.12,9.12,3.41,3.28,0.91,,32.81,247.32,305.57,2.29,10.65,2865.33,,,0.28,,,,,,,,,,,,,,,2005.685
SP,9/19/2005,5.7150,17.12,8.27,92.60,,0.23,2.22,3.52,,,,,,,,,,,,,,,,,,0.00,,,,,,,,,,,,,,,2005.715
SP,10/3/2005,5.7530,15.31,8.29,89.64,,0.25,4.39,1.24,7.42,7.92,,9.64,9.56,3.37,3.45,1.01,,35.04,250.16,305.78,4.91,11.72,2854.98,,,0.18,,,,,,,,,,,,,,,2005.753
SP,10/17/2005,5.7920,13.41,8.88,91.59,,0.23,3.80,1.25,,,,,,,,,,,,,,,,,,0.00,,,,,,,,,,,,,,,2005.792
SP,11/15/2005,5.8710,8.49,9.04,81.98,97.00,0.13,4.45,0.31,7.40,7.88,667.64,9.07,9.26,3.34,3.29,1.51,,19.14,105.75,260.07,2.79,10.98,2924.17,,,0.05,6.06,2.26,11.24,3.22,3.01,0.70,0.07,0.00,,,,,,,2005.871
SP,1/17/2006,6.0440,3.48,10.62,84.66,,0.37,3.78,0.08,7.28,7.86,,8.37,8.40,2.78,2.64,27.21,,93.29,294.35,311.62,4.39,7.11,3330.72,,,0.00,,,,,,,,,,,,,,,2006.044
SP,2/13/2006,6.1180,3.42,9.64,76.45,104.07,0.68,1.66,0.29,7.26,7.85,738.98,3.04,3.03,11.44,10.18,6.18,,208.29,334.31,472.25,14.56,20.51,3739.28,,,0.00,7.26,2.43,11.65,3.33,2.95,0.71,1.54,0.09,,,,,,,2006.118
SP,3/31/2006,6.2440,3.64,9.32,74.19,,0.26,2.79,0.52,7.16,7.66,,8.37,8.25,2.19,1.98,77.58,,389.53,723.44,724.93,67.31,66.73,3847.26,,,0.00,,,,,,,,,,,,,,,2006.244
SP,4/20/2006,6.2990,6.39,10.21,88.45,97.71,0.17,7.80,0.00,7.17,7.92,663.39,8.33,8.24,2.67,2.55,38.11,,21.57,246.70,247.71,4.14,10.90,3263.35,,,0.05,6.96,2.50,10.31,3.09,2.75,0.59,0.07,0.00,,,,,,,2006.299
SP,5/2/2006,6.3320,8.06,10.24,92.82,,0.18,8.86,0.00,,,,,,,,,,,,,,,,,,0.00,,,,,,,,,,,,,,,2006.332
SP,5/18/2006,6.3750,9.35,9.84,91.91,,0.21,7.06,0.68,7.44,7.90,,8.13,8.31,3.22,3.21,7.94,,28.35,217.31,281.73,4.42,11.51,3061.18,,,0.17,,,,,,,,,,,,,,,2006.375
SP,5/31/2006,6.4110,13.03,10.18,103.88,,0.22,8.78,0.33,,,,,,,,,,,,,,,,,,0.00,,,,,,,,,,,,,,,2006.411
SP,6/15/2006,6.4520,14.42,9.80,102.84,,0.27,4.92,0.72,7.46,7.98,,,,,,0.99,,44.47,204.20,285.38,5.24,11.88,2895.57,,,0.13,,,,,,,,,,,,,,,2006.452
SP,6/28/2006,6.4880,15.38,9.55,102.30,,0.26,5.00,0.63,,,,,,,,,,,,,,,,,,0.00,,,,,,,,,,,,,,,2006.488
SP,7/12/2006,6.5260,16.54,9.26,102.36,,0.28,2.40,0.65,7.41,7.88,,8.52,9.01,3.25,3.15,1.26,,95.52,227.47,285.29,5.18,12.94,2928.73,,,0.26,,,,,,,,,,,,,,,2006.526
SP,7/26/2006,6.5640,17.90,8.66,98.28,,0.23,5.93,0.74,,,,,,,,,,,,,,,,,,0.00,,,,,,,,,,,,,,,2006.564
SP,8/9/2006,6.6030,18.63,8.98,103.25,98.83,0.29,4.23,2.27,7.53,8.00,655.47,8.29,8.41,3.24,3.37,1.22,,45.09,172.49,195.20,2.05,6.96,2788.33,,,0.28,7.67,2.37,14.76,4.18,3.63,0.62,0.14,0.02,,,,,,,2006.603
SP,8/24/2006,6.6440,17.92,8.67,99.14,,0.26,3.67,1.56,,,,,,,,,,,,,,,,,,0.00,,,,,,,,,,,,,,,2006.644
SP,9/8/2006,6.6850,17.52,8.20,93.17,,0.25,2.88,2.09,7.52,8.07,,8.53,8.51,2.90,2.91,1.62,,46.40,213.49,247.59,7.00,14.12,2874.91,,,0.12,,,,,,,,,,,,,,,2006.685
SP,9/21/2006,6.7210,15.01,7.77,83.88,,0.22,2.85,2.79,,,,,,,,,,,,,,,,,,0.00,,,,,,,,,,,,,,,2006.721
SP,10/4/2006,6.7560,13.61,7.85,81.83,,0.22,3.13,1.61,7.37,7.75,,9.17,9.64,3.08,3.03,1.46,,42.98,247.59,289.99,4.64,9.99,2876.20,,,0.14,,,,,,,,,,,,,,,2006.756
SP,10/19/2006,6.7970,10.14,8.53,80.85,,0.17,2.47,1.67,,,,,,,,,,,,,,,,,,0.00,,,,,,,,,,,,,,,2006.797
SP,10/30/2006,6.8270,8.18,9.31,83.82,101.38,0.12,3.12,0.62,7.37,7.86,655.02,8.46,8.57,3.03,2.97,2.57,,36.00,222.19,246.75,6.00,8.90,2856.98,,,0.05,5.73,2.10,10.36,3.11,2.96,0.68,0.06,0.00,,,,,,,2006.827
SP,1/15/2007,7.0380,3.39,12.00,95.22,,0.25,4.46,1.04,7.56,7.92,,8.99,9.08,2.86,2.69,102.74,,23.57,326.57,331.26,4.19,9.52,3845.71,,,0.00,,,,,,,,,,,,,,,2007.038
SP,2/20/2007,7.1370,3.36,10.41,82.39,109.86,0.27,1.97,0.72,7.29,7.88,727.82,9.06,9.31,2.74,2.66,101.98,,27.54,270.61,296.72,3.52,6.80,3948.59,,,0.00,7.49,2.52,11.86,3.39,3.19,0.77,0.03,0.04,,,,,,,2007.137
SP,3/28/2007,7.2360,4.38,10.54,86.22,,0.18,3.13,0.08,6.67,6.82,,5.79,5.54,1.86,1.76,69.09,,51.99,196.36,206.73,1.49,4.60,2499.59,,,0.00,,,,,,,,,,,,,,,2007.236
SP,4/24/2007,7.3100,7.14,11.95,104.95,100.62,0.13,8.41,0.43,7.51,7.89,672.89,7.90,8.12,2.73,2.70,4.23,,4.71,199.47,265.00,3.33,8.57,3558.30,,,0.09,7.53,2.25,11.14,3.20,2.98,0.70,0.02,0.00,,,,,,,2007.310
SP,5/9/2007,7.3510,9.26,11.05,102.34,,0.14,7.05,0.00,,,,,,,,,,,,,,,,,,0.00,,,,,,,,,,,,,,,2007.351
SP,5/21/2007,7.3840,10.72,10.32,99.03,,0.17,5.05,0.64,7.60,7.85,,7.68,7.95,2.86,2.83,1.67,,5.77,214.71,271.20,3.27,9.96,3366.27,,,0.21,,,,,,,,,,,,,,,2007.384
SP,6/6/2007,7.4270,12.69,9.69,97.28,,0.18,4.07,0.63,,,,,,,,,,,,,,,,,,0.00,,,,,,,,,,,,,,,2007.427
SP,6/19/2007,7.4630,15.13,9.09,96.24,,0.16,2.86,0.50,7.48,7.98,,8.23,8.35,2.94,2.86,5.69,,22.66,226.88,318.26,4.74,11.95,3222.30,,,0.20,,,,,,,,,,,,,,,2007.463
SP,7/2/2007,7.4990,16.08,8.91,96.55,,0.17,4.43,0.00,,,,,,,,,,,,,,,,,,0.00,,,,,,,,,,,,,,,2007.499
SP,7/16/2007,7.5370,16.37,8.69,94.72,,0.18,3.38,1.04,7.58,7.93,,8.18,8.40,3.34,2.97,6.45,,30.65,231.71,295.05,5.77,11.35,3113.91,,,0.23,,,,,,,,,,,,,,,2007.537
SP,7/23/2007,7.5560,16.95,9.24,102.09,,0.18,3.29,0.80,7.53,7.98,,8.12,8.23,3.13,3.15,,,,,,,,3147.26,,,0.37,,,,,,,,,,,,,,,2007.556
SP,7/30/2007,7.5750,18.20,9.71,109.91,,0.20,2.61,0.91,,,,,,,,,,,,,,,,,,0.00,,,,,,,,,,,,,,,2007.575
SP,8/13/2007,7.6140,18.94,8.52,97.98,103.30,0.25,2.83,1.03,7.51,8.03,686.59,8.06,8.23,2.97,2.93,26.45,,2.15,199.86,224.94,3.59,8.40,3419.82,,,0.29,6.60,2.31,11.78,3.36,3.09,0.71,0.03,0.02,,,,,,,2007.614
SP,8/27/2007,7.6520,16.87,8.17,91.07,,0.18,2.47,0.81,,,,,,,,,,,,,,,,,,0.00,,,,,,,,,,,,,,,2007.652
SP,9/11/2007,7.6930,16.90,7.92,89.04,,0.16,3.90,1.01,7.38,7.97,,8.41,8.68,3.21,3.00,2.76,,34.52,206.42,241.86,6.31,11.20,3430.56,,,0.18,,,,,,,,,,,,,,,2007.693
SP,9/24/2007,7.7290,15.17,7.86,85.39,,0.19,3.55,0.68,,,,,,,,,,,,,,,,,,0.00,,,,,,,,,,,,,,,2007.729
SP,10/10/2007,7.7730,14.55,7.73,82.62,,0.16,4.54,1.42,7.42,7.88,,8.63,8.82,2.31,2.29,9.47,,44.18,285.92,357.99,4.28,11.71,3289.67,,,0.07,,,,,,,,,,,,,,,2007.773
SP,10/23/2007,7.8080,12.22,8.20,82.35,,0.13,6.24,0.32,,,,,,,,,,,,,,,,,,0.00,,,,,,,,,,,,,,,2007.808
SP,11/12/2007,7.8630,8.30,10.13,91.46,104.00,0.08,3.84,0.72,7.53,7.87,687.43,8.40,8.57,2.98,2.86,4.91,,16.68,239.17,269.17,2.68,8.15,3018.99,,,0.07,6.31,2.22,11.95,3.41,3.13,0.72,0.06,0.00,,,,,,,2007.863
SP,1/17/2008,8.0440,3.16,10.59,83.50,,0.00,1.59,1.03,7.34,8.02,,9.19,9.54,3.24,3.11,20.20,,82.82,344.58,340.93,3.57,7.38,3317.68,,,0.00,,,,,,,,,,,,,,,2008.044
SP,3/3/2008,8.1690,3.19,9.90,77.87,111.93,0.00,0.55,0.48,7.16,7.82,756.16,10.03,9.84,3.04,2.98,93.84,,37.56,285.61,299.54,4.56,7.10,3418.21,,,0.00,8.20,2.38,12.21,3.40,3.18,0.74,0.01,0.02,,,,,,,2008.169
SP,3/27/2008,8.2350,3.18,9.04,70.94,,0.00,1.41,0.66,7.19,7.83,,11.71,11.80,3.09,3.03,63.23,,372.10,644.89,653.07,68.73,71.60,3270.99,,,0.00,,,,,,,,,,,,,,,2008.235
SP,5/13/2008,8.3630,7.12,10.51,92.52,103.00,0.16,4.12,1.21,7.36,7.94,684.00,8.92,9.05,3.30,3.23,60.95,,18.81,260.87,292.84,3.74,8.48,3471.21,,,0.15,4.88,1.45,11.88,3.34,3.03,0.66,0.02,0.00,,,,,,,2008.363
SP,5/19/2008,8.3800,8.62,10.76,98.48,,0.19,2.59,3.47,,,,,,,,,,,,,,,,,,0.00,,,,,,,,,,,,,,,2008.380
SP,6/2/2008,8.4180,11.02,10.17,98.80,,0.20,5.80,0.36,7.55,8.01,,7.54,8.22,3.11,3.11,16.38,,16.13,197.45,246.56,6.34,8.57,3137.42,,,0.19,,,,,,,,,,,,,,,2008.418
SP,6/18/2008,8.4620,13.00,9.86,100.17,,0.24,4.92,1.18,,,,,,,,,,,,,,,,,,0.00,,,,,,,,,,,,,,,2008.462
SP,7/1/2008,8.4970,15.39,9.22,98.94,,0.19,4.42,0.91,7.57,7.83,,8.37,8.62,3.39,3.10,2.86,,6.05,246.76,287.14,15.98,26.05,3578.37,,,0.34,,,,,,,,,,,,,,,2008.497
SP,7/15/2008,8.5360,16.16,9.78,106.35,,0.23,3.92,1.11,,,,,,,,,,,,,,,,,,0.00,,,,,,,,,,,,,,,2008.536
SP,7/29/2008,8.5740,17.07,8.80,97.97,,0.19,2.90,1.61,7.61,7.91,,8.22,8.34,3.27,3.37,2.88,,0.65,219.06,242.82,5.97,10.24,3421.54,,,0.28,,,,,,,,,,,,,,,2008.574
SP,8/12/2008,8.6120,17.46,8.43,95.10,,0.24,2.55,1.30,,,,,,,,,,,,,,,,,,0.00,,,,,,,,,,,,,,,2008.612
SP,8/25/2008,8.6480,17.79,8.85,99.85,104.77,0.23,2.46,1.48,7.56,8.04,718.22,8.67,8.78,3.46,3.37,2.11,,8.59,227.25,258.88,7.43,13.29,3036.34,,,0.29,6.53,2.16,11.65,3.34,3.05,0.76,0.20,0.03,,,,,,,2008.648
SP,9/8/2008,8.6860,16.51,8.10,89.74,,0.19,0.83,2.89,,,,,,,,,,,,,,,,,,0.00,,,,,,,,,,,,,,,2008.686
SP,9/23/2008,8.7270,15.97,8.44,92.83,,0.21,3.35,0.82,7.50,7.93,,8.68,8.83,3.08,2.98,3.29,,21.05,265.61,314.39,4.56,12.46,2922.78,,,0.21,,,,,,,,,,,,,,,2008.727
SP,10/7/2008,8.7650,13.56,8.16,85.01,,0.17,2.69,1.70,,,,,,,,,,,,,,,,,,0.00,,,,,,,,,,,,,,,2008.765
SP,10/20/2008,8.8010,12.14,8.63,86.42,,0.13,3.40,1.49,7.42,7.61,,9.02,9.03,3.27,2.99,12.03,,30.82,1085.92,887.10,28.58,29.23,3209.93,,,0.10,,,,,,,,,,,,,,,2008.801
SP,11/12/2008,8.8630,8.12,10.25,92.12,105.49,0.11,3.87,1.40,7.49,7.90,716.68,8.52,8.60,3.22,3.25,25.48,,23.39,219.75,257.44,2.62,7.38,3179.99,,,0.06,6.63,2.09,12.79,3.57,3.27,0.75,0.05,0.00,,,,,,,2008.863
SP,1/20/2009,9.0520,2.75,11.37,88.71,,,4.07,0.84,7.40,7.52,,10.72,10.83,3.30,3.19,15.64,,287.44,390.75,182.70,10.39,7.27,,,,0.00,,,,,,,,,,,,,,,2009.052
SP,2/24/2009,9.1480,2.87,10.39,81.18,119.64,0.02,3.18,0.67,7.29,7.61,829.75,12.05,11.66,3.17,1.65,33.45,,401.42,392.89,563.78,36.65,47.11,3520.96,,,0.00,7.65,2.31,14.02,3.83,3.53,0.83,4.62,0.22,,,,,,,2009.148
SP,3/20/2009,9.2140,3.35,11.00,87.40,,0.10,2.45,0.91,7.43,7.60,,9.78,9.51,2.79,2.75,66.78,,410.13,578.09,547.49,47.92,49.68,2675.99,,,0.00,,,,,,,,,,,,,,,2009.214
SP,4/29/2009,9.3230,5.87,12.28,104.36,105.48,0.15,5.22,1.77,7.55,7.92,705.76,8.45,8.59,3.18,3.15,14.75,,4.95,143.26,198.78,4.67,6.86,3143.44,,,0.09,6.97,2.11,13.05,3.55,3.17,0.26,0.03,0.00,,,,,,,2009.323
SP,5/13/2009,9.3620,8.30,12.01,108.62,,0.17,4.76,1.94,,,,,,,,,,,,,,,,100.00,,0.00,,,,,,,,,,,,,,,2009.362
SP,5/27/2009,9.4000,10.72,10.62,101.81,,0.21,3.19,1.26,7.62,7.91,,8.90,9.05,2.83,2.73,5.21,,8.48,238.65,294.08,0.17,3.72,3113.30,,,0.25,,,,,,,,,,,,,,,2009.400
SP,6/10/2009,9.4380,11.82,10.29,101.28,,0.16,2.78,1.42,,,,,,,,,,,,,,,,100.00,,0.00,,,,,,,,,,,,,,,2009.438
SP,6/25/2009,9.4790,15.13,10.60,112.36,,0.26,2.19,1.03,7.67,8.05,,9.28,9.66,3.31,3.07,3.70,,7.05,235.85,276.69,0.47,4.46,3211.47,,,0.37,,,,,,,,,,,,,,,2009.479
SP,7/9/2009,9.5180,15.06,10.49,111.28,,0.25,0.56,3.80,,,,,,,,,,,,,,,,100.00,,0.00,,,,,,,,,,,,,,,2009.518
SP,7/22/2009,9.5530,15.30,8.86,94.41,,0.21,2.94,0.75,7.48,8.03,,8.80,9.06,3.46,3.28,2.30,,11.13,236.57,282.14,0.00,5.79,3201.38,,,0.18,,,,,,,,,,,,,,,2009.553
SP,8/6/2009,9.5950,16.04,9.34,102.27,,0.26,3.02,1.33,,,,,,,,,,,,,,,,100.00,,0.00,,,,,,,,,,,,,,,2009.595
SP,8/19/2009,9.6300,17.35,8.90,99.79,107.50,0.22,1.63,3.10,7.54,8.05,734.06,8.70,9.20,3.34,3.15,7.14,,14.97,204.75,231.02,3.89,8.20,3262.27,,,0.12,8.70,2.28,12.23,3.46,3.33,0.74,0.02,0.02,,,,,,,2009.630
SP,9/3/2009,9.6710,16.09,8.58,94.71,,0.23,1.54,4.40,,,,,,,,,,,,,,,,100.00,,0.00,,,,,,,,,,,,,,,2009.671
SP,9/17/2009,9.7100,17.06,7.75,87.71,,0.28,4.93,0.00,7.47,8.02,,7.90,8.09,3.05,3.07,2.60,,8.78,239.90,281.38,3.49,7.26,3266.02,,,0.23,,,,,,,,,,,,,,,2009.710
SP,10/1/2009,9.7480,14.59,7.68,82.31,,0.27,2.60,1.22,,,,,,,,,,,,,,,,100.00,,0.00,,,,,,,,,,,,,,,2009.748
SP,10/14/2009,9.7840,11.23,8.12,79.26,,0.17,3.29,1.19,7.43,7.96,,9.38,9.84,3.08,2.99,8.44,,35.77,192.14,230.71,4.33,10.82,4194.09,,,0.13,,,,,,,,,,,,,,,2009.784
SP,10/29/2009,9.8250,9.02,9.16,84.19,,0.13,2.75,0.96,,,,,,,,,,,,,,,,100.00,,0.00,,,,,,,,,,,,,,,2009.825
SP,11/11/2009,9.8600,7.67,9.99,88.84,107.51,0.14,2.79,0.65,7.57,7.84,733.83,8.39,8.31,3.26,3.19,13.26,,36.99,225.36,263.14,3.87,8.63,3271.52,,,0.05,8.84,2.29,12.36,3.50,3.38,0.76,0.01,0.00,,,,,,,2009.860
SP,1/12/2010,10.0300,2.74,12.26,95.53,,0.01,3.39,0.94,7.48,7.85,,9.01,8.52,3.30,3.27,14.90,,88.86,351.69,372.55,7.53,9.40,4022.03,,,0.00,,,,,,,,,,,,,,,2010.030
SP,2/11/2010,10.1120,2.82,11.13,86.87,115.29,0.01,2.05,0.44,7.36,7.87,801.27,12.98,12.36,3.41,3.34,19.94,,7.38,352.99,363.58,0.52,4.90,3994.88,,,0.00,9.54,2.67,12.33,3.76,3.52,0.85,0.02,0.03,,,,,,,2010.112
SP,4/12/2010,10.2770,6.70,12.28,106.62,107.62,0.15,8.78,0.48,7.68,7.93,766.75,9.51,9.65,-9.79,-9.88,5.90,,19.93,181.11,250.88,3.93,12.24,3518.43,,,0.24,8.94,2.24,13.40,3.54,3.51,0.73,0.00,0.00,,,,,,,2010.277
SP,4/27/2010,10.3180,,,,,0.20,,,,,,,,,,,,,,,,,,,,0.00,,,,,,,,,,,,,,,2010.318
SP,5/10/2010,10.3530,9.99,10.86,102.37,,0.20,3.29,1.38,7.68,7.89,,7.94,8.25,2.02,1.81,3.18,,4.06,185.03,285.53,6.08,11.49,3355.48,,,0.26,,,,,,,,,,,,,,,2010.353
SP,5/24/2010,10.3920,,,,,0.22,,,,,,,,,,,,,,,,,,,,0.00,,,,,,,,,,,,,,,2010.392
SP,6/8/2010,10.4330,13.75,9.11,94.73,,0.16,6.14,1.39,7.54,7.92,,8.61,8.73,2.85,2.83,9.56,,60.49,195.20,214.44,7.14,10.94,4020.94,,,0.81,,,,,,,,,,,,,,,2010.433
SP,6/21/2010,10.4680,,,,,0.22,,,,,,,,,,,,,,,,,,,,0.00,,,,,,,,,,,,,,,2010.468
SP,6/22/2010,10.4710,,,,,,,,,,,,,,,,,,,,,,,,,0.00,,,,,,,,,,,,,,,2010.471
SP,7/6/2010,10.5100,16.81,8.44,93.84,,0.22,3.40,1.03,7.43,8.01,,8.18,8.27,2.82,2.75,1.70,,38.47,112.68,120.57,5.64,9.27,1773.52,,,0.28,,,,,,,,,,,,,,,2010.510
SP,7/20/2010,10.5480,,,,,0.23,,,,,,,,,,,,,,,,,,,,0.00,,,,,,,,,,,,,,,2010.548
SP,8/3/2010,10.5860,18.51,7.91,91.67,107.28,0.26,3.40,1.85,7.55,8.01,719.06,8.47,7.18,2.77,2.63,1.56,,28.97,224.74,179.31,6.73,16.12,2918.90,,,0.26,8.73,2.51,11.53,3.28,3.20,0.71,0.25,0.04,,,,,,,2010.586
SP,8/6/2010,10.5950,,,,,,,,,,,,,,,,,,,,,,,,,0.00,,,,,,,,,,,,,,,2010.595
SP,8/17/2010,10.6250,,,,,0.25,,,,,,,,,,,,,,,,,,,,0.00,,,,,,,,,,,,,,,2010.625
SP,9/1/2010,10.6660,18.47,7.61,88.52,,0.19,4.74,4.83,7.44,8.04,,8.77,8.91,2.92,2.95,3.02,,51.07,312.52,340.69,5.62,12.42,3441.26,,,0.33,,,,,,,,,,,,,,,2010.666
SP,9/14/2010,10.7010,,,,,0.16,,,,,,,,,,,,,,,,,,,,0.00,,,,,,,,,,,,,,,2010.701
SP,9/28/2010,10.7400,14.31,7.01,74.18,,0.15,2.93,3.10,7.33,8.01,,9.18,9.16,2.90,2.84,2.04,,60.37,214.55,257.44,12.84,17.17,3040.99,,,0.11,,,,,,,,,,,,,,,2010.740
SP,10/12/2010,10.7780,,,,,0.16,,,,,,,,,,,,,,,,,,,,0.00,,,,,,,,,,,,,,,2010.778
SP,10/26/2010,10.8160,11.95,8.66,85.69,,0.15,2.06,1.77,7.00,7.88,,9.40,9.64,12.97,12.62,6.00,,134.75,280.24,304.43,17.98,28.04,4417.49,,,0.05,,,,,,,,,,,,,,,2010.816
SP,11/11/2010,10.8600,8.83,9.65,88.22,107.00,0.11,3.64,0.49,7.57,7.91,716.11,8.19,7.78,10.57,10.27,5.74,,35.58,187.94,196.22,7.57,9.48,3216.73,,,0.04,8.82,2.62,11.54,3.37,3.21,0.70,0.09,0.00,,,,,,,2010.860
SP,1/18/2011,11.0470,10.56,2.85,26.84,,0.00,2.52,0.32,7.41,7.88,,8.91,8.60,,,92.31,,92.31,257.25,276.44,10.24,11.78,2720.72,,,0.00,,,,,,,,,,,,,,,2011.047
SP,2/14/2011,11.1210,2.92,10.00,78.24,117.37,0.01,0.94,0.24,7.33,7.65,793.24,9.57,9.86,2.65,2.55,56.79,,220.88,417.72,453.08,9.45,16.66,3378.72,,,0.00,9.63,2.50,12.64,3.62,3.47,0.79,2.09,0.12,,,,,,,2011.121
SP,3/21/2011,11.2160,3.49,10.30,81.97,,0.09,3.78,0.37,7.34,7.61,,9.82,9.92,2.72,2.53,105.41,,463.45,435.44,621.43,25.05,39.27,2481.38,,,0.00,,,,,,,,,,,,,,,2011.216
SP,5/3/2011,11.3340,5.29,10.63,89.02,108.00,0.10,3.97,0.60,7.48,7.87,712.47,8.60,8.76,2.61,2.47,23.65,,30.72,213.67,237.54,3.11,9.65,4169.30,,,0.08,8.90,2.57,12.05,3.38,3.27,0.72,0.05,0.00,,,,,,,2011.334
SP,5/16/2011,11.3700,7.96,10.45,93.80,,0.12,3.56,0.36,,,,,,,,,,,,,,,,,,0.00,,,,,,,,,,,,,,,2011.370
SP,6/3/2011,11.4190,11.07,9.92,96.31,,0.12,5.85,0.64,7.56,8.01,,8.50,8.63,2.69,2.64,2.70,,6.44,155.71,219.19,0.63,6.41,3658.81,,,0.18,,,,,,,,,,,,,,,2011.419
SP,6/13/2011,11.4470,13.06,9.25,94.17,,0.16,4.25,0.95,,,,,,,,,,,,,,,,,,0.00,,,,,,,,,,,,,,,2011.447
SP,6/28/2011,11.4880,13.61,9.38,96.38,,0.10,4.35,0.35,7.57,7.92,,8.39,8.70,2.44,2.46,6.63,,15.96,162.20,203.38,7.23,12.18,3428.67,,,0.15,,,,,,,,,,,,,,,2011.488
SP,7/1/2011,11.4960,,,,,,,,,,,,,,,,,,,,,,,,,0.00,,,,,,,,,,,,,,,2011.496
SP,7/11/2011,11.5230,16.36,8.80,96.46,,0.14,4.07,1.94,,,,,,,,,,,,,,,,,,0.00,,,,,,,,,,,,,,,2011.523
SP,7/16/2011,11.5370,,,,,,,,,,,,,,,,,,,,,,,,,0.00,,,,,,,,,,,,,,,2011.537
SP,7/26/2011,11.5640,17.02,8.91,98.85,,0.13,3.48,2.75,6.20,7.73,,8.99,9.27,,,2.58,,14.54,230.27,260.06,13.87,10.27,3038.06,,,0.31,,,,,,,,,,,,,,,2011.564
SP,7/29/2011,11.5730,,,,,,,,,,,,,,,,,,,,,,,,,0.00,,,,,,,,,,,,,,,2011.573
SP,8/8/2011,11.6000,17.75,8.94,100.60,,0.13,2.88,4.45,,,,,,,,,,,,,,,,,,0.00,,,,,,,,,,,,,,,2011.600
SP,8/12/2011,11.6110,,,,,,,,,,,,,,,,,,,,,,,,,0.00,,,,,,,,,,,,,,,2011.611
SP,8/22/2011,11.6380,17.46,8.86,99.31,109.51,0.16,3.65,2.70,7.52,8.00,683.75,8.03,8.37,2.67,2.52,3.21,,17.49,354.54,376.23,7.05,9.54,2837.76,,,0.23,9.18,2.30,11.61,3.29,3.26,0.71,0.24,0.02,,,,,,,2011.638
SP,8/23/2011,11.6410,,,,,,,,,,,,,,,,,,,,,,,,,0.00,,,,,,,,,,,,,,,2011.641
SP,9/6/2011,11.6790,16.80,8.45,93.77,,0.15,3.54,3.87,,,,,,,,,,,,,,,,,,0.00,,,,,,,,,,,,,,,2011.679
SP,9/20/2011,11.7180,15.02,8.62,92.12,,0.13,7.11,0.27,7.52,8.00,,8.41,8.61,,,31.94,,72.41,235.86,238.47,13.31,14.33,3089.43,,,0.10,,,,,,,,,,,,,,,2011.718
SP,10/4/2011,11.7560,13.23,8.22,84.78,,0.11,8.20,2.29,,,,,,,,,,,,,,,,,,0.00,,,,,,,,,,,,,,,2011.756
SP,10/17/2011,11.7920,12.62,8.28,83.74,,0.11,4.04,2.30,7.48,7.95,,,,,,0.00,,25.18,195.80,216.67,7.56,11.22,,,,0.10,,,,,,,,,,,,,,,2011.792
SP,10/31/2011,11.8300,9.81,8.41,78.91,,0.07,2.63,1.35,,,,,,,,,,,,,,,,,,0.00,,,,,,,,,,,,,,,2011.830
SP,11/15/2011,11.8710,7.20,9.56,84.05,110.13,0.06,3.06,0.43,7.50,7.91,665.48,,,,,95.53,,295.65,170.88,222.79,7.47,10.13,,,,0.03,9.27,2.30,,,,,,,,,,,,,2011.871
SP,1/12/2012,12.0300,3.21,10.43,82.47,,0.01,2.12,0.98,7.42,7.83,,9.22,9.35,2.79,2.73,8.20,,152.51,273.16,327.30,4.87,13.05,3243.75,,,0.00,,,,,,,,,,,,,,,2012.030
SP,2/21/2012,12.1390,3.25,9.66,76.38,118.51,0.01,1.69,0.40,7.36,7.81,722.31,9.59,10.20,2.51,2.42,28.07,,268.02,304.15,320.27,4.12,7.81,4132.24,,,0.00,9.66,2.47,12.73,3.53,3.24,0.56,1.50,0.20,,,,,,,2012.139
SP,4/2/2012,12.2510,6.05,10.56,90.20,111.00,0.18,2.85,1.46,7.43,7.91,660.02,8.00,8.15,2.67,2.55,54.11,,12.95,249.23,251.60,0.00,0.00,3751.41,,,0.09,9.19,2.36,11.35,3.37,2.88,0.44,0.02,0.00,,,,,,,2012.251
SP,4/17/2012,12.2920,7.40,10.96,96.81,,0.19,3.61,1.03,,,,,,,,,,,,,,,,,,0.00,,,,,,,,,,,,,,,2012.292
SP,5/2/2012,12.3330,9.19,11.19,103.31,,0.20,1.98,1.76,7.81,7.95,,-4.92,-4.58,-10.14,2.52,-5.82,,-1.07,204.19,223.31,-12.49,-12.49,3117.86,,,0.10,,,,,,,,,,,,,,,2012.333
SP,5/16/2012,12.3720,11.94,10.82,106.24,,0.26,4.28,1.45,,,,,,,,,,,,,,,,,,0.00,,,,,,,,,,,,,,,2012.372
SP,5/31/2012,12.4130,13.67,9.96,101.87,,0.24,2.50,1.07,7.80,7.97,,8.18,8.20,2.50,2.56,4.74,,22.96,94.25,95.38,0.00,0.00,3130.36,,,0.27,,,,,,,,,,,,,,,2012.413
SP,6/1/2012,12.4150,,,,,,,,,,,,,,,,,,,,,,,,,0.00,,,,,,,,,,,,,,,2012.415
SP,6/13/2012,12.4480,,,,,,,,,,,,,,,,,,,,,,,,,0.00,,,,,,,,,,,,,,,2012.448
SP,6/14/2012,12.4510,15.41,9.44,100.52,,0.18,2.12,0.54,,,,,,,,,,,,,,,,,,0.00,,,,,,,,,,,,,,,2012.451
SP,6/27/2012,12.4860,16.72,9.34,102.42,,0.19,1.92,0.31,7.67,8.07,,8.87,8.93,2.77,2.70,5.11,,31.92,220.28,169.18,2.91,2.34,3162.62,,,0.23,,,,,,,,,,,,,,,2012.486
SP,7/12/2012,12.5270,18.83,9.06,104.45,,0.20,1.56,1.64,,,,,,,,,,,,,,,,,,0.00,,,,,,,,,,,,,,,2012.527
SP,7/25/2012,12.5630,19.49,8.76,102.67,,0.17,1.97,1.55,7.56,8.02,,8.77,8.93,2.97,2.80,5.11,,40.24,132.60,181.24,1.86,3.24,3020.35,,,0.30,,,,,,,,,,,,,,,2012.563
SP,8/9/2012,12.6040,18.81,8.55,99.38,,0.16,2.15,2.72,,,,,,,,,,,,,,,,,,0.00,,,,,,,,,,,,,,,2012.604
SP,8/23/2012,12.6420,18.12,8.21,94.61,111.90,0.17,2.95,2.32,7.58,8.03,710.17,7.82,8.08,2.66,2.38,0.00,,35.44,108.04,126.20,0.52,0.88,3070.12,,,0.16,9.37,2.28,12.34,3.56,3.52,0.58,0.46,0.03,,,,,,,2012.642
SP,9/5/2012,12.6780,18.67,7.84,91.94,,0.15,3.17,1.82,,,,,,,,,,,,,,,,,,0.00,,,,,,,,,,,,,,,2012.678
SP,9/17/2012,12.7100,16.94,7.63,86.10,,0.15,2.12,2.91,7.49,8.01,,8.01,8.43,2.80,2.58,1.37,,174.92,177.73,183.45,6.88,10.06,3493.76,,,0.10,,,,,,,,,,,,,,,2012.710
SP,10/4/2012,12.7570,14.19,7.48,78.93,,0.15,3.63,2.04,,,,,,,,,,,,,,,,,,0.00,,,,,,,,,,,,,,,2012.757
SP,10/19/2012,12.7980,10.99,8.79,84.58,,0.12,1.88,3.09,7.28,7.93,,11.17,11.30,2.66,2.63,19.16,,176.41,111.15,96.90,5.84,10.68,3290.52,,,0.16,,,,,,,,,,,,,,,2012.798
SP,10/31/2012,12.8310,9.20,9.26,85.44,,0.10,3.82,1.00,,,,,,,,,,,,,,,,,,0.00,,,,,,,,,,,,,,,2012.831
SP,11/12/2012,12.8630,7.28,9.58,84.35,112.00,0.08,2.50,0.72,7.46,7.83,983.84,9.59,9.59,2.75,2.78,9.70,,40.50,172.56,195.69,3.51,9.24,3164.64,,,0.05,9.77,2.44,11.32,3.40,1.57,0.56,0.05,0.00,,,,,,,2012.863
SP,1/14/2013,13.0360,2.73,10.71,83.62,,0.06,1.23,1.11,7.37,7.77,,9.38,10.25,2.88,2.72,14.37,,158.93,337.00,367.52,6.01,12.66,3388.49,,,0.00,,,,,,,,,,,,,,,2013.036
SP,2/25/2013,13.1510,2.80,9.57,74.73,118.81,0.00,0.66,1.09,7.29,7.75,745.84,9.43,10.86,2.86,2.64,52.70,,260.30,550.22,579.06,20.27,28.05,3668.81,,,0.00,10.21,2.60,12.14,3.50,3.39,0.73,2.21,0.09,,,,,,,2013.151
SP,3/29/2013,13.2380,2.83,8.94,69.73,,0.02,0.66,0.82,7.28,7.80,,11.09,12.22,12.28,11.80,58.64,,335.30,452.76,564.02,30.04,30.13,3785.69,,,0.00,,,,,,,,,,,,,,,2013.238
SP,5/16/2013,13.3700,6.77,10.77,93.69,109.74,0.18,5.01,1.08,7.40,7.89,967.19,7.89,8.55,2.51,2.40,20.79,,30.24,184.74,204.51,0.00,2.59,3003.48,,,0.13,9.90,2.84,12.03,3.34,3.45,0.67,0.00,0.01,,,,,,,2013.370
SP,5/24/2013,13.3920,,,,,,,,,,,,,,,,,,,,,,,,,0.00,,,,,,,,,,,,,,,2013.392
SP,5/30/2013,13.4080,,,,,,,,,,,,,,,,,,,,,,,,,0.00,,,,,,,,,,,,,,,2013.408
SP,6/11/2013,13.4410,10.68,9.84,94.82,,0.16,5.82,0.84,7.44,7.98,,8.59,8.93,3.25,3.14,22.28,,38.73,183.71,207.92,0.39,4.60,2690.19,,,0.11,,,,,,,,,,,,,,,2013.441
SP,6/25/2013,13.4790,13.01,9.53,96.95,,0.17,4.49,1.44,,,,,,,,,,,,,,,,,,0.00,,,,,,,,,,,,,,,2013.479
SP,6/26/2013,13.4820,,,,,,,,,,,,,,,,,,,,,,,,,0.00,,,,,,,,,,,,,,,2013.482
SP,7/8/2013,13.5150,14.85,9.56,100.57,,0.16,4.26,0.61,7.53,8.05,,8.19,8.44,2.68,2.68,6.51,,12.23,179.92,192.68,1.21,2.84,2617.68,,,0.15,,,,,,,,,,,,,,,2013.515
SP,7/9/2013,13.5180,,,,,,,,,,,,,,,,,,,,,,,,,0.00,,,,,,,,,,,,,,,2013.518
SP,7/25/2013,13.5620,,,,,,,,,,,,,,,,,,,,,,,,,0.00,,,,,,,,,,,,,,,2013.562
SP,8/5/2013,13.5920,14.38,9.33,97.76,111.23,0.13,4.50,2.16,7.51,7.85,989.39,9.71,9.69,3.00,2.98,6.38,,13.66,150.40,182.35,1.88,5.61,2660.76,,,0.09,9.52,2.80,11.41,3.29,3.41,0.69,0.11,0.03,,,,,,,2013.592
SP,8/6/2013,13.5950,,,,,,,,,,,,,,,,,,,,,,,,,0.00,,,,,,,,,,,,,,,2013.595
SP,8/21/2013,13.6360,15.25,9.20,98.17,,0.16,2.86,1.34,,,,,,,,,,,,,,,,,,0.00,,,,,,,,,,,,,,,2013.636
SP,8/22/2013,13.6380,,,,,,,,,,,,,,,,,,,,,,,,,0.00,,,,,,,,,,,,,,,2013.638
SP,9/4/2013,13.6740,15.72,8.67,94.20,,0.17,3.83,1.55,7.46,7.93,,8.08,8.78,2.94,2.94,2.02,,18.59,203.20,221.93,5.29,8.97,2557.46,,,0.27,,,,,,,,,,,,,,,2013.674
SP,9/12/2013,13.6960,,,,,,,,,,,,,,,,,,,,,,,,,0.00,,,,,,,,,,,,,,,2013.696
SP,9/24/2013,13.7290,,,,,,,,,,,,,,,,,,,,,,,,,0.00,,,,,,,,,,,,,,,2013.729
SP,10/2/2013,13.7510,13.55,8.37,87.34,,0.15,3.12,1.47,7.37,7.94,,8.10,7.92,2.37,2.31,0.11,,24.28,207.27,231.17,7.46,10.40,2412.08,,,0.19,,,,,,,,,,,,,,,2013.751
SP,10/29/2013,13.8250,8.69,8.70,79.82,,0.11,2.47,1.51,7.33,7.95,,8.54,8.76,3.08,2.59,1.17,,45.78,213.08,171.07,5.83,9.75,2646.38,,,0.09,,,,,,,,,,,,,,,2013.825
SP,11/13/2013,13.8660,5.90,9.68,82.32,111.00,0.08,2.54,1.16,7.41,7.93,973.72,8.30,8.49,3.26,3.11,2.74,,43.99,206.71,224.80,2.62,6.87,3427.21,,,0.06,9.73,2.51,11.73,3.39,3.44,0.69,0.07,0.01,,,,,,,2013.866
SP,1/30/2014,14.0790,2.95,9.71,76.16,,0.00,0.75,0.53,7.26,7.69,,10.45,10.86,2.87,2.72,54.40,,169.04,397.11,416.50,4.64,10.58,3106.27,,,0.00,,,,,,,,,,,,,,,2014.079
SP,2/17/2014,14.1290,2.95,9.24,72.42,118.56,0.00,0.66,0.65,7.23,,763.50,10.60,11.14,2.83,2.72,64.99,,205.24,397.91,478.11,10.30,16.06,4132.44,,,0.00,10.36,2.79,11.81,3.48,3.31,0.72,2.12,0.15,,,,,,,2014.129
SP,3/24/2014,14.2250,2.91,8.66,67.66,,0.00,1.63,0.26,7.21,,,11.68,12.14,2.75,2.89,81.64,,262.44,481.53,513.48,30.21,37.67,4408.23,,,0.00,,,,,,,,,,,,,,,2014.225
SP,5/19/2014,14.3780,6.51,10.18,88.75,111.07,0.10,7.31,0.52,7.25,,702.04,8.05,8.79,2.51,2.45,34.99,,24.67,227.44,259.92,1.87,27.56,2712.16,,,0.07,9.84,2.75,11.48,3.40,2.93,0.65,0.03,0.01,,,,,,,2014.378
SP,5/27/2014,14.4000,,,,,,,,,,,,,,,,,,,,,,,,,0.00,,,,,,,,,,,,,,,2014.400
SP,6/4/2014,14.4220,,,,,,,,,,,,,,,,,,,,,,,,,0.00,,,,,,,,,,,,,,,2014.422
SP,6/17/2014,14.4580,11.01,9.74,94.54,,0.16,4.69,1.36,7.39,,,7.74,8.37,2.83,2.83,2.94,,35.39,195.53,239.96,6.13,11.01,2736.54,,,0.17,,,,,,,,,,,,,,,2014.458
SP,7/14/2014,14.5320,13.12,8.71,89.71,,0.16,4.76,0.72,7.37,,,8.59,9.35,2.79,2.78,8.87,,8.55,201.57,234.12,4.72,16.81,2647.82,,,0.27,,,,,,,,,,,,,,,2014.532
SP,8/12/2014,14.6110,14.31,8.65,91.41,112.46,0.20,4.07,1.54,7.36,,690.95,8.85,9.34,2.72,2.70,0.86,,38.43,181.19,237.90,1.44,3.10,2777.09,,,0.20,10.06,2.50,11.13,3.29,3.48,0.70,0.36,0.04,,,,,,,2014.611
SP,9/8/2014,14.6850,13.97,8.45,89.38,,0.18,4.24,1.46,7.43,,,8.47,9.49,2.55,2.76,1.28,,20.80,227.83,271.04,5.62,9.64,3239.24,,,0.23,,,,,,,,,,,,,,,2014.685
SP,10/8/2014,14.7670,10.61,8.26,80.69,,0.14,4.14,0.66,7.37,,,7.73,8.30,2.73,2.88,3.89,,28.73,173.75,222.79,2.40,8.15,2594.81,,,0.19,,,,,,,,,,,,,,,2014.767
SP,11/10/2014,14.8580,6.46,9.27,79.96,112.38,0.08,2.01,1.06,7.30,,693.37,8.01,8.23,2.94,2.69,4.62,,41.27,203.24,219.40,3.13,10.28,2861.43,,,0.07,10.06,3.12,11.80,3.41,3.76,0.73,0.17,0.04,,,,,,,2014.858
SP,1/14/2015,15.0360,3.01,9.17,72.07,,0.00,0.57,0.19,7.30,,,9.28,9.48,2.58,2.65,17.36,,170.52,342.68,365.30,2.14,6.79,3661.40,,,0.00,,,,,,,,,,,,,,,2015.036
SP,2/24/2015,15.1480,2.93,8.37,65.54,121.48,0.00,0.48,0.32,7.18,,786.44,9.57,10.72,2.64,2.85,65.59,,199.45,444.22,439.08,9.92,14.32,4007.60,,,0.00,10.21,1.07,10.97,3.38,3.42,0.72,1.83,0.25,,,,,,,2015.148
SP,3/24/2015,15.2250,3.69,8.19,65.67,,0.08,5.62,0.32,7.10,,,10.24,10.32,2.59,2.71,79.58,,245.18,476.81,497.49,14.48,17.99,4203.79,,,0.00,,,,,,,,,,,,,,,2015.225
SP,4/23/2015,15.3070,5.61,10.00,84.59,112.14,0.12,2.48,0.66,7.32,,423.57,8.15,9.14,2.58,2.74,17.94,,41.99,222.48,280.60,4.50,14.29,3167.48,,,0.14,9.26,2.29,14.58,3.48,4.44,0.73,0.06,0.02,,,,,,,2015.307
SP,5/5/2015,15.3400,8.71,10.61,97.45,,0.18,4.66,0.55,,,,,,,,,,,,,,,,,,0.00,,,,,,,,,,,,,,,2015.340
SP,5/18/2015,15.3750,9.95,10.13,95.58,,0.13,4.43,0.53,7.56,,,-44.59,8.75,-47.45,3.89,3.97,,14.37,185.33,198.07,2.34,6.12,3183.40,,,0.20,,,,,,,,,,,,,,,2015.375
SP,6/1/2015,15.4140,11.35,9.61,93.93,,0.19,3.12,0.61,,,,,,,,,,,,,,,,,,0.00,,,,,,,,,,,,,,,2015.414
SP,6/17/2015,15.4580,13.61,9.17,94.80,,0.14,3.21,0.81,7.46,,,8.38,8.78,2.72,2.79,4.24,,15.25,198.23,190.12,2.30,8.48,3019.06,,,0.19,,,,,,,,,,,,,,,2015.458
SP,6/29/2015,15.4900,14.58,9.18,97.22,,0.20,3.21,0.92,,,,,,,,,,,,,,,,,,0.00,,,,,,,,,,,,,,,2015.490
SP,7/15/2015,15.5340,16.12,9.27,100.46,,0.18,2.28,1.11,7.54,,,8.38,8.62,3.01,3.15,-99.00,,-99.00,234.10,224.53,4.88,9.73,2952.06,,,0.23,,,,,,,,,,,,,,,2015.534
SP,7/28/2015,15.5700,17.02,8.56,95.57,,0.15,3.03,0.36,,,,,,,,,,,,,,,,,,0.00,,,,,,,,,,,,,,,2015.570
SP,8/11/2015,15.6080,17.01,8.97,99.00,113.50,0.15,3.08,1.23,7.52,,713.26,6.92,6.97,3.03,3.11,-99.00,,-99.00,186.20,205.61,3.00,6.85,2971.83,,,0.17,10.36,2.72,11.21,3.23,3.57,0.65,0.07,0.02,,,,,,,2015.608
SP,8/24/2015,15.6440,15.76,8.77,95.39,,0.14,4.12,0.80,,,,,,,,,,,,,,,,,,0.00,,,,,,,,,,,,,,,2015.644
SP,9/8/2015,15.6850,16.60,8.40,93.26,,0.15,3.30,1.40,7.42,,,8.50,8.76,3.20,3.27,12.15,,23.20,164.64,235.33,2.46,11.60,3557.59,,,0.24,,,,,,,,,,,,,,,2015.685
SP,9/23/2015,15.7260,15.24,8.07,87.66,,0.16,3.65,2.23,,,,,,,,,,,,,,,,,,0.00,,,,,,,,,,,,,,,2015.726
SP,10/7/2015,15.7640,13.76,7.95,83.58,,0.15,2.79,1.86,7.38,,,8.46,8.62,3.08,3.12,14.00,,25.89,186.08,238.93,3.19,8.96,3229.49,,,0.15,,,,,,,,,,,,,,,2015.764
SP,10/21/2015,15.8030,11.19,8.19,80.61,,0.14,3.31,1.94,,,,,,,,,,,,,,,,,,0.00,,,,,,,,,,,,,,,2015.803
SP,11/17/2015,15.8770,8.09,9.12,82.04,116.14,0.08,3.92,1.08,7.26,,717.27,8.79,8.93,2.79,2.95,4.19,,111.17,260.47,333.94,4.14,10.03,3729.15,,,0.10,10.95,2.12,11.43,3.28,3.56,0.65,0.92,0.07,,,,,,,2015.877
SP,1/21/2016,16.0550,1.85,11.56,88.06,,0.02,3.11,2.90,7.37,,,8.63,8.78,3.37,3.37,23.76,,88.89,204.86,263.42,2.87,12.79,3689.13,,,0.00,,,,,,,,,,,,,,,2016.055
SP,3/7/2016,16.1800,2.12,10.84,83.03,121.59,0.06,3.83,0.48,7.37,,762.01,9.82,-4.54,2.63,-10.15,25.27,,195.34,391.29,411.47,2.14,8.39,4301.89,,,0.00,11.42,2.50,11.42,3.48,,0.70,1.76,0.13,,,,,,,2016.180
SP,4/26/2016,16.3170,5.79,11.39,96.73,113.25,0.11,8.42,1.16,7.46,,681.89,8.11,8.37,2.62,2.73,3.39,,14.46,175.36,240.19,0.25,4.90,3507.53,,,0.08,10.82,2.80,12.07,3.33,,0.66,0.01,0.00,,,,,,,2016.317
SP,5/10/2016,16.3550,8.28,10.89,98.76,,0.10,6.82,0.81,,,,,,,,,,,,,,,,,,0.00,,,,,,,,,,,,,,,2016.355
SP,5/24/2016,16.3930,10.22,10.15,96.30,,0.11,4.09,0.25,7.46,,,9.12,9.42,2.68,2.73,2.31,,15.80,170.22,229.96,4.48,10.34,3609.76,,,0.27,,,,,,,,,,,,,,,2016.393
SP,6/6/2016,16.4290,11.45,9.57,93.36,,0.10,4.70,0.29,,,,,,,,,,,,,,,,,,0.00,,,,,,,,,,,,,,,2016.429
SP,6/20/2016,16.4670,13.33,9.47,95.81,,0.13,3.96,1.78,7.48,,,8.63,8.77,2.81,2.93,1.11,,9.98,155.87,206.10,2.63,9.88,3490.23,,,0.23,,,,,,,,,,,,,,,2016.467
SP,7/6/2016,16.5110,14.46,8.76,92.13,,0.16,5.44,0.74,,,,,,,,,,,,,,,,,,0.00,,,,,,,,,,,,,,,2016.511
SP,7/21/2016,16.5520,15.37,9.11,96.76,,0.14,3.19,1.85,7.43,,,9.04,9.22,2.76,2.82,1.41,,7.05,158.26,210.21,6.93,10.69,3658.87,,,0.17,,,,,,,,,,,,,,,2016.552
SP,8/2/2016,16.5850,16.00,8.83,95.83,,0.11,3.94,0.64,,,,,,,,,,,,,,,,,,0.00,,,,,,,,,,,,,,,2016.585
SP,8/18/2016,16.6280,16.45,8.61,95.01,114.57,0.16,3.28,0.99,7.45,,707.33,8.60,8.84,2.74,2.86,2.06,,26.21,206.51,251.10,3.95,8.72,3375.74,,,0.22,10.84,2.76,12.14,3.39,,0.70,0.25,0.02,,,,,,,2016.628
SP,8/30/2016,16.6610,15.77,8.53,92.81,,0.11,4.06,1.12,,,,,,,,,,,,,,,,,,0.00,,,,,,,,,,,,,,,2016.661
SP,9/12/2016,16.6970,15.18,8.32,89.76,,0.14,3.13,1.81,7.44,,,-25.31,-51.46,-28.93,-53.99,2.93,,30.26,210.21,240.87,5.95,10.78,3333.04,,,0.23,,,,,,,,,,,,,,,2016.697
SP,9/28/2016,16.7400,13.44,8.01,83.58,,0.08,3.33,0.64,,,,,,,,,,,,,,,,,,0.00,,,,,,,,,,,,,,,2016.740
SP,10/12/2016,16.7790,12.06,8.03,81.28,,0.10,2.94,0.81,7.32,,,9.15,9.30,2.99,3.05,2.38,,55.37,243.06,293.51,5.58,10.56,3316.03,,,0.14,,,,,,,,,,,,,,,2016.779
SP,10/24/2016,16.8110,10.64,8.06,78.61,,0.12,2.53,1.13,,,,,,,,,,,,,,,,,,0.00,,,,,,,,,,,,,,,2016.811
SP,11/16/2016,16.8740,8.31,8.55,77.70,117.27,0.05,2.39,1.04,7.29,,714.95,9.44,9.68,2.68,2.68,3.00,,114.39,277.40,327.53,9.33,13.95,3441.00,,,0.06,10.91,2.54,12.68,3.49,,0.71,0.84,0.06,,,,,,,2016.874
SP,1/17/2017,17.0440,3.50,9.57,76.34,,0.00,1.10,0.76,7.21,,,9.51,9.63,2.65,2.64,25.63,,118.33,288.03,298.78,2.38,8.17,3649.03,,,0.00,,,,,,,,,,,,,,,2017.044
SP,2/22/2017,17.1420,3.68,8.62,69.01,118.64,0.09,1.19,0.32,7.14,,715.15,9.38,9.50,2.69,2.82,109.77,,77.17,320.98,317.99,0.76,3.12,3609.08,,,0.00,11.29,2.51,11.86,3.42,3.74,0.66,0.07,0.06,,,,,,,2017.142
SP,3/27/2017,17.2330,4.12,9.05,73.53,,0.09,,,7.17,,,9.47,9.56,2.69,2.62,70.70,,22.22,248.17,298.36,6.11,11.37,3787.76,,,0.00,,,,,,,,,,,,,,,2017.233
SP,4/17/2017,17.2900,6.07,10.63,90.99,112.87,0.08,6.07,1.13,7.45,,660.21,8.59,9.05,2.76,2.69,18.04,,8.53,145.02,201.28,3.62,10.24,3427.10,,,0.13,11.04,2.82,10.97,3.26,3.40,0.64,0.01,0.00,,,,,,,2017.290
SP,5/2/2017,17.3320,6.86,11.00,95.88,,0.14,4.41,0.62,,,,,,,,,,,,,,,,,,0.00,,,,,,,,,,,,,,,2017.332
SP,5/17/2017,17.3730,9.57,10.18,95.11,,0.12,3.85,0.51,7.48,,,8.38,8.61,2.89,2.89,4.19,,7.04,143.60,186.95,4.71,11.10,3219.35,,,0.22,,,,,,,,,,,,,,,2017.373
SP,5/31/2017,17.4110,10.21,9.70,92.38,,0.13,5.09,0.38,,,,,,,,,,,,,,,,,,0.00,,,,,,,,,,,,,,,2017.411
SP,6/12/2017,17.4440,13.02,8.97,90.90,,0.13,4.98,0.64,7.44,,,8.34,8.69,3.21,3.36,1.25,,6.72,164.73,196.75,3.82,7.88,2986.65,,,0.27,,,,,,,,,,,,,,,2017.444
SP,6/28/2017,17.4880,13.01,8.41,85.70,,,3.86,0.85,,,,,,,,,,,,,,,,,,0.00,,,,,,,,,,,,,,,2017.488
SP,7/10/2017,17.5210,14.53,8.66,91.33,,0.10,3.76,0.89,7.41,,,-23.43,-10.17,-27.28,-14.02,13.36,,13.96,179.81,221.73,1.26,4.52,2862.39,,,0.22,,,,,,,,,,,,,,,2017.521
SP,7/25/2017,17.5620,14.65,8.20,87.14,,0.11,3.43,1.11,,,,,,,,,,,,,,,,,,0.00,,,,,,,,,,,,,,,2017.562
SP,8/9/2017,17.6030,15.12,8.36,89.44,113.20,0.14,3.93,0.73,7.45,,698.93,8.29,8.48,3.42,3.44,1.50,,7.16,183.95,218.83,1.29,4.87,2803.64,,,0.17,11.14,2.41,12.08,3.50,3.93,0.60,0.01,0.01,,,,,,,2017.603
SP,8/21/2017,17.6360,15.00,7.83,84.47,,0.07,3.89,0.94,,,,,,,,,,,,,,,,,,0.00,,,,,,,,,,,,,,,2017.636
SP,9/5/2017,17.6770,13.80,7.71,81.22,,,3.70,0.81,7.25,,,9.00,9.12,3.26,3.26,1.64,,31.75,203.37,258.06,5.53,10.26,3075.56,,,0.14,,,,,,,,,,,,,,,2017.677
SP,9/19/2017,17.7150,14.12,7.47,79.92,,0.15,2.65,0.86,,,,,,,,,,,,,,,,,,0.00,,,,,,,,,,,,,,,2017.715
SP,10/2/2017,17.7510,13.45,7.39,77.68,,0.12,2.98,1.49,7.34,,,9.23,9.28,3.21,3.24,2.28,,36.48,217.69,268.89,5.67,10.39,3241.58,,,0.08,,,,,,,,,,,,,,,2017.751
SP,10/17/2017,17.7920,11.46,7.22,72.27,,0.10,2.58,1.45,,,,,,,,,,,,,,,,,,0.00,,,,,,,,,,,,,,,2017.792
SP,11/13/2017,17.8660,5.47,9.04,76.05,114.38,0.06,4.71,0.83,7.29,,680.51,8.84,9.02,3.04,3.11,3.87,,41.58,219.60,269.11,1.51,7.51,3216.20,,,0.06,11.30,2.72,11.84,3.43,3.72,0.69,0.10,0.01,,,,,,,2017.866
SP,1/15/2018,18.0380,2.13,10.47,80.43,,0.00,2.76,0.79,7.29,,,9.36,9.54,3.08,3.08,22.47,,111.79,285.65,321.95,1.25,8.92,3935.27,,,0.00,,,,,,,,,,,,,,,2018.038
SP,2/22/2018,18.1420,2.20,9.95,76.42,123.99,0.00,5.87,0.50,7.29,,756.84,9.90,10.01,3.15,3.28,65.13,,179.69,341.36,417.79,5.76,10.95,3676.89,,,0.00,11.84,2.52,13.24,3.83,4.19,0.81,1.05,0.41,,,,,,,2018.142
SP,3/26/2018,18.2300,2.22,9.66,74.17,,0.01,1.26,0.57,7.23,,,10.23,10.23,3.23,3.01,54.41,,189.43,436.49,536.45,9.15,15.20,3878.08,,,0.00,,,,,,,,,,,,,,,2018.230
SP,5/15/2018,18.3670,6.72,9.73,85.53,115.11,0.14,6.49,0.41,7.21,,677.65,8.86,9.05,2.88,2.91,51.41,,20.25,247.89,301.71,3.49,9.61,3451.79,,,0.10,11.40,2.42,11.93,3.46,3.96,0.72,0.05,0.00,,,,,,,2018.367
SP,5/30/2018,18.4080,10.57,10.02,96.39,,0.14,7.91,0.58,,,,,,,,,,,,,,,,,,0.00,,,,,,,,,,,,,,,2018.408
SP,6/11/2018,18.4410,10.62,9.92,95.78,,0.14,5.73,1.08,7.42,,,8.49,8.74,3.22,3.36,4.88,,27.54,184.07,244.15,4.98,12.54,3259.67,,,0.24,,,,,,,,,,,,,,,2018.441
SP,6/27/2018,18.4850,12.83,9.49,96.21,,0.14,5.24,0.85,,,,,,,,,,,,,,,,,,0.00,,,,,,,,,,,,,,,2018.485
SP,7/11/2018,18.5230,13.93,9.32,96.79,,0.12,6.38,0.59,7.46,,,8.53,8.67,3.34,3.39,14.17,,51.66,212.58,256.24,0.50,6.53,3343.93,,,0.20,,,,,,,,,,,,,,,2018.523
SP,7/25/2018,18.5620,14.05,8.93,93.68,,0.15,6.35,0.00,,,,,,,,,,,,,,,,,,0.00,,,,,,,,,,,,,,,2018.562
SP,8/7/2018,18.5970,14.25,9.51,99.28,115.80,0.14,3.72,1.20,7.46,,693.34,8.25,8.44,3.16,3.16,16.83,,22.99,197.95,241.60,1.19,6.58,3149.95,,,0.20,11.38,2.57,11.94,3.44,4.14,0.73,0.11,0.02,,,,,,,2018.597
SP,8/22/2018,18.6380,14.57,8.76,93.51,,0.18,3.78,1.06,,,,,,,,,,,,,,,,,,0.00,,,,,,,,,,,,,,,2018.638
SP,9/5/2018,18.6770,14.35,8.40,89.56,,0.10,4.15,1.48,7.34,,,8.64,8.95,3.05,3.11,0.07,,39.04,187.38,252.64,3.73,9.29,3194.09,,,0.09,,,,,,,,,,,,,,,2018.677
SP,9/17/2018,18.7100,14.45,8.35,89.70,,0.14,2.79,1.91,,,,,,,,,,,,,,,,,,0.00,,,,,,,,,,,,,,,2018.710
SP,10/2/2018,18.7510,11.58,8.13,81.73,,0.12,3.02,3.22,7.33,,,9.16,9.43,3.12,3.08,1.42,,33.69,174.12,215.11,2.98,7.03,3237.51,,,0.12,,,,,,,,,,,,,,,2018.751
SP,10/15/2018,18.7860,8.79,8.08,75.32,,0.10,3.41,3.33,,,,,,,,,,,,,,,,,,0.00,,,,,,,,,,,,,,,2018.786
SP,11/12/2018,18.8630,4.99,9.58,79.60,115.00,0.06,5.26,0.40,7.30,,687.58,8.55,8.63,3.12,2.80,1.62,,31.73,176.25,229.08,2.63,9.00,3091.03,,,0.08,11.54,2.54,11.66,3.40,3.60,0.67,0.09,0.03,,,,,,,2018.863
