lakeid,sampledate,depth,chlor
TB,1981-07-15,0.00,60.3
TB,1981-07-15,2.00,185.6
TB,1981-07-15,3.00,109.7
TB,1981-07-15,5.00,42.9
TB,1981-07-15,7.00,25.3
TB,1981-07-29,0.00,27.7
TB,1981-07-29,2.00,158.1
TB,1981-07-29,3.00,116.3
TB,1981-07-29,5.00,39.5
TB,1981-07-29,8.00,29.6
TB,1981-08-12,0.00,30.7
TB,1981-08-12,2.00,77.9
TB,1981-08-12,3.00,145.7
TB,1981-08-12,5.00,47.7
TB,1981-08-12,7.00,108.6
TB,1981-08-27,0.00,21.4
TB,1981-08-27,2.00,65.9
TB,1981-08-27,3.00,122.7
TB,1981-08-27,5.00,53.7
TB,1981-08-27,7.00,26.6
TB,1981-09-14,0.00,21.3
TB,1981-09-14,2.00,23.0
TB,1981-09-14,3.00,151.4
TB,1981-09-14,5.00,58.6
TB,1981-09-14,7.00,30.1
TB,1981-09-26,0.00,10.2
TB,1981-09-26,2.00,109.2
TB,1981-09-26,3.00,64.7
TB,1981-09-26,5.00,55.2
TB,1981-09-26,7.00,31.8
TB,1981-10-23,0.00,18.7
TB,1981-10-23,2.00,18.3
TB,1981-10-23,3.00,17.0
TB,1981-10-23,5.00,15.4
TB,1981-10-23,6.50,26.0
TB,1982-01-27,0.00,7.3
TB,1982-01-27,2.00,7.4
TB,1982-01-27,3.00,6.5
TB,1982-01-27,5.00,28.2
TB,1982-01-27,7.00,64.2
TB,1982-03-03,0.00,9.7
TB,1982-03-03,2.00,7.4
TB,1982-03-03,3.00,26.2
TB,1982-03-03,5.00,3.7
TB,1982-03-03,7.00,45.1
TB,1982-04-06,0.00,1.2
TB,1982-04-06,2.00,0.7
TB,1982-04-06,3.00,1.2
TB,1982-04-06,5.00,0.0
TB,1982-04-06,7.00,0.4
TB,1982-05-12,0.00,9.8
TB,1982-05-12,3.00,5.0
TB,1982-05-12,5.00,3.3
TB,1982-05-12,7.00,2.8
TB,1982-05-24,0.00,4.6
TB,1982-05-24,2.00,32.1
TB,1982-05-24,3.00,8.2
TB,1982-05-24,5.00,2.8
TB,1982-05-24,7.00,2.9
TB,1982-06-07,0.00,10.3
TB,1982-06-07,2.00,91.6
TB,1982-06-07,3.00,16.8
TB,1982-06-07,5.00,7.6
TB,1982-06-07,7.00,6.5
TB,1982-06-21,0.00,5.5
TB,1982-06-21,2.00,160.4
TB,1982-06-21,4.00,8.4
TB,1982-06-21,6.00,3.3
TB,1982-07-07,0.00,7.7
TB,1982-07-07,2.00,42.0
TB,1982-07-07,3.00,19.7
TB,1982-07-07,5.00,11.7
TB,1982-07-07,7.00,6.0
TB,1982-07-22,0.00,2.8
TB,1982-07-22,2.00,39.5
TB,1982-07-22,3.00,10.4
TB,1982-07-22,5.00,3.3
TB,1982-07-22,7.00,4.8
TB,1982-08-04,0.00,28.8
TB,1982-08-04,2.00,105.0
TB,1982-08-04,3.00,9.3
TB,1982-08-04,5.00,14.6
TB,1982-08-04,7.00,5.6
TB,1982-08-19,0.00,13.2
TB,1982-08-19,2.00,50.9
TB,1982-08-19,5.00,14.2
TB,1982-08-19,7.00,9.4
TB,1982-09-07,0.00,3.1
TB,1982-09-07,2.00,7.7
TB,1982-09-07,3.00,28.2
TB,1982-09-07,5.00,10.3
TB,1982-09-07,7.00,4.3
TB,1982-09-20,0.00,32.6
TB,1982-09-20,2.00,3.3
TB,1982-09-20,3.00,0.0
TB,1982-09-20,5.00,24.5
TB,1982-09-20,7.00,14.2
TB,1982-10-07,0.00,13.6
TB,1982-10-07,2.00,3.9
TB,1982-10-07,3.00,0.0
TB,1982-10-07,4.00,20.9
TB,1982-10-07,7.00,2.8
TB,1982-10-18,0.00,25.7
TB,1982-10-18,2.00,15.7
TB,1982-10-18,3.00,1.4
TB,1982-10-18,4.00,8.9
TB,1982-10-18,5.00,17.7
TB,1982-10-18,6.00,27.0
TB,1982-10-18,7.00,12.7
TB,1982-11-09,0.00,19.2
TB,1982-11-09,2.00,11.0
TB,1982-11-09,3.00,11.4
TB,1982-11-09,4.00,10.1
TB,1982-11-09,5.00,10.4
TB,1982-11-09,6.00,8.9
TB,1982-11-09,7.00,2.0
TB,1982-11-30,0.00,39.1
TB,1982-11-30,2.00,5.1
TB,1982-11-30,3.00,5.8
TB,1982-11-30,4.00,6.3
TB,1982-11-30,5.00,9.8
TB,1982-11-30,6.00,8.5
TB,1982-11-30,7.00,20.4
TB,1983-01-10,0.00,14.6
TB,1983-01-10,2.00,5.1
TB,1983-01-10,3.00,5.0
TB,1983-01-10,4.00,7.6
TB,1983-01-10,5.00,8.2
TB,1983-01-10,6.00,19.4
TB,1983-01-10,7.00,28.0
TB,1983-02-22,0.00,3.5
TB,1983-02-22,2.00,4.8
TB,1983-02-22,3.00,7.2
TB,1983-02-22,5.00,15.4
TB,1983-02-22,7.00,2.1
TB,1983-03-24,0.00,85.4
TB,1983-03-24,1.00,12.1
TB,1983-03-24,2.00,5.9
TB,1983-03-24,3.00,10.6
TB,1983-03-24,5.00,1.7
TB,1983-03-24,7.00,2.1
TB,1983-05-09,0.00,4.8
TB,1983-05-09,1.00,8.7
TB,1983-05-09,2.00,14.6
TB,1983-05-09,3.00,9.3
TB,1983-05-09,4.00,8.7
TB,1983-05-09,5.00,9.7
TB,1983-05-09,6.00,8.1
TB,1983-05-09,7.00,8.9
TB,1983-05-24,0.00,13.2
TB,1983-05-24,1.00,8.1
TB,1983-05-24,2.00,13.3
TB,1983-05-24,3.00,8.6
TB,1983-05-24,5.00,3.9
TB,1983-05-24,7.00,2.8
TB,1983-06-09,0.00,6.0
TB,1983-06-09,2.00,9.4
TB,1983-06-09,3.00,10.3
TB,1983-06-09,5.00,4.2
TB,1983-06-09,7.00,2.5
TB,1983-06-23,0.00,5.1
TB,1983-06-23,1.00,12.0
TB,1983-06-23,2.00,45.0
TB,1983-06-23,3.00,8.9
TB,1983-06-23,5.00,11.4
TB,1983-06-23,7.00,13.6
TB,1983-07-05,0.00,3.1
TB,1983-07-05,2.00,93.8
TB,1983-07-05,3.00,5.6
TB,1983-07-05,5.00,1.1
TB,1983-07-05,7.00,3.0
TB,1983-07-19,0.00,2.0
TB,1983-07-19,1.00,23.9
TB,1983-07-19,2.00,34.3
TB,1983-07-19,3.00,9.0
TB,1983-07-19,5.00,2.4
TB,1983-07-19,7.00,2.0
TB,1983-08-03,0.00,1.7
TB,1983-08-03,1.00,24.4
TB,1983-08-03,2.00,37.3
TB,1983-08-03,3.00,9.8
TB,1983-08-03,5.00,24.0
TB,1983-08-03,7.00,1.6
TB,1983-08-17,0.00,45.9
TB,1983-08-17,1.00,14.0
TB,1983-08-17,2.00,31.8
TB,1983-08-17,3.00,54.4
TB,1983-08-17,4.00,9.5
TB,1983-08-17,5.00,6.8
TB,1983-08-17,7.00,3.3
TB,1983-09-08,0.00,29.6
TB,1983-09-08,1.00,4.6
TB,1983-09-08,2.00,20.7
TB,1983-09-08,3.00,39.7
TB,1983-09-08,4.00,9.5
TB,1983-09-08,5.00,18.1
TB,1983-09-08,6.00,2.6
TB,1983-09-08,7.00,5.0
TB,1983-09-28,0.00,38.9
TB,1983-09-28,1.00,15.0
TB,1983-09-28,2.00,5.9
TB,1983-09-28,3.00,10.2
TB,1983-09-28,4.00,0.0
TB,1983-09-28,5.00,15.0
TB,1983-09-28,6.00,4.2
TB,1983-09-28,7.00,12.4
TB,1983-10-19,0.00,40.6
TB,1983-10-19,1.00,9.7
TB,1983-10-19,2.00,7.8
TB,1983-10-19,3.00,2.8
TB,1983-10-19,4.00,7.6
TB,1983-10-19,5.00,7.4
TB,1983-10-19,6.00,14.9
TB,1983-10-19,7.00,11.2
TB,1983-11-14,0.00,5.6
TB,1983-11-14,2.00,5.0
TB,1983-11-14,3.00,4.6
TB,1983-11-14,5.00,5.0
TB,1983-11-14,7.00,4.8
TB,1984-01-03,0.00,7.8
TB,1984-01-03,2.00,2.4
TB,1984-01-03,3.00,2.0
TB,1984-01-03,5.00,5.9
TB,1984-01-03,7.00,1.3
TB,1984-02-28,0.00,23.6
TB,1984-02-28,2.00,1.1
TB,1984-02-28,3.00,3.4
TB,1984-02-28,5.00,0.4
TB,1984-02-28,7.00,1.1
TB,1984-04-04,0.00,51.3
TB,1984-04-04,2.00,18.1
TB,1984-04-04,3.00,6.5
TB,1984-04-04,5.00,1.1
TB,1984-04-04,7.00,0.4
TB,1984-05-08,0.00,23.1
TB,1984-05-08,2.00,11.7
TB,1984-05-08,2.00,10.6
TB,1984-05-08,3.00,8.4
TB,1984-05-08,5.00,10.6
TB,1984-05-08,7.00,4.6
TB,1984-05-22,0.00,10.1
TB,1984-05-22,2.00,12.8
TB,1984-05-22,3.00,10.6
TB,1984-05-22,5.00,9.5
TB,1984-05-22,7.00,3.7
TB,1984-06-04,0.00,5.6
TB,1984-06-04,2.00,14.0
TB,1984-06-04,2.00,4.4
TB,1984-06-04,3.00,17.2
TB,1984-06-04,5.00,2.6
TB,1984-06-04,6.00,7.6
TB,1984-06-04,7.00,2.0
TB,1984-06-19,0.00,2.4
TB,1984-06-19,1.00,17.0
TB,1984-06-19,2.00,14.2
TB,1984-06-19,3.00,15.3
TB,1984-06-19,3.00,17.2
TB,1984-06-19,4.00,2.2
TB,1984-06-19,5.00,1.3
TB,1984-06-19,6.00,7.4
TB,1984-06-19,7.00,2.6
TB,1984-07-02,0.00,5.2
TB,1984-07-02,1.00,48.9
TB,1984-07-02,2.00,21.1
TB,1984-07-02,3.00,11.0
TB,1984-07-02,4.00,5.4
TB,1984-07-02,5.00,5.0
TB,1984-07-02,6.00,10.2
TB,1984-07-02,7.00,3.4
TB,1984-07-02,7.00,2.1
TB,1984-07-17,0.00,24.0
TB,1984-07-17,1.00,11.1
TB,1984-07-17,2.00,59.1
TB,1984-07-17,2.00,54.7
TB,1984-07-17,3.00,9.4
TB,1984-07-17,4.00,5.5
TB,1984-07-17,5.00,3.0
TB,1984-07-17,6.00,4.7
TB,1984-07-17,7.00,5.0
TB,1984-08-01,0.00,29.0
TB,1984-08-01,1.00,21.0
TB,1984-08-01,2.00,82.8
TB,1984-08-01,2.00,104.1
TB,1984-08-01,4.00,11.0
TB,1984-08-01,5.00,4.6
TB,1984-08-01,6.00,5.1
TB,1984-08-01,7.00,2.4
TB,1984-08-15,0.00,1.4
TB,1984-08-15,1.00,28.2
TB,1984-08-15,2.00,37.8
TB,1984-08-15,3.00,6.5
TB,1984-08-15,3.00,5.9
TB,1984-08-15,4.00,3.8
TB,1984-08-15,5.00,3.9
TB,1984-08-15,6.00,2.5
TB,1984-08-15,7.00,1.6
TB,1984-09-06,0.00,29.4
TB,1984-09-06,1.00,6.4
TB,1984-09-06,2.00,15.5
TB,1984-09-06,3.00,14.9
TB,1984-09-06,4.00,4.4
TB,1984-09-06,5.00,2.5
TB,1984-09-06,6.00,3.1
TB,1984-09-06,7.00,2.2
TB,1984-09-27,0.00,46.0
TB,1984-09-27,1.00,22.7
TB,1984-09-27,2.00,15.9
TB,1984-09-27,3.00,38.0
TB,1984-09-27,4.00,18.9
TB,1984-09-27,4.00,20.7
TB,1984-09-27,5.00,5.2
TB,1984-09-27,7.00,8.7
TB,1984-10-17,0.00,10.7
TB,1984-10-17,1.00,5.4
TB,1984-10-17,2.00,4.3
TB,1984-10-17,3.00,2.1
TB,1984-10-17,4.00,38.6
TB,1984-10-17,4.00,0.0
TB,1984-10-17,5.00,11.5
TB,1984-10-17,7.00,4.2
TB,1984-11-08,0.00,8.0
TB,1984-11-08,2.00,4.4
TB,1984-11-08,3.00,3.7
TB,1984-11-08,5.00,3.3
TB,1984-11-08,5.00,3.0
TB,1984-11-08,7.00,2.6
TB,1985-01-15,0.00,160.9
TB,1985-01-15,0.00,174.0
TB,1985-01-15,1.00,17.7
TB,1985-01-15,2.00,3.1
TB,1985-01-15,3.00,2.9
TB,1985-01-15,5.00,6.4
TB,1985-01-15,7.00,5.8
TB,1985-02-27,0.00,5.6
TB,1985-02-27,2.00,1.3
TB,1985-02-27,3.00,2.8
TB,1985-02-27,5.00,1.8
TB,1985-02-27,5.00,2.0
TB,1985-02-27,7.00,1.6
TB,1985-03-25,0.00,38.7
TB,1985-03-25,0.00,45.5
TB,1985-03-25,2.00,13.8
TB,1985-03-25,3.00,17.4
TB,1985-03-25,5.00,1.6
TB,1985-03-25,7.00,2.1
TB,1985-04-10,0.00,36.0
TB,1985-04-10,1.00,49.4
TB,1985-04-10,2.00,5.4
TB,1985-04-10,5.00,2.0
TB,1985-04-10,7.00,1.8
TB,1985-04-29,0.00,5.5
TB,1985-04-29,0.00,4.7
TB,1985-04-29,2.00,8.7
TB,1985-04-29,3.00,5.4
TB,1985-04-29,5.00,4.7
TB,1985-04-29,7.00,3.1
TB,1985-05-13,0.00,2.8
TB,1985-05-13,2.00,17.2
TB,1985-05-13,3.00,8.6
TB,1985-05-13,5.00,6.5
TB,1985-05-13,7.00,3.8
TB,1985-05-13,7.00,3.9
TB,1985-05-31,0.00,18.3
TB,1985-05-31,2.00,134.7
TB,1985-05-31,3.00,11.7
TB,1985-05-31,5.00,3.0
TB,1985-05-31,5.00,3.5
TB,1985-05-31,7.00,2.9
TB,1985-06-12,0.00,8.7
TB,1985-06-12,1.00,18.0
TB,1985-06-12,2.00,85.6
TB,1985-06-12,2.00,64.8
TB,1985-06-12,3.00,18.8
TB,1985-06-12,5.00,5.8
TB,1985-06-12,7.00,2.4
TB,1985-06-27,0.00,4.7
TB,1985-06-27,2.00,134.5
TB,1985-06-27,3.00,21.0
TB,1985-06-27,3.00,15.5
TB,1985-06-27,5.00,10.2
TB,1985-06-27,7.00,8.1
TB,1985-07-11,0.00,7.1
TB,1985-07-11,1.00,17.2
TB,1985-07-11,2.00,74.1
TB,1985-07-11,3.00,20.7
TB,1985-07-11,5.00,11.2
TB,1985-07-11,7.00,9.1
TB,1985-07-11,7.00,7.7
TB,1985-07-24,0.00,15.9
TB,1985-07-24,2.00,23.1
TB,1985-07-24,3.00,37.6
TB,1985-07-24,5.00,8.5
TB,1985-07-24,7.00,5.1
TB,1985-07-24,7.00,4.2
TB,1985-08-06,0.00,5.5
TB,1985-08-06,1.00,12.7
TB,1985-08-06,2.00,18.0
TB,1985-08-06,3.00,59.7
TB,1985-08-06,5.00,15.3
TB,1985-08-06,7.00,7.6
TB,1985-08-06,7.00,3.8
TB,1985-08-21,0.00,12.4
TB,1985-08-21,2.00,8.4
TB,1985-08-21,3.00,78.6
TB,1985-08-21,5.00,27.9
TB,1985-08-21,7.00,10.2
TB,1985-08-21,7.00,11.9
TB,1985-09-09,0.00,16.3
TB,1985-09-09,2.00,11.5
TB,1985-09-09,3.00,80.2
TB,1985-09-09,3.00,82.4
TB,1985-09-09,5.00,41.9
TB,1985-09-09,7.00,23.4
TB,1985-10-01,0.00,13.4
TB,1985-10-01,2.00,12.8
TB,1985-10-01,3.00,13.2
TB,1985-10-01,5.00,49.6
TB,1985-10-01,5.00,46.4
TB,1985-10-01,7.00,19.2
TB,1985-10-23,0.00,4.2
TB,1985-10-23,2.00,4.3
TB,1985-10-23,3.00,4.7
TB,1985-10-23,5.00,57.1
TB,1985-10-23,7.00,19.2
TB,1985-10-23,7.00,15.0
TB,1985-11-12,0.00,13.3
TB,1985-11-12,2.00,8.2
TB,1985-11-12,3.00,8.6
TB,1985-11-12,3.00,8.0
TB,1985-11-12,5.00,5.5
TB,1985-11-12,7.00,5.8
TB,1986-01-10,2.00,4.8
TB,1986-01-10,3.00,3.4
TB,1986-01-10,5.00,2.8
TB,1986-01-10,5.00,3.3
TB,1986-01-10,7.00,2.1
TB,1986-02-25,0.00,7.7
TB,1986-02-25,2.00,1.5
TB,1986-02-25,3.00,0.3
TB,1986-02-25,5.00,0.1
TB,1986-02-25,7.00,0.6
TB,1986-02-25,7.00,0.4
TB,1986-03-31,0.00,12.0
TB,1986-03-31,2.00,0.4
TB,1986-03-31,3.00,0.8
TB,1986-03-31,3.00,0.4
TB,1986-03-31,6.00,0.4
TB,1986-03-31,7.00,4.9
TB,1986-04-21,0.00,12.3
TB,1986-04-21,2.00,2.6
TB,1986-04-21,2.00,3.3
TB,1986-04-21,3.00,2.5
TB,1986-04-21,5.00,2.2
TB,1986-04-21,7.00,0.7
TB,1986-05-06,0.00,8.5
TB,1986-05-06,0.00,7.4
TB,1986-05-06,2.00,11.2
TB,1986-05-06,3.00,3.0
TB,1986-05-06,5.00,6.7
TB,1986-05-06,7.00,1.5
TB,1986-05-21,0.00,2.8
TB,1986-05-21,2.00,10.5
TB,1986-05-21,3.00,2.3
TB,1986-05-21,3.00,2.7
TB,1986-05-21,5.00,1.3
TB,1986-05-21,7.00,1.1
TB,1986-06-03,0.00,2.7
TB,1986-06-03,2.00,64.0
TB,1986-06-03,3.00,3.0
TB,1986-06-03,5.00,1.6
TB,1986-06-03,7.00,0.8
TB,1986-06-03,7.00,1.2
TB,1986-06-16,0.00,12.1
TB,1986-06-16,2.00,16.0
TB,1986-06-16,3.00,6.8
TB,1986-06-16,5.00,2.8
TB,1986-06-16,5.00,2.6
TB,1986-06-16,7.00,1.9
TB,1986-07-01,0.00,2.6
TB,1986-07-01,2.00,17.2
TB,1986-07-01,3.00,4.8
TB,1986-07-01,5.00,2.0
TB,1986-07-01,5.00,2.7
TB,1986-07-01,7.00,1.9
TB,1986-07-15,0.00,58.3
TB,1986-07-15,2.00,11.2
TB,1986-07-15,3.00,6.0
TB,1986-07-15,5.00,3.8
TB,1986-07-15,5.00,4.0
TB,1986-07-15,7.00,3.8
TB,1986-07-29,0.00,1.1
TB,1986-07-29,2.00,25.1
TB,1986-07-29,3.00,3.9
TB,1986-07-29,5.00,2.5
TB,1986-07-29,7.00,1.3
TB,1986-07-29,7.00,2.3
TB,1986-08-13,0.00,2.8
TB,1986-08-13,2.00,15.9
TB,1986-08-13,3.00,6.8
TB,1986-08-13,5.00,3.4
TB,1986-08-13,5.00,3.7
TB,1986-08-13,7.00,1.1
TB,1986-08-26,0.00,9.2
TB,1986-08-26,2.00,18.5
TB,1986-08-26,3.00,12.1
TB,1986-08-26,5.00,2.0
TB,1986-08-26,7.00,0.8
TB,1986-08-26,7.00,1.8
TB,1986-09-08,0.00,11.1
TB,1986-09-08,2.00,6.8
TB,1986-09-08,3.00,20.6
TB,1986-09-08,5.00,3.8
TB,1986-09-08,7.00,2.0
TB,1986-09-25,0.00,33.3
TB,1986-09-25,2.00,1.4
TB,1986-09-25,3.00,19.0
TB,1986-09-25,5.00,1.3
TB,1986-09-25,7.00,2.2
TB,1986-09-25,7.00,2.5
TB,1986-10-06,0.00,9.9
TB,1986-10-06,0.00,10.9
TB,1986-10-06,2.00,7.1
TB,1986-10-06,3.00,11.5
TB,1986-10-06,5.00,1.7
TB,1986-10-06,7.00,2.4
TB,1986-10-23,0.00,5.2
TB,1986-10-23,2.00,1.9
TB,1986-10-23,3.00,2.0
TB,1986-10-23,5.00,3.3
TB,1986-10-23,7.00,1.9
TB,1986-10-23,7.00,2.1
TB,1986-11-04,0.00,1.8
TB,1986-11-04,2.00,1.4
TB,1986-11-04,2.00,1.5
TB,1986-11-04,3.00,1.6
TB,1986-11-04,5.00,1.4
TB,1986-11-04,7.00,1.5
TB,1987-01-15,0.00,2.0
TB,1987-01-15,2.00,0.3
TB,1987-01-15,3.00,0.9
TB,1987-01-15,5.00,0.6
TB,1987-01-15,7.00,0.6
TB,1987-01-15,7.00,0.5
TB,1987-02-23,0.00,2.6
TB,1987-02-23,2.00,0.3
TB,1987-02-23,3.00,0.5
TB,1987-02-23,5.00,0.3
TB,1987-02-23,5.00,0.3
TB,1987-02-23,7.00,0.4
TB,1987-03-20,0.00,1.6
TB,1987-03-20,2.00,1.3
TB,1987-03-20,3.00,0.1
TB,1987-03-20,3.00,0.5
TB,1987-03-20,5.00,0.3
TB,1987-03-20,6.00,0.1
TB,1987-03-20,7.00,0.2
TB,1987-04-13,0.00,11.7
TB,1987-04-13,2.00,0.6
TB,1987-04-13,3.00,0.5
TB,1987-04-13,3.00,0.4
TB,1987-04-13,5.00,0.4
TB,1987-04-13,7.00,0.6
TB,1987-04-30,0.00,5.1
TB,1987-04-30,2.00,3.9
TB,1987-04-30,2.00,5.9
TB,1987-04-30,3.00,0.2
TB,1987-04-30,5.00,1.8
TB,1987-04-30,7.00,1.4
TB,1987-05-18,0.00,4.5
TB,1987-05-18,2.00,58.9
TB,1987-05-18,2.00,54.2
TB,1987-05-18,3.00,3.4
TB,1987-05-18,5.00,1.5
TB,1987-05-18,7.00,1.8
TB,1987-06-03,0.00,0.8
TB,1987-06-03,2.00,135.5
TB,1987-06-03,2.00,139.5
TB,1987-06-03,3.00,31.9
TB,1987-06-03,5.00,3.6
TB,1987-06-03,7.00,2.0
TB,1987-06-22,0.00,1.1
TB,1987-06-22,2.00,93.5
TB,1987-06-22,3.00,9.3
TB,1987-06-22,3.00,6.8
TB,1987-06-22,5.00,3.0
TB,1987-06-22,7.00,2.3
TB,1987-07-01,0.00,16.3
TB,1987-07-01,2.00,206.3
TB,1987-07-01,2.00,187.2
TB,1987-07-01,3.00,18.6
TB,1987-07-01,5.00,4.5
TB,1987-07-01,7.00,3.1
TB,1987-07-16,0.00,1.0
TB,1987-07-16,2.00,174.0
TB,1987-07-16,3.00,4.7
TB,1987-07-16,5.00,2.1
TB,1987-07-16,5.00,2.7
TB,1987-07-16,7.00,3.2
TB,1987-07-28,0.00,27.3
TB,1987-07-28,2.00,89.1
TB,1987-07-28,2.00,85.1
TB,1987-07-28,3.00,12.9
TB,1987-07-28,5.00,3.5
TB,1987-07-28,7.00,1.8
TB,1987-08-12,0.00,18.8
TB,1987-08-12,2.00,130.5
TB,1987-08-12,3.00,34.4
TB,1987-08-12,5.00,3.9
TB,1987-08-12,5.00,3.0
TB,1987-08-12,7.00,1.3
TB,1987-08-24,0.00,9.0
TB,1987-08-24,2.00,71.1
TB,1987-08-24,3.00,11.6
TB,1987-08-24,3.00,12.5
TB,1987-08-24,5.00,5.1
TB,1987-08-24,7.00,2.5
TB,1987-09-10,0.00,25.6
TB,1987-09-10,2.00,25.6
TB,1987-09-10,2.00,75.9
TB,1987-09-10,3.00,27.8
TB,1987-09-10,5.00,19.9
TB,1987-09-10,6.00,5.2
TB,1987-09-24,0.00,10.3
TB,1987-09-24,2.00,3.4
TB,1987-09-24,3.00,17.8
TB,1987-09-24,5.00,7.8
TB,1987-09-24,7.00,4.8
TB,1987-09-24,7.00,4.0
TB,1987-10-06,0.00,9.8
TB,1987-10-06,2.00,8.3
TB,1987-10-06,3.00,7.4
TB,1987-10-06,5.00,7.0
TB,1987-10-06,5.00,7.1
TB,1987-10-06,7.00,4.5
TB,1987-10-19,0.00,5.7
TB,1987-10-19,0.00,5.4
TB,1987-10-19,2.00,3.2
TB,1987-10-19,3.00,3.0
TB,1987-10-19,5.00,4.8
TB,1987-10-19,7.00,4.2
TB,1987-11-02,0.00,12.4
TB,1987-11-02,2.00,2.3
TB,1987-11-02,3.00,2.1
TB,1987-11-02,3.00,2.2
TB,1987-11-02,5.00,1.1
TB,1987-11-02,7.00,2.9
TB,1987-11-19,0.00,3.7
TB,1987-11-19,2.00,4.1
TB,1987-11-19,2.00,4.4
TB,1987-11-19,3.00,4.1
TB,1987-11-19,6.00,1.7
TB,1987-11-19,7.00,2.3
TB,1988-01-14,0.00,3.1
TB,1988-01-14,2.00,0.2
TB,1988-01-14,3.00,0.1
TB,1988-01-14,5.00,2.4
TB,1988-01-14,7.00,2.2
TB,1988-01-14,7.00,2.0
TB,1988-03-01,0.00,3.3
TB,1988-03-01,3.00,0.1
TB,1988-03-01,3.00,0.1
TB,1988-03-01,5.00,1.6
TB,1988-03-01,7.00,2.8
TB,1988-03-23,0.00,192.3
TB,1988-03-23,2.00,0.3
TB,1988-03-23,3.00,0.4
TB,1988-03-23,5.00,1.7
TB,1988-03-23,6.00,1.5
TB,1988-03-23,6.00,0.6
TB,1988-04-21,0.00,60.1
TB,1988-04-21,0.00,59.9
TB,1988-04-21,2.00,18.1
TB,1988-04-21,3.00,8.1
TB,1988-04-21,5.00,4.2
TB,1988-04-21,6.00,3.2
TB,1988-05-10,0.00,5.4
TB,1988-05-10,0.00,5.0
TB,1988-05-10,2.00,14.5
TB,1988-05-10,4.00,4.6
TB,1988-05-10,6.00,4.3
TB,1988-05-24,0.00,3.5
TB,1988-05-24,2.00,13.5
TB,1988-05-24,2.00,15.9
TB,1988-05-24,3.00,4.8
TB,1988-05-24,5.00,4.9
TB,1988-05-24,6.00,5.6
TB,1988-06-06,0.00,6.0
TB,1988-06-06,2.00,27.8
TB,1988-06-06,3.00,7.6
TB,1988-06-06,3.00,7.7
TB,1988-06-06,5.00,13.5
TB,1988-06-06,6.00,3.9
TB,1988-06-20,0.00,2.2
TB,1988-06-20,2.00,51.3
TB,1988-06-20,2.00,46.0
TB,1988-06-20,3.00,28.3
TB,1988-06-20,5.00,11.4
TB,1988-06-20,7.00,12.8
TB,1988-07-04,0.00,2.7
TB,1988-07-04,2.00,74.1
TB,1988-07-04,2.00,98.0
TB,1988-07-04,3.00,3.4
TB,1988-07-04,5.00,10.2
TB,1988-07-04,6.00,5.2
TB,1988-07-20,0.00,1.4
TB,1988-07-20,2.00,136.0
TB,1988-07-20,2.00,117.3
TB,1988-07-20,3.00,7.1
TB,1988-07-20,5.00,5.5
TB,1988-07-20,6.00,3.9
TB,1988-08-03,0.00,1.6
TB,1988-08-03,2.00,199.1
TB,1988-08-03,3.00,11.6
TB,1988-08-03,5.00,9.9
TB,1988-08-03,6.00,5.7
TB,1988-08-03,6.00,5.4
TB,1988-08-16,0.00,1.2
TB,1988-08-16,2.00,23.1
TB,1988-08-16,2.00,21.8
TB,1988-08-16,3.00,36.9
TB,1988-08-16,5.00,24.6
TB,1988-08-16,6.00,12.4
TB,1988-08-31,0.00,1.4
TB,1988-08-31,2.00,6.8
TB,1988-08-31,3.00,33.7
TB,1988-08-31,3.00,35.7
TB,1988-08-31,5.00,6.1
TB,1988-08-31,6.00,35.7
TB,1988-09-15,0.00,6.6
TB,1988-09-15,2.00,7.8
TB,1988-09-15,2.00,8.5
TB,1988-09-15,3.00,47.0
TB,1988-09-15,5.00,7.4
TB,1988-09-15,6.00,11.9
TB,1988-09-28,0.00,12.9
TB,1988-09-28,2.00,15.5
TB,1988-09-28,3.00,53.1
TB,1988-09-28,5.00,5.5
TB,1988-09-28,6.00,8.7
TB,1988-09-28,6.00,7.1
TB,1988-10-11,0.00,7.2
TB,1988-10-11,2.00,5.3
TB,1988-10-11,3.00,5.5
TB,1988-10-11,3.00,5.3
TB,1988-10-11,5.00,5.9
TB,1988-10-11,6.00,6.0
TB,1988-10-25,0.00,8.3
TB,1988-10-25,2.00,8.9
TB,1988-10-25,3.00,6.9
TB,1988-10-25,5.00,6.8
TB,1988-10-25,6.00,5.4
TB,1988-10-25,6.00,6.1
TB,1988-11-03,0.00,15.6
TB,1988-11-03,2.00,14.4
TB,1988-11-03,3.00,12.0
TB,1988-11-03,5.00,10.4
TB,1988-11-03,6.00,9.6
TB,1988-11-03,6.00,10.1
TB,1989-01-17,0.00,2.6
TB,1989-01-17,0.00,2.6
TB,1989-01-17,3.00,2.0
TB,1989-01-17,5.00,52.6
TB,1989-01-17,6.00,7.5
TB,1989-03-06,0.00,0.4
TB,1989-03-06,2.00,0.4
TB,1989-03-06,3.00,0.9
TB,1989-03-06,3.00,0.9
TB,1989-03-06,5.00,1.7
TB,1989-03-06,6.00,1.9
TB,1989-03-27,0.00,3.6
TB,1989-03-27,2.00,2.5
TB,1989-03-27,3.00,2.6
TB,1989-03-27,5.00,0.9
TB,1989-03-27,6.00,0.7
TB,1989-03-27,6.00,1.0
TB,1989-05-03,0.00,7.6
TB,1989-05-03,2.00,20.2
TB,1989-05-03,3.00,5.6
TB,1989-05-03,3.00,5.6
TB,1989-05-03,5.00,5.1
TB,1989-05-03,6.00,4.4
TB,1989-05-18,0.00,4.0
TB,1989-05-18,0.00,3.8
TB,1989-05-18,2.00,19.6
TB,1989-05-18,3.00,7.2
TB,1989-05-18,5.00,8.2
TB,1989-05-18,6.00,2.8
TB,1989-05-29,0.00,8.2
TB,1989-05-29,2.00,8.7
TB,1989-05-29,2.00,9.2
TB,1989-05-29,3.00,12.7
TB,1989-05-29,5.00,12.3
TB,1989-05-29,7.00,6.7
TB,1989-06-14,0.00,25.1
TB,1989-06-14,2.00,13.5
TB,1989-06-14,3.00,14.0
TB,1989-06-14,5.00,6.4
TB,1989-06-14,7.00,2.7
TB,1989-06-14,7.00,4.5
TB,1989-06-27,0.00,12.2
TB,1989-06-27,2.00,100.3
TB,1989-06-27,2.00,102.4
TB,1989-06-27,3.00,11.5
TB,1989-06-27,5.00,10.1
TB,1989-06-27,7.00,5.8
TB,1989-07-13,0.00,20.6
TB,1989-07-13,2.00,145.6
TB,1989-07-13,3.00,17.9
TB,1989-07-13,5.00,8.0
TB,1989-07-13,5.00,8.8
TB,1989-07-13,7.00,5.1
TB,1989-07-24,0.00,2.1
TB,1989-07-24,2.00,134.1
TB,1989-07-24,3.00,13.7
TB,1989-07-24,5.00,-15.8
TB,1989-07-24,7.00,3.9
TB,1989-08-08,0.00,18.5
TB,1989-08-08,2.00,113.2
TB,1989-08-08,3.00,10.4
TB,1989-08-08,5.00,5.8
TB,1989-08-08,5.00,7.1
TB,1989-08-08,7.00,2.7
TB,1989-08-21,0.00,2.5
TB,1989-08-21,0.00,2.3
TB,1989-08-21,2.00,123.9
TB,1989-08-21,3.00,15.0
TB,1989-08-21,5.00,13.8
TB,1989-08-21,7.00,2.5
TB,1989-09-06,0.00,2.9
TB,1989-09-06,2.00,128.4
TB,1989-09-06,3.00,20.7
TB,1989-09-06,5.00,7.8
TB,1989-09-06,5.00,8.4
TB,1989-09-06,7.00,3.2
TB,1989-09-20,0.00,2.6
TB,1989-09-20,2.00,9.0
TB,1989-09-20,2.00,8.1
TB,1989-09-20,3.00,24.4
TB,1989-09-20,5.00,7.2
TB,1989-09-20,7.00,4.8
TB,1989-10-03,0.00,13.1
TB,1989-10-03,2.00,8.9
TB,1989-10-03,3.00,19.8
TB,1989-10-03,5.00,5.8
TB,1989-10-03,5.00,6.4
TB,1989-10-03,7.00,7.2
TB,1989-10-16,0.00,11.9
TB,1989-10-16,2.00,8.2
TB,1989-10-16,2.00,7.8
TB,1989-10-16,3.00,5.5
TB,1989-10-16,5.00,6.8
TB,1989-10-16,7.00,4.3
TB,1989-10-30,0.00,14.9
TB,1989-10-30,2.00,7.1
TB,1989-10-30,3.00,4.6
TB,1989-10-30,5.00,5.4
TB,1989-10-30,7.00,6.8
TB,1989-10-30,7.00,4.1
TB,1989-11-07,0.00,11.7
TB,1989-11-07,2.00,10.2
TB,1989-11-07,3.00,9.7
TB,1989-11-07,3.00,9.3
TB,1989-11-07,5.00,8.9
TB,1989-11-07,7.00,3.9
TB,1990-01-15,0.00,18.5
TB,1990-01-15,2.00,3.9
TB,1990-01-15,3.00,18.2
TB,1990-01-15,3.00,16.2
TB,1990-01-15,5.00,4.9
TB,1990-01-15,6.00,16.2
TB,1990-02-28,0.00,1.8
TB,1990-02-28,0.00,2.4
TB,1990-02-28,2.00,5.4
TB,1990-02-28,3.00,0.9
TB,1990-02-28,5.00,1.3
TB,1990-02-28,7.00,2.6
TB,1990-03-27,0.00,12.3
TB,1990-03-27,2.00,1.4
TB,1990-03-27,3.00,1.0
TB,1990-03-27,5.00,1.0
TB,1990-03-27,7.00,2.0
TB,1990-03-27,7.00,1.7
TB,1990-05-01,0.00,9.6
TB,1990-05-01,2.00,30.6
TB,1990-05-01,3.00,21.6
TB,1990-05-01,3.00,24.2
TB,1990-05-01,5.00,11.9
TB,1990-05-01,6.00,7.6
TB,1990-05-16,0.00,5.8
TB,1990-05-16,2.00,10.9
TB,1990-05-16,3.00,30.6
TB,1990-05-16,5.00,4.9
TB,1990-05-16,5.00,7.5
TB,1990-05-16,7.00,3.9
TB,1990-05-30,0.00,1.7
TB,1990-05-30,0.00,1.7
TB,1990-05-30,2.00,12.5
TB,1990-05-30,3.00,54.2
TB,1990-05-30,5.00,3.1
TB,1990-05-30,7.00,7.2
TB,1990-06-12,0.00,8.8
TB,1990-06-12,2.00,23.9
TB,1990-06-12,3.00,117.7
TB,1990-06-12,5.00,13.4
TB,1990-06-12,5.00,8.9
TB,1990-06-12,7.00,6.1
TB,1990-06-27,0.00,5.7
TB,1990-06-27,2.00,-3.5
TB,1990-06-27,2.00,7.5
TB,1990-06-27,3.00,15.8
TB,1990-06-27,5.00,4.4
TB,1990-06-27,7.00,-13.0
TB,1990-07-12,0.00,9.0
TB,1990-07-12,2.00,15.3
TB,1990-07-12,3.00,111.1
TB,1990-07-12,5.00,14.0
TB,1990-07-12,5.00,12.7
TB,1990-07-12,7.00,5.3
TB,1990-07-24,0.00,2.2
TB,1990-07-24,0.00,3.1
TB,1990-07-24,2.00,4.5
TB,1990-07-24,3.00,120.4
TB,1990-07-24,5.00,17.7
TB,1990-07-24,7.00,4.2
TB,1990-08-08,0.00,4.8
TB,1990-08-08,2.00,4.4
TB,1990-08-08,3.00,116.3
TB,1990-08-08,5.00,7.7
TB,1990-08-08,5.00,11.2
TB,1990-08-08,7.00,-1.9
TB,1990-08-22,0.00,-7.6
TB,1990-08-22,0.00,3.0
TB,1990-08-22,2.00,-85.4
TB,1990-08-22,3.00,117.8
TB,1990-08-22,5.00,9.4
TB,1990-08-22,7.00,8.1
TB,1990-09-06,0.00,9.9
TB,1990-09-06,2.00,-8.9
TB,1990-09-06,3.00,27.5
TB,1990-09-06,5.00,12.4
TB,1990-09-06,7.00,27.8
TB,1990-09-06,7.00,7.5
TB,1990-09-17,0.00,12.4
TB,1990-09-17,2.00,7.5
TB,1990-09-17,3.00,107.9
TB,1990-09-17,3.00,82.9
TB,1990-09-17,5.00,10.7
TB,1990-09-17,7.00,2.3
TB,1990-10-01,0.00,23.6
TB,1990-10-01,2.00,14.3
TB,1990-10-01,3.00,17.8
TB,1990-10-01,3.00,11.8
TB,1990-10-01,5.00,25.9
TB,1990-10-01,7.00,6.6
TB,1990-10-16,0.00,17.1
TB,1990-10-16,2.00,21.9
TB,1990-10-16,3.00,20.0
TB,1990-10-16,3.00,16.0
TB,1990-10-16,5.00,14.9
TB,1990-10-16,7.00,12.8
TB,1990-10-29,0.00,14.6
TB,1990-10-29,2.00,14.1
TB,1990-10-29,3.00,15.6
TB,1990-10-29,5.00,13.8
TB,1990-10-29,7.00,5.2
TB,1990-10-29,7.00,5.3
TB,1990-11-08,0.00,19.3
TB,1990-11-08,2.00,21.0
TB,1990-11-08,3.00,17.1
TB,1990-11-08,3.00,12.7
TB,1990-11-08,5.00,20.5
TB,1990-11-08,7.00,19.5
TB,1991-01-16,0.00,85.4
TB,1991-01-16,2.00,-1.5
TB,1991-01-16,3.00,9.3
TB,1991-01-16,3.00,10.0
TB,1991-01-16,5.00,13.1
TB,1991-01-16,6.50,8.7
TB,1991-02-20,0.00,97.3
TB,1991-02-20,0.00,149.6
TB,1991-02-20,2.00,18.4
TB,1991-02-20,3.00,2.1
TB,1991-02-20,5.00,0.7
TB,1991-02-20,7.00,-1.9
TB,1991-03-21,0.00,1.3
TB,1991-03-21,2.00,1.5
TB,1991-03-21,3.00,-0.3
TB,1991-03-21,3.00,0.8
TB,1991-03-21,5.00,0.4
TB,1991-03-21,7.00,0.3
TB,1991-05-09,0.00,27.0
TB,1991-05-09,2.00,15.3
TB,1991-05-09,3.00,3.3
TB,1991-05-09,3.00,3.7
TB,1991-05-09,5.00,0.9
TB,1991-05-09,7.00,-1.3
TB,1991-05-23,0.00,14.6
TB,1991-05-23,2.00,-67.6
TB,1991-05-23,3.00,-3.5
TB,1991-05-23,5.00,-10.2
TB,1991-05-23,7.00,-12.3
TB,1991-05-23,7.00,-11.2
TB,1991-06-05,0.00,13.5
TB,1991-06-05,2.00,45.6
TB,1991-06-05,2.00,38.8
TB,1991-06-05,3.00,37.0
TB,1991-06-05,5.00,6.8
TB,1991-06-05,7.00,4.9
TB,1991-06-18,0.00,13.3
TB,1991-06-18,2.00,108.8
TB,1991-06-18,2.00,72.7
TB,1991-06-18,3.00,29.3
TB,1991-06-18,5.00,14.3
TB,1991-06-18,7.00,15.2
TB,1991-07-02,0.00,24.6
TB,1991-07-02,2.00,96.9
TB,1991-07-02,3.00,69.6
TB,1991-07-02,5.00,12.6
TB,1991-07-02,5.00,17.2
TB,1991-07-02,7.00,6.8
TB,1991-07-18,0.00,16.5
TB,1991-07-18,2.00,85.7
TB,1991-07-18,2.00,70.4
TB,1991-07-18,3.00,103.1
TB,1991-07-18,5.00,27.7
TB,1991-07-18,7.00,9.9
TB,1991-07-29,0.00,47.7
TB,1991-07-29,2.00,135.8
TB,1991-07-29,2.00,109.1
TB,1991-07-29,3.00,191.1
TB,1991-07-29,5.00,19.6
TB,1991-07-29,7.00,15.4
TB,1991-08-12,0.00,35.0
TB,1991-08-12,2.00,112.3
TB,1991-08-12,3.00,125.8
TB,1991-08-12,5.00,32.2
TB,1991-08-12,5.00,36.5
TB,1991-08-12,7.00,14.3
TB,1991-08-26,0.00,36.4
TB,1991-08-26,2.00,65.1
TB,1991-08-26,3.00,71.3
TB,1991-08-26,3.00,119.8
TB,1991-08-26,5.00,26.5
TB,1991-08-26,7.00,15.0
TB,1991-09-11,0.00,78.2
TB,1991-09-11,0.00,85.0
TB,1991-09-11,2.00,85.4
TB,1991-09-11,3.00,84.7
TB,1991-09-11,5.00,55.8
TB,1991-09-11,7.00,28.5
TB,1991-09-24,0.00,28.4
TB,1991-09-24,0.00,29.4
TB,1991-09-24,2.00,54.4
TB,1991-09-24,3.00,204.7
TB,1991-09-24,5.00,19.5
TB,1991-09-24,7.00,18.7
TB,1991-10-08,0.00,12.3
TB,1991-10-08,2.00,8.3
TB,1991-10-08,3.00,7.4
TB,1991-10-08,5.00,12.7
TB,1991-10-08,7.00,17.9
TB,1991-10-08,7.00,21.3
TB,1991-10-28,0.00,29.0
TB,1991-10-28,0.00,24.5
TB,1991-10-28,2.00,6.7
TB,1991-10-28,3.00,4.6
TB,1991-10-28,5.00,8.4
TB,1991-10-28,7.00,14.9
TB,1991-11-04,0.00,12.5
TB,1991-11-04,0.00,18.9
TB,1991-11-04,2.00,10.3
TB,1991-11-04,3.00,9.7
TB,1991-11-04,5.00,7.7
TB,1991-11-04,7.00,5.9
TB,1992-01-15,0.00,14.2
TB,1992-01-15,2.00,6.0
TB,1992-01-15,3.00,18.3
TB,1992-01-15,3.00,17.0
TB,1992-01-15,5.00,6.9
TB,1992-01-15,7.00,6.6
TB,1992-02-26,0.00,2.7
TB,1992-02-26,0.00,2.0
TB,1992-02-26,2.00,1.3
TB,1992-02-26,3.00,0.7
TB,1992-02-26,5.00,2.0
TB,1992-02-26,7.00,4.9
TB,1992-03-23,0.00,5.2
TB,1992-03-23,2.00,0.2
TB,1992-03-23,3.00,0.2
TB,1992-03-23,5.00,0.5
TB,1992-03-23,7.00,1.4
TB,1992-03-23,7.00,1.3
TB,1992-05-04,0.00,22.2
TB,1992-05-04,2.00,7.8
TB,1992-05-04,3.00,18.2
TB,1992-05-04,5.00,2.2
TB,1992-05-04,7.00,-0.3
TB,1992-05-20,0.00,8.1
TB,1992-05-20,2.00,41.6
TB,1992-05-20,3.00,24.2
TB,1992-05-20,5.00,9.0
TB,1992-05-20,7.00,11.1
TB,1992-06-01,0.00,5.4
TB,1992-06-01,2.00,123.8
TB,1992-06-01,3.00,162.8
TB,1992-06-01,5.00,18.0
TB,1992-06-01,7.00,13.0
TB,1992-06-15,0.00,17.6
TB,1992-06-15,2.00,109.7
TB,1992-06-15,3.00,39.6
TB,1992-06-15,5.00,31.9
TB,1992-06-15,7.00,9.0
TB,1992-07-07,0.00,9.7
TB,1992-07-07,2.00,93.9
TB,1992-07-07,3.00,23.3
TB,1992-07-07,5.00,8.0
TB,1992-07-07,7.00,1.0
TB,1992-07-13,0.00,8.0
TB,1992-07-13,2.00,11.8
TB,1992-07-13,3.00,16.5
TB,1992-07-13,5.00,9.7
TB,1992-07-13,7.00,14.7
TB,1992-07-31,0.00,3.3
TB,1992-07-31,2.00,22.2
TB,1992-07-31,2.00,21.6
TB,1992-07-31,3.00,50.5
TB,1992-07-31,5.00,8.8
TB,1992-07-31,7.00,4.1
TB,1992-08-10,0.00,3.5
TB,1992-08-10,2.00,49.0
TB,1992-08-10,3.00,90.9
TB,1992-08-10,3.00,90.1
TB,1992-08-10,5.00,9.1
TB,1992-08-10,7.00,3.5
TB,1992-08-27,0.00,14.8
TB,1992-08-27,2.00,40.8
TB,1992-08-27,3.00,134.4
TB,1992-08-27,3.00,131.5
TB,1992-08-27,5.00,15.3
TB,1992-08-27,7.00,15.1
TB,1992-09-11,0.00,8.5
TB,1992-09-11,2.00,9.6
TB,1992-09-11,3.00,116.1
TB,1992-09-11,5.00,20.5
TB,1992-09-11,5.00,17.8
TB,1992-09-11,7.00,9.7
TB,1992-09-24,0.00,9.6
TB,1992-09-24,2.00,6.9
TB,1992-09-24,3.00,161.7
TB,1992-09-24,3.00,110.3
TB,1992-09-24,5.00,18.2
TB,1992-09-24,7.00,14.5
TB,1992-10-05,0.00,6.1
TB,1992-10-05,2.00,5.8
TB,1992-10-05,3.00,102.8
TB,1992-10-05,3.00,109.0
TB,1992-10-05,5.00,24.9
TB,1992-10-05,7.00,13.5
TB,1992-10-21,0.00,24.1
TB,1992-10-21,2.00,21.1
TB,1992-10-21,3.00,15.5
TB,1992-10-21,5.00,13.1
TB,1992-10-21,7.00,9.5
TB,1992-10-21,7.00,9.0
TB,1992-11-05,0.00,10.6
TB,1992-11-05,2.00,10.6
TB,1992-11-05,3.00,9.8
TB,1992-11-05,3.00,7.3
TB,1992-11-05,5.00,8.1
TB,1992-11-05,7.00,7.2
TB,1993-01-14,0.00,26.9
TB,1993-01-14,0.00,29.8
TB,1993-01-14,2.00,3.1
TB,1993-01-14,3.00,3.3
TB,1993-01-14,5.00,2.5
TB,1993-01-14,7.00,4.0
TB,1993-02-24,0.00,3.3
TB,1993-02-24,0.00,5.4
TB,1993-02-24,2.00,10.9
TB,1993-02-24,3.00,1.3
TB,1993-02-24,5.00,3.1
TB,1993-02-24,7.00,4.3
TB,1993-03-23,0.00,8.9
TB,1993-03-23,0.00,9.6
TB,1993-03-23,2.00,1.4
TB,1993-03-23,3.00,1.5
TB,1993-03-23,5.00,1.7
TB,1993-03-23,7.00,3.1
TB,1993-05-03,0.00,26.7
TB,1993-05-03,2.00,12.6
TB,1993-05-03,3.00,11.0
TB,1993-05-03,3.00,11.6
TB,1993-05-03,5.00,6.6
TB,1993-05-03,7.00,4.7
TB,1993-05-20,0.00,4.8
TB,1993-05-20,2.00,70.0
TB,1993-05-20,3.00,29.7
TB,1993-05-20,3.00,33.0
TB,1993-05-20,5.00,9.4
TB,1993-05-20,7.00,11.5
TB,1993-06-03,0.00,6.7
TB,1993-06-03,2.00,260.7
TB,1993-06-03,2.00,212.6
TB,1993-06-03,3.00,30.6
TB,1993-06-03,5.00,7.9
TB,1993-06-03,7.00,6.5
TB,1993-06-14,0.00,7.8
TB,1993-06-14,2.00,118.4
TB,1993-06-14,2.00,150.4
TB,1993-06-14,3.00,50.8
TB,1993-06-14,5.00,26.3
TB,1993-06-14,7.00,6.0
TB,1993-06-28,0.00,20.9
TB,1993-06-28,0.00,21.5
TB,1993-06-28,2.00,338.3
TB,1993-06-28,3.00,44.7
TB,1993-06-28,5.00,49.2
TB,1993-06-28,7.00,15.4
TB,1993-07-15,0.00,25.9
TB,1993-07-15,2.00,475.6
TB,1993-07-15,2.00,493.3
TB,1993-07-15,3.00,63.9
TB,1993-07-15,5.00,32.2
TB,1993-07-15,7.00,15.2
TB,1993-07-26,0.00,29.7
TB,1993-07-26,2.00,159.2
TB,1993-07-26,3.00,72.9
TB,1993-07-26,3.00,73.9
TB,1993-07-26,5.00,21.8
TB,1993-07-26,7.00,15.7
TB,1993-08-09,0.00,32.9
TB,1993-08-09,0.00,36.0
TB,1993-08-09,2.00,84.9
TB,1993-08-09,3.00,109.7
TB,1993-08-09,5.00,31.0
TB,1993-08-09,7.00,17.2
TB,1993-08-23,0.00,14.0
TB,1993-08-23,2.00,93.8
TB,1993-08-23,3.00,157.5
TB,1993-08-23,5.00,34.7
TB,1993-08-23,7.00,29.9
TB,1993-08-23,7.00,23.8
TB,1993-09-09,2.00,60.2
TB,1993-09-09,2.00,98.0
TB,1993-09-09,3.00,225.9
TB,1993-09-09,5.00,40.5
TB,1993-09-09,7.00,20.5
TB,1993-09-22,0.00,130.0
TB,1993-09-22,2.00,6.9
TB,1993-09-22,3.00,187.3
TB,1993-09-22,5.00,35.3
TB,1993-09-22,7.00,17.1
TB,1993-09-22,7.00,17.6
TB,1993-10-07,0.00,22.5
TB,1993-10-07,0.00,21.4
TB,1993-10-07,2.00,9.1
TB,1993-10-07,3.00,11.1
TB,1993-10-07,5.00,27.6
TB,1993-10-07,7.00,17.0
TB,1993-10-19,0.00,9.9
TB,1993-10-19,2.00,6.1
TB,1993-10-19,3.00,5.1
TB,1993-10-19,5.00,23.6
TB,1993-10-19,5.00,23.7
TB,1993-10-19,7.00,12.9
TB,1993-11-02,0.00,12.8
TB,1993-11-02,2.00,11.1
TB,1993-11-02,3.00,8.6
TB,1993-11-02,3.00,8.1
TB,1993-11-02,5.00,8.9
TB,1993-11-02,7.00,10.3
TB,1994-01-17,0.00,12.9
TB,1994-01-17,2.00,2.4
TB,1994-01-17,3.00,6.5
TB,1994-01-17,5.00,10.4
TB,1994-01-17,7.00,7.5
TB,1994-02-24,0.00,2.4
TB,1994-02-24,2.00,15.6
TB,1994-02-24,3.00,2.9
TB,1994-02-24,5.00,2.5
TB,1994-02-24,7.00,6.5
TB,1994-03-28,0.00,16.3
TB,1994-03-28,2.00,3.9
TB,1994-03-28,3.00,1.3
TB,1994-03-28,5.00,2.1
TB,1994-03-28,7.00,4.3
TB,1994-03-28,7.00,5.0
TB,1994-05-19,0.00,4.2
TB,1994-05-19,2.00,7.1
TB,1994-05-19,2.00,8.2
TB,1994-05-19,3.00,4.9
TB,1994-05-19,5.00,6.5
TB,1994-05-19,7.00,20.1
TB,1994-06-02,2.00,68.8
TB,1994-06-02,2.00,74.3
TB,1994-06-02,3.00,12.6
TB,1994-06-02,5.00,7.6
TB,1994-06-02,7.00,8.8
TB,1994-06-15,0.00,-5.9
TB,1994-06-15,0.00,14.9
TB,1994-06-15,2.00,446.3
TB,1994-06-15,3.00,17.3
TB,1994-06-15,5.00,12.2
TB,1994-06-15,7.00,-21.4
TB,1994-06-28,0.00,7.9
TB,1994-06-28,2.00,36.5
TB,1994-06-28,3.00,10.5
TB,1994-06-28,5.00,7.3
TB,1994-06-28,7.00,13.7
TB,1994-06-28,7.00,15.3
TB,1994-07-11,0.00,23.2
TB,1994-07-11,0.00,-6.8
TB,1994-07-11,2.00,79.9
TB,1994-07-11,3.00,22.1
TB,1994-07-11,5.00,-6.8
TB,1994-07-11,7.00,-62.2
TB,1994-07-25,0.00,11.1
TB,1994-07-25,0.00,22.9
TB,1994-07-25,2.00,78.4
TB,1994-07-25,3.00,40.2
TB,1994-07-25,5.00,5.7
TB,1994-07-25,7.00,17.9
TB,1994-08-09,0.00,20.7
TB,1994-08-09,2.00,23.0
TB,1994-08-09,3.00,80.4
TB,1994-08-09,5.00,13.0
TB,1994-08-09,7.00,15.7
TB,1994-08-09,7.00,17.9
TB,1994-08-22,0.00,11.2
TB,1994-08-22,0.00,21.8
TB,1994-08-22,2.00,57.9
TB,1994-08-22,3.00,121.3
TB,1994-08-22,5.00,9.2
TB,1994-08-22,7.00,8.0
TB,1994-09-08,0.00,10.5
TB,1994-09-08,2.00,61.0
TB,1994-09-08,3.00,133.7
TB,1994-09-08,5.00,21.1
TB,1994-09-08,5.00,22.1
TB,1994-09-08,7.00,16.3
TB,1994-09-20,0.00,21.7
TB,1994-09-20,2.00,62.3
TB,1994-09-20,3.00,148.0
TB,1994-09-20,5.00,15.0
TB,1994-09-20,5.00,20.3
TB,1994-09-20,7.00,9.2
TB,1994-10-03,0.00,13.6
TB,1994-10-03,2.00,17.4
TB,1994-10-03,3.00,147.6
TB,1994-10-03,5.00,25.8
TB,1994-10-03,7.00,13.7
TB,1994-10-03,7.00,14.1
TB,1994-10-18,0.00,18.2
TB,1994-10-18,2.00,4.2
TB,1994-10-18,3.00,8.3
TB,1994-10-18,3.00,7.4
TB,1994-10-18,5.00,16.8
TB,1994-10-18,7.00,11.2
TB,1994-11-01,0.00,17.5
TB,1994-11-01,2.00,13.2
TB,1994-11-01,3.00,11.3
TB,1994-11-01,5.00,16.5
TB,1994-11-01,7.00,7.8
TB,1994-11-01,7.00,9.3
TB,1994-11-14,0.00,16.0
TB,1994-11-14,2.00,6.7
TB,1994-11-14,3.00,3.5
TB,1994-11-14,3.00,4.3
TB,1994-11-14,5.00,2.9
TB,1994-11-14,7.00,8.2
TB,1995-01-12,0.00,14.7
TB,1995-01-12,2.00,1.6
TB,1995-01-12,3.00,1.5
TB,1995-01-12,3.00,1.4
TB,1995-01-12,5.00,4.3
TB,1995-01-12,7.00,4.2
TB,1995-02-14,0.00,12.5
TB,1995-02-14,2.00,1.2
TB,1995-02-14,3.00,1.3
TB,1995-02-14,3.00,1.3
TB,1995-02-14,5.00,6.2
TB,1995-02-14,7.00,4.3
TB,1995-03-20,0.00,7.4
TB,1995-03-20,0.00,7.1
TB,1995-03-20,2.00,1.9
TB,1995-03-20,3.00,1.1
TB,1995-03-20,5.00,1.2
TB,1995-03-20,7.00,3.3
TB,1995-05-16,0.00,3.8
TB,1995-05-16,0.00,3.6
TB,1995-05-16,2.00,17.6
TB,1995-05-16,3.00,6.5
TB,1995-05-16,5.00,4.8
TB,1995-05-16,7.00,6.6
TB,1995-06-01,0.00,3.9
TB,1995-06-01,2.00,48.9
TB,1995-06-01,3.00,12.4
TB,1995-06-01,5.00,7.0
TB,1995-06-01,7.00,6.1
TB,1995-06-01,7.00,7.0
TB,1995-06-13,0.00,13.3
TB,1995-06-13,2.00,74.7
TB,1995-06-13,2.00,77.4
TB,1995-06-13,3.00,17.6
TB,1995-06-13,5.00,6.2
TB,1995-06-13,7.00,2.7
TB,1995-06-28,0.00,9.0
TB,1995-06-28,2.00,39.6
TB,1995-06-28,2.00,35.9
TB,1995-06-28,3.00,17.4
TB,1995-06-28,5.00,6.9
TB,1995-06-28,7.00,5.4
TB,1995-07-11,0.00,6.6
TB,1995-07-11,2.00,38.6
TB,1995-07-11,3.00,45.6
TB,1995-07-11,5.00,-2.0
TB,1995-07-11,5.00,0.0
TB,1995-07-11,7.00,-1.6
TB,1995-07-25,0.00,4.1
TB,1995-07-25,1.75,181.4
TB,1995-07-25,3.00,18.4
TB,1995-07-25,5.00,65.3
TB,1995-07-25,7.00,4.5
TB,1995-08-08,0.00,6.0
TB,1995-08-08,0.00,4.2
TB,1995-08-08,2.00,41.8
TB,1995-08-08,3.00,95.1
TB,1995-08-08,5.00,8.2
TB,1995-08-08,7.00,7.6
TB,1995-08-21,0.00,4.3
TB,1995-08-21,2.00,23.4
TB,1995-08-21,3.00,78.1
TB,1995-08-21,3.00,80.5
TB,1995-08-21,5.00,8.3
TB,1995-08-21,7.00,6.6
TB,1995-09-05,0.00,8.1
TB,1995-09-05,2.00,21.8
TB,1995-09-05,2.00,6.5
TB,1995-09-05,3.00,85.9
TB,1995-09-05,5.00,15.5
TB,1995-09-05,7.00,6.1
TB,1995-09-19,0.00,21.9
TB,1995-09-19,2.00,14.9
TB,1995-09-19,3.00,102.9
TB,1995-09-19,3.00,86.0
TB,1995-09-19,5.00,-20.7
TB,1995-09-19,7.00,6.9
TB,1995-10-02,0.00,10.9
TB,1995-10-02,2.00,10.5
TB,1995-10-02,3.00,43.1
TB,1995-10-02,3.00,57.3
TB,1995-10-02,5.00,11.2
TB,1995-10-02,7.00,7.4
TB,1995-10-17,0.00,11.8
TB,1995-10-17,0.00,13.7
TB,1995-10-17,2.00,10.3
TB,1995-10-17,3.00,17.2
TB,1995-10-17,5.00,-0.3
TB,1995-10-17,7.00,7.1
TB,1995-11-01,0.00,14.3
TB,1995-11-01,2.00,11.8
TB,1995-11-01,3.00,11.4
TB,1995-11-01,5.00,7.0
TB,1995-11-01,5.00,7.5
TB,1995-11-01,7.00,6.0
TB,1995-11-09,0.00,7.3
TB,1995-11-09,0.00,7.6
TB,1995-11-09,2.00,8.8
TB,1995-11-09,3.00,3.7
TB,1995-11-09,5.00,6.3
TB,1995-11-09,7.00,7.4
TB,1996-01-17,0.00,1.7
TB,1996-01-17,2.00,0.5
TB,1996-01-17,3.00,1.5
TB,1996-01-17,3.00,6.5
TB,1996-01-17,5.00,4.0
TB,1996-01-17,7.00,4.3
TB,1996-02-21,0.00,0.5
TB,1996-02-21,2.00,2.5
TB,1996-02-21,3.00,1.1
TB,1996-02-21,3.00,1.0
TB,1996-02-21,5.00,0.8
TB,1996-02-21,7.00,1.4
TB,1996-04-02,0.00,4.2
TB,1996-04-02,2.00,1.0
TB,1996-04-02,3.00,0.9
TB,1996-04-02,3.00,0.9
TB,1996-04-02,5.00,1.0
TB,1996-04-02,7.00,2.2
TB,1996-05-10,0.00,11.2
TB,1996-05-10,2.00,2.6
TB,1996-05-10,3.00,2.3
TB,1996-05-10,3.00,2.9
TB,1996-05-10,5.00,1.0
TB,1996-05-10,7.00,2.0
TB,1996-05-31,0.00,30.0
TB,1996-05-31,2.00,54.3
TB,1996-05-31,3.00,12.3
TB,1996-05-31,3.00,9.5
TB,1996-05-31,5.00,9.2
TB,1996-05-31,7.00,6.0
TB,1996-06-12,0.00,5.9
TB,1996-06-12,2.00,115.3
TB,1996-06-12,3.00,19.8
TB,1996-06-12,5.00,8.0
TB,1996-06-12,7.00,10.6
TB,1996-06-12,7.00,9.0
TB,1996-06-24,0.00,80.0
TB,1996-06-24,0.00,44.7
TB,1996-06-24,2.00,451.4
TB,1996-06-24,3.00,41.5
TB,1996-06-24,5.00,24.7
TB,1996-06-24,7.00,17.4
TB,1996-07-11,0.00,11.4
TB,1996-07-11,2.00,126.2
TB,1996-07-11,3.00,21.8
TB,1996-07-11,5.00,14.9
TB,1996-07-11,5.00,13.6
TB,1996-07-11,7.00,20.7
TB,1996-07-23,0.00,3.7
TB,1996-07-23,2.00,25.5
TB,1996-07-23,4.00,21.9
TB,1996-07-23,5.00,4.5
TB,1996-07-23,5.00,5.9
TB,1996-07-23,7.00,5.2
TB,1996-08-06,0.00,5.2
TB,1996-08-06,2.00,149.0
TB,1996-08-06,2.00,177.2
TB,1996-08-06,3.00,43.1
TB,1996-08-06,5.00,4.7
TB,1996-08-06,7.00,4.3
TB,1996-08-20,0.00,6.0
TB,1996-08-20,2.00,122.9
TB,1996-08-20,3.00,115.5
TB,1996-08-20,3.00,46.2
TB,1996-08-20,5.00,6.7
TB,1996-08-20,7.00,4.8
TB,1996-09-04,0.00,4.2
TB,1996-09-04,0.00,4.5
TB,1996-09-04,2.00,64.1
TB,1996-09-04,3.00,69.5
TB,1996-09-04,5.00,7.8
TB,1996-09-04,7.00,15.1
TB,1996-09-17,0.00,0.6
TB,1996-09-17,2.00,-5.6
TB,1996-09-17,2.00,8.1
TB,1996-09-17,3.00,152.4
TB,1996-09-17,5.00,14.6
TB,1996-09-17,7.00,11.9
TB,1996-10-03,2.00,-122.9
TB,1996-10-03,3.00,307.0
TB,1996-10-03,5.00,27.6
TB,1996-10-03,7.00,15.2
TB,1996-10-03,7.00,42.1
TB,1996-10-17,0.00,4.5
TB,1996-10-17,2.00,5.2
TB,1996-10-17,3.00,4.7
TB,1996-10-17,3.00,3.7
TB,1996-10-17,5.00,7.3
TB,1996-10-17,7.00,7.3
TB,1996-11-04,0.00,8.4
TB,1996-11-04,2.00,3.9
TB,1996-11-04,3.00,3.8
TB,1996-11-04,5.00,2.7
TB,1996-11-04,7.00,2.0
TB,1996-11-04,7.00,5.4
TB,1997-01-21,0.00,1.1
TB,1997-01-21,2.00,0.8
TB,1997-01-21,3.00,0.6
TB,1997-01-21,5.00,2.3
TB,1997-01-21,7.00,2.0
TB,1997-02-18,0.00,1.1
TB,1997-02-18,2.00,1.2
TB,1997-02-18,3.00,1.6
TB,1997-02-18,5.00,0.8
TB,1997-02-18,7.00,1.2
TB,1997-03-24,0.00,0.9
TB,1997-03-24,2.00,1.9
TB,1997-03-24,3.00,0.6
TB,1997-03-24,5.00,0.6
TB,1997-03-24,7.00,1.0
TB,1997-05-05,0.00,17.5
TB,1997-05-05,2.00,10.7
TB,1997-05-05,3.00,7.2
TB,1997-05-05,5.00,5.3
TB,1997-05-05,7.00,4.4
TB,1997-05-20,0.00,15.9
TB,1997-05-20,2.00,3.9
TB,1997-05-20,3.00,3.4
TB,1997-05-20,5.00,3.0
TB,1997-05-20,7.00,3.7
TB,1997-06-04,0.00,3.2
TB,1997-06-04,2.00,7.1
TB,1997-06-04,3.00,4.6
TB,1997-06-04,5.00,5.8
TB,1997-06-04,7.00,3.1
TB,1997-06-19,0.00,13.4
TB,1997-06-19,2.00,20.5
TB,1997-06-19,3.00,2.5
TB,1997-06-19,5.00,4.4
TB,1997-06-19,7.00,4.6
TB,1997-07-03,0.00,10.9
TB,1997-07-03,2.00,28.5
TB,1997-07-03,3.00,14.5
TB,1997-07-03,5.00,5.8
TB,1997-07-03,7.00,8.2
TB,1997-07-16,0.00,1.3
TB,1997-07-16,2.00,2.0
TB,1997-07-16,3.00,2.8
TB,1997-07-16,5.00,1.1
TB,1997-07-16,7.00,1.3
TB,1997-07-28,0.00,1.2
TB,1997-07-28,2.00,8.7
TB,1997-07-28,3.00,2.7
TB,1997-07-28,5.00,0.8
TB,1997-07-28,7.00,0.8
TB,1997-08-11,0.00,2.3
TB,1997-08-11,2.00,14.6
TB,1997-08-11,3.00,26.0
TB,1997-08-11,5.00,3.9
TB,1997-08-11,7.00,2.5
TB,1997-08-25,0.00,21.2
TB,1997-08-25,2.00,18.0
TB,1997-08-25,3.00,6.1
TB,1997-08-25,5.00,0.6
TB,1997-08-25,7.00,3.5
TB,1997-09-10,0.00,22.3
TB,1997-09-10,2.00,8.7
TB,1997-09-10,3.00,34.8
TB,1997-09-10,5.00,4.1
TB,1997-09-10,7.00,2.6
TB,1997-09-24,0.00,25.0
TB,1997-09-24,2.00,15.6
TB,1997-09-24,3.00,32.5
TB,1997-09-24,5.00,15.5
TB,1997-09-24,7.00,8.4
TB,1997-10-08,0.00,-0.4
TB,1997-10-08,2.00,3.0
TB,1997-10-08,3.00,24.5
TB,1997-10-08,5.00,5.7
TB,1997-10-08,7.00,4.0
TB,1997-10-21,0.00,4.2
TB,1997-10-21,2.00,7.5
TB,1997-10-21,3.00,7.7
TB,1997-10-21,5.00,1.2
TB,1997-10-21,7.00,6.4
TB,1997-11-06,0.00,0.7
TB,1997-11-06,2.00,0.7
TB,1997-11-06,3.00,0.5
TB,1997-11-06,5.00,1.0
TB,1997-11-06,7.00,1.5
TB,1998-01-19,0.00,2.6
TB,1998-01-19,2.00,0.4
TB,1998-01-19,3.00,0.6
TB,1998-01-19,5.00,0.6
TB,1998-01-19,7.00,2.7
TB,1998-02-18,0.00,2.2
TB,1998-02-18,2.00,0.6
TB,1998-02-18,3.00,0.6
TB,1998-02-18,5.00,0.7
TB,1998-02-18,7.00,0.6
TB,1998-03-16,0.00,74.3
TB,1998-03-16,2.00,0.4
TB,1998-03-16,3.00,0.1
TB,1998-03-16,5.00,0.1
TB,1998-03-16,7.00,0.6
TB,1998-05-06,0.00,6.4
TB,1998-05-06,2.00,6.1
TB,1998-05-06,3.00,1.1
TB,1998-05-06,5.00,1.1
TB,1998-05-06,7.00,5.5
TB,1998-05-20,0.00,5.0
TB,1998-05-20,2.00,17.5
TB,1998-05-20,3.00,3.2
TB,1998-05-20,5.00,1.6
TB,1998-05-20,7.00,1.9
TB,1998-06-02,0.00,5.7
TB,1998-06-02,2.00,7.3
TB,1998-06-02,3.00,2.9
TB,1998-06-02,5.00,1.5
TB,1998-06-02,7.00,-0.4
TB,1998-06-17,0.00,4.5
TB,1998-06-17,2.00,19.9
TB,1998-06-17,3.00,7.3
TB,1998-06-17,5.00,5.0
TB,1998-06-17,7.00,3.1
TB,1998-07-01,0.00,10.1
TB,1998-07-01,2.00,35.2
TB,1998-07-01,3.00,6.0
TB,1998-07-01,5.00,3.8
TB,1998-07-01,7.00,1.6
TB,1998-07-14,0.00,4.0
TB,1998-07-14,2.00,72.6
TB,1998-07-14,3.00,3.7
TB,1998-07-14,5.00,11.0
TB,1998-07-14,7.00,2.5
TB,1998-07-27,0.00,15.1
TB,1998-07-27,2.00,46.0
TB,1998-07-27,3.00,33.3
TB,1998-07-27,5.00,12.1
TB,1998-07-27,7.00,72.4
TB,1998-08-10,0.00,3.9
TB,1998-08-10,2.00,21.6
TB,1998-08-10,3.00,31.8
TB,1998-08-10,5.00,26.6
TB,1998-08-10,7.00,0.3
TB,1998-08-27,0.00,4.2
TB,1998-08-27,2.00,39.0
TB,1998-08-27,3.00,61.1
TB,1998-08-27,5.00,14.8
TB,1998-08-27,7.00,5.2
TB,1998-09-10,0.00,69.2
TB,1998-09-10,2.00,57.0
TB,1998-09-10,3.00,106.5
TB,1998-09-10,5.00,76.4
TB,1998-09-10,7.00,11.3
TB,1998-09-23,0.00,90.4
TB,1998-09-23,2.00,50.0
TB,1998-09-23,3.00,83.2
TB,1998-09-23,5.00,18.9
TB,1998-09-23,6.00,15.0
TB,1998-10-06,0.00,108.4
TB,1998-10-06,2.00,11.1
TB,1998-10-06,3.00,85.7
TB,1998-10-06,5.00,9.7
TB,1998-10-06,6.00,6.5
TB,1998-10-19,0.00,17.5
TB,1998-10-19,2.00,12.5
TB,1998-10-19,3.00,7.8
TB,1998-10-19,5.00,6.0
TB,1998-10-19,6.00,37.3
TB,1998-11-12,0.00,15.7
TB,1998-11-12,2.00,12.8
TB,1998-11-12,3.00,12.8
TB,1998-11-12,5.00,12.3
TB,1998-11-12,7.00,14.3
TB,1999-01-22,0.00,3.1
TB,1999-01-22,2.00,1.1
TB,1999-01-22,3.00,2.8
TB,1999-01-22,5.00,8.9
TB,1999-01-22,7.00,8.4
TB,1999-01-22,7.00,11.1
TB,1999-02-24,0.00,0.5
TB,1999-02-24,2.00,3.4
TB,1999-02-24,3.00,4.9
TB,1999-02-24,5.00,0.5
TB,1999-02-24,6.50,0.2
TB,1999-02-24,6.50,0.3
TB,1999-03-23,0.00,13.8
TB,1999-03-23,2.00,0.4
TB,1999-03-23,3.00,0.2
TB,1999-03-23,3.00,0.1
TB,1999-03-23,5.00,0.1
TB,1999-03-23,6.50,0.7
TB,1999-05-06,0.00,55.1
TB,1999-05-06,2.00,10.6
TB,1999-05-06,2.00,10.2
TB,1999-05-06,3.00,5.1
TB,1999-05-06,5.00,3.0
TB,1999-05-06,7.00,1.4
TB,1999-05-18,0.00,20.3
TB,1999-05-18,2.00,23.2
TB,1999-05-18,2.00,3.0
TB,1999-05-18,3.00,14.6
TB,1999-05-18,5.00,5.5
TB,1999-05-18,7.00,6.4
TB,1999-06-03,0.00,5.9
TB,1999-06-03,0.00,7.0
TB,1999-06-03,2.00,21.4
TB,1999-06-03,3.00,4.4
TB,1999-06-03,5.00,1.4
TB,1999-06-03,7.00,0.8
TB,1999-06-14,0.00,7.8
TB,1999-06-14,0.00,8.7
TB,1999-06-14,2.00,144.7
TB,1999-06-14,3.00,16.4
TB,1999-06-14,5.00,8.5
TB,1999-06-14,7.00,3.6
TB,1999-07-01,0.00,6.7
TB,1999-07-01,2.00,306.2
TB,1999-07-01,2.00,308.6
TB,1999-07-01,3.00,36.1
TB,1999-07-01,5.00,12.3
TB,1999-07-01,7.00,-80.9
TB,1999-07-12,0.00,4.9
TB,1999-07-12,0.00,5.4
TB,1999-07-12,2.00,332.0
TB,1999-07-12,3.00,40.7
TB,1999-07-12,5.00,19.2
TB,1999-07-12,7.00,9.8
TB,1999-07-26,0.00,6.2
TB,1999-07-26,2.00,324.9
TB,1999-07-26,3.00,39.0
TB,1999-07-26,5.00,11.5
TB,1999-07-26,5.00,9.7
TB,1999-07-26,7.00,5.1
TB,1999-08-11,0.00,11.9
TB,1999-08-11,2.00,115.7
TB,1999-08-11,3.00,86.1
TB,1999-08-11,3.00,78.7
TB,1999-08-11,5.00,15.4
TB,1999-08-11,7.00,6.0
TB,1999-08-26,0.00,10.0
TB,1999-08-26,2.00,79.8
TB,1999-08-26,3.00,95.5
TB,1999-08-26,5.00,16.7
TB,1999-08-26,5.00,18.1
TB,1999-08-26,7.00,6.5
TB,1999-09-10,0.00,67.0
TB,1999-09-10,2.00,134.5
TB,1999-09-10,3.00,88.9
TB,1999-09-10,3.00,77.1
TB,1999-09-10,5.00,19.6
TB,1999-09-10,7.00,7.0
TB,1999-09-20,0.00,96.0
TB,1999-09-20,2.00,27.5
TB,1999-09-20,2.00,15.9
TB,1999-09-20,3.00,85.1
TB,1999-09-20,5.00,14.3
TB,1999-09-20,7.00,18.4
TB,1999-10-06,0.00,10.2
TB,1999-10-06,2.00,10.1
TB,1999-10-06,3.00,9.2
TB,1999-10-06,5.00,4.9
TB,1999-10-06,7.00,7.6
TB,1999-10-06,7.00,8.7
TB,1999-10-21,0.00,2.9
TB,1999-10-21,2.00,2.3
TB,1999-10-21,3.00,2.3
TB,1999-10-21,3.00,1.9
TB,1999-10-21,5.00,4.2
TB,1999-10-21,7.00,5.4
TB,1999-11-04,0.00,11.0
TB,1999-11-04,2.00,2.6
TB,1999-11-04,3.00,1.5
TB,1999-11-04,5.00,1.2
TB,1999-11-04,7.00,1.9
TB,1999-11-04,7.00,1.2
TB,2000-01-27,0.00,26.8
TB,2000-01-27,2.00,1.1
TB,2000-01-27,3.00,0.4
TB,2000-01-27,3.00,0.5
TB,2000-01-27,5.00,0.3
TB,2000-01-27,6.50,0.1
TB,2000-02-21,0.00,1.0
TB,2000-02-21,2.00,0.0
TB,2000-02-21,3.00,0.1
TB,2000-02-21,3.00,0.0
TB,2000-02-21,5.00,0.4
TB,2000-02-21,7.00,0.3
TB,2000-04-05,0.00,34.2
TB,2000-04-05,2.00,19.4
TB,2000-04-05,3.00,20.6
TB,2000-04-05,3.00,16.7
TB,2000-04-05,5.00,12.8
TB,2000-04-05,7.00,1.8
TB,2000-04-17,0.00,46.7
TB,2000-04-17,2.00,42.7
TB,2000-04-17,2.00,45.4
TB,2000-04-17,3.00,44.9
TB,2000-04-17,5.00,45.2
TB,2000-04-17,7.00,2.7
TB,2000-05-03,0.00,4.4
TB,2000-05-03,2.00,13.8
TB,2000-05-03,3.00,10.9
TB,2000-05-03,5.00,10.0
TB,2000-05-03,5.00,7.2
TB,2000-05-03,7.00,4.5
TB,2000-05-15,0.00,31.5
TB,2000-05-15,2.00,40.1
TB,2000-05-15,3.00,14.1
TB,2000-05-15,5.00,11.3
TB,2000-05-15,5.00,10.8
TB,2000-05-15,7.00,7.2
TB,2000-06-02,0.00,19.9
TB,2000-06-02,2.00,9.9
TB,2000-06-02,4.00,12.4
TB,2000-06-02,6.00,14.1
TB,2000-06-02,7.00,10.7
TB,2000-06-02,7.00,10.5
TB,2000-06-12,0.00,10.8
TB,2000-06-12,2.00,27.2
TB,2000-06-12,3.00,25.6
TB,2000-06-12,5.00,19.2
TB,2000-06-12,5.00,17.7
TB,2000-06-12,7.00,13.4
TB,2000-06-26,0.00,5.2
TB,2000-06-26,2.00,47.5
TB,2000-06-26,3.00,12.0
TB,2000-06-26,5.00,5.6
TB,2000-06-26,7.00,5.0
TB,2000-06-26,7.00,4.4
TB,2000-07-11,0.00,7.3
TB,2000-07-11,2.00,36.8
TB,2000-07-11,3.00,14.5
TB,2000-07-11,3.00,12.9
TB,2000-07-11,5.00,5.6
TB,2000-07-11,7.00,11.9
TB,2000-07-25,0.00,7.7
TB,2000-07-25,0.00,7.7
TB,2000-07-25,2.00,57.7
TB,2000-07-25,3.00,25.5
TB,2000-07-25,5.00,22.9
TB,2000-07-25,7.00,10.1
TB,2000-08-09,0.00,4.3
TB,2000-08-09,2.00,84.2
TB,2000-08-09,3.00,27.6
TB,2000-08-09,5.00,11.9
TB,2000-08-09,7.00,2.5
TB,2000-08-09,7.00,2.4
TB,2000-08-23,0.00,4.0
TB,2000-08-23,2.00,111.9
TB,2000-08-23,3.00,30.0
TB,2000-08-23,3.00,27.0
TB,2000-08-23,5.00,10.8
TB,2000-08-23,7.00,13.0
TB,2000-09-05,0.00,23.0
TB,2000-09-05,0.00,52.7
TB,2000-09-05,2.00,147.6
TB,2000-09-05,3.00,23.2
TB,2000-09-05,5.00,17.9
TB,2000-09-05,7.00,151.7
TB,2000-09-20,0.00,148.4
TB,2000-09-20,2.00,172.3
TB,2000-09-20,2.00,268.1
TB,2000-09-20,3.00,38.3
TB,2000-09-20,5.00,19.7
TB,2000-09-20,7.00,47.9
TB,2000-10-04,0.00,21.9
TB,2000-10-04,2.00,8.3
TB,2000-10-04,3.00,22.5
TB,2000-10-04,3.00,20.7
TB,2000-10-04,5.00,3.1
TB,2000-10-04,7.00,3.9
TB,2000-10-17,0.00,5.2
TB,2000-10-17,2.00,2.4
TB,2000-10-17,3.00,1.9
TB,2000-10-17,6.00,0.1
TB,2000-10-17,6.00,-0.2
TB,2000-10-17,7.00,1.7
TB,2000-10-30,0.00,45.2
TB,2000-10-30,2.00,2.5
TB,2000-10-30,3.00,0.9
TB,2000-10-30,5.00,-1.3
TB,2000-10-30,5.00,-2.7
TB,2000-10-30,7.00,-5.8
TB,2000-11-14,0.00,9.5
TB,2000-11-14,0.00,10.0
TB,2000-11-14,2.00,9.1
TB,2000-11-14,3.00,11.1
TB,2000-11-14,5.00,11.3
TB,2000-11-14,7.00,11.1
TB,2001-01-24,0.00,4.7
TB,2001-01-24,2.00,-0.1
TB,2001-01-24,3.00,0.0
TB,2001-01-24,3.00,-0.1
TB,2001-01-24,5.00,-0.2
TB,2001-01-24,7.00,-0.1
TB,2001-02-19,0.00,1.2
TB,2001-02-19,3.00,0.2
TB,2001-02-19,3.00,0.2
TB,2001-02-19,5.00,0.1
TB,2001-02-19,7.00,0.1
TB,2001-04-03,0.00,2.8
TB,2001-04-03,2.00,0.4
TB,2001-04-03,3.00,0.7
TB,2001-04-03,3.00,1.6
TB,2001-04-03,5.00,0.6
TB,2001-04-03,7.00,1.6
TB,2001-05-01,0.00,23.4
TB,2001-05-01,0.00,28.7
TB,2001-05-01,2.00,8.4
TB,2001-05-01,3.00,6.1
TB,2001-05-01,5.00,1.7
TB,2001-05-01,7.00,1.2
TB,2001-05-16,0.00,26.9
TB,2001-05-16,2.00,10.8
TB,2001-05-16,3.00,16.2
TB,2001-05-16,3.00,9.8
TB,2001-05-16,5.00,5.6
TB,2001-05-16,7.00,2.5
TB,2001-05-30,0.00,3.3
TB,2001-05-30,2.00,11.9
TB,2001-05-30,2.00,11.0
TB,2001-05-30,3.00,9.5
TB,2001-05-30,5.00,1.7
TB,2001-05-30,7.00,3.3
TB,2001-06-12,0.00,20.0
TB,2001-06-12,2.00,44.1
TB,2001-06-12,3.00,27.4
TB,2001-06-12,3.00,25.7
TB,2001-06-12,5.00,1.9
TB,2001-06-12,7.00,2.8
TB,2001-06-25,0.00,7.0
TB,2001-06-25,0.00,5.5
TB,2001-06-25,2.00,48.4
TB,2001-06-25,3.00,17.5
TB,2001-06-25,5.00,1.4
TB,2001-06-25,7.00,0.5
TB,2001-07-09,0.00,20.4
TB,2001-07-09,2.00,134.8
TB,2001-07-09,3.00,46.7
TB,2001-07-09,5.00,4.1
TB,2001-07-09,5.00,5.9
TB,2001-07-09,7.00,0.5
TB,2001-07-23,0.00,4.9
TB,2001-07-23,2.00,26.5
TB,2001-07-23,2.00,21.9
TB,2001-07-23,3.00,154.8
TB,2001-07-23,5.00,5.6
TB,2001-07-23,7.00,2.2
TB,2001-08-07,0.00,3.1
TB,2001-08-07,0.00,2.6
TB,2001-08-07,2.00,267.6
TB,2001-08-07,3.00,49.7
TB,2001-08-07,5.00,6.4
TB,2001-08-07,7.00,2.5
TB,2001-08-21,0.00,2.2
TB,2001-08-21,2.00,239.1
TB,2001-08-21,2.00,1.2
TB,2001-08-21,3.00,80.1
TB,2001-08-21,5.00,11.2
TB,2001-08-21,7.00,11.9
TB,2001-09-06,0.00,33.7
TB,2001-09-06,2.00,250.4
TB,2001-09-06,2.00,253.6
TB,2001-09-06,3.00,69.4
TB,2001-09-06,5.00,48.2
TB,2001-09-06,7.00,30.8
TB,2001-09-18,0.00,57.4
TB,2001-09-18,2.00,257.0
TB,2001-09-18,3.00,71.3
TB,2001-09-18,3.00,51.3
TB,2001-09-18,5.00,21.4
TB,2001-09-18,7.00,134.0
TB,2001-10-01,0.00,121.5
TB,2001-10-01,0.00,81.5
TB,2001-10-01,2.00,39.3
TB,2001-10-01,3.00,52.6
TB,2001-10-01,5.00,20.0
TB,2001-10-01,7.00,48.3
TB,2001-10-16,0.00,14.4
TB,2001-10-16,2.00,13.8
TB,2001-10-16,3.00,6.2
TB,2001-10-16,3.00,5.1
TB,2001-10-16,5.00,-5.9
TB,2001-10-16,7.00,-10.1
TB,2001-10-30,0.00,7.9
TB,2001-10-30,2.00,5.5
TB,2001-10-30,2.00,6.1
TB,2001-10-30,3.00,5.4
TB,2001-10-30,5.00,7.1
TB,2001-10-30,7.00,4.4
TB,2001-11-16,0.00,27.5
TB,2001-11-16,0.00,31.2
TB,2001-11-16,2.00,2.4
TB,2001-11-16,3.00,0.9
TB,2001-11-16,5.00,0.9
TB,2001-11-16,7.00,3.0
TB,2002-01-17,0.00,0.0
TB,2002-01-17,0.00,0.0
TB,2002-01-17,2.00,0.1
TB,2002-01-17,3.00,1.5
TB,2002-01-17,5.00,0.8
TB,2002-01-17,7.00,-0.3
TB,2002-03-06,0.00,4.2
TB,2002-03-06,0.00,5.0
TB,2002-03-06,2.00,0.3
TB,2002-03-06,3.00,0.1
TB,2002-03-06,5.00,0.1
TB,2002-03-06,7.00,0.3
TB,2002-04-12,0.00,8.8
TB,2002-04-12,0.00,17.8
TB,2002-04-12,2.00,0.9
TB,2002-04-12,3.00,0.8
TB,2002-04-12,5.00,0.5
TB,2002-04-12,7.00,0.2
TB,2002-04-24,0.00,12.6
TB,2002-04-24,0.00,8.9
TB,2002-04-24,2.00,3.1
TB,2002-04-24,3.00,3.0
TB,2002-04-24,5.00,0.8
TB,2002-04-24,7.00,-0.2
TB,2002-05-07,0.00,46.4
TB,2002-05-07,2.00,7.0
TB,2002-05-07,3.00,3.6
TB,2002-05-07,3.00,5.2
TB,2002-05-07,5.00,3.1
TB,2002-05-07,7.00,-4.0
TB,2002-05-22,0.00,21.5
TB,2002-05-22,2.00,7.0
TB,2002-05-22,2.00,4.6
TB,2002-05-22,3.00,6.2
TB,2002-05-22,5.00,2.4
TB,2002-05-22,7.00,1.7
TB,2002-06-04,0.00,31.4
TB,2002-06-04,2.00,17.0
TB,2002-06-04,3.00,12.3
TB,2002-06-04,5.00,7.5
TB,2002-06-04,5.00,2.0
TB,2002-06-04,7.00,2.6
TB,2002-06-17,0.00,4.1
TB,2002-06-17,2.00,18.2
TB,2002-06-17,3.00,7.5
TB,2002-06-17,5.00,10.3
TB,2002-06-17,5.00,12.8
TB,2002-06-17,7.00,1.1
TB,2002-07-01,0.00,4.7
TB,2002-07-01,2.00,24.9
TB,2002-07-01,3.00,8.0
TB,2002-07-01,3.00,5.5
TB,2002-07-01,5.00,12.1
TB,2002-07-01,7.00,7.1
TB,2002-07-16,0.00,5.4
TB,2002-07-16,0.00,5.6
TB,2002-07-16,2.00,63.9
TB,2002-07-16,3.00,21.0
TB,2002-07-16,5.00,9.3
TB,2002-07-16,7.00,1.2
TB,2002-07-31,0.00,5.3
TB,2002-07-31,2.00,195.9
TB,2002-07-31,3.00,-22.1
TB,2002-07-31,5.00,27.1
TB,2002-07-31,5.00,42.8
TB,2002-07-31,7.00,2.2
TB,2002-08-12,0.00,9.6
TB,2002-08-12,0.00,7.3
TB,2002-08-12,2.00,156.8
TB,2002-08-12,3.00,43.6
TB,2002-08-12,5.00,8.5
TB,2002-08-12,7.00,5.4
TB,2002-08-27,0.00,17.0
TB,2002-08-27,2.00,237.2
TB,2002-08-27,3.00,39.6
TB,2002-08-27,5.00,19.0
TB,2002-08-27,5.00,18.0
TB,2002-08-27,7.00,8.6
TB,2002-09-10,0.00,10.9
TB,2002-09-10,2.00,335.2
TB,2002-09-10,3.00,42.2
TB,2002-09-10,5.00,10.7
TB,2002-09-10,7.00,6.2
TB,2002-09-10,7.00,5.8
TB,2002-09-24,0.00,130.8
TB,2002-09-24,0.00,145.4
TB,2002-09-24,2.00,63.0
TB,2002-09-24,3.00,49.6
TB,2002-09-24,5.00,9.7
TB,2002-09-24,7.00,16.0
TB,2002-10-07,0.00,29.7
TB,2002-10-07,2.00,8.2
TB,2002-10-07,3.00,74.6
TB,2002-10-07,3.00,23.7
TB,2002-10-07,5.00,-30.6
TB,2002-10-07,7.00,-1.0
TB,2002-10-22,0.00,10.3
TB,2002-10-22,2.00,8.9
TB,2002-10-22,3.00,8.3
TB,2002-10-22,3.00,8.6
TB,2002-10-22,5.00,9.7
TB,2002-10-22,7.00,3.7
TB,2002-11-04,0.00,14.4
TB,2002-11-04,2.00,13.5
TB,2002-11-04,3.00,12.9
TB,2002-11-04,3.00,12.4
TB,2002-11-04,5.00,6.0
TB,2002-11-04,7.00,4.3
TB,2003-02-04,0.00,2.3
TB,2003-02-04,2.00,1.4
TB,2003-02-04,3.00,1.3
TB,2003-02-04,3.00,1.2
TB,2003-02-04,5.00,1.3
TB,2003-02-04,7.00,2.2
TB,2003-02-20,0.00,41.8
TB,2003-02-20,0.00,44.5
TB,2003-02-20,2.00,1.2
TB,2003-02-20,3.00,0.5
TB,2003-02-20,5.00,0.4
TB,2003-02-20,7.00,-0.2
TB,2003-04-02,0.00,105.5
TB,2003-04-02,2.00,45.3
TB,2003-04-02,3.00,10.6
TB,2003-04-02,5.00,0.8
TB,2003-04-02,5.00,1.3
TB,2003-04-02,7.00,0.6
TB,2003-05-05,0.00,29.1
TB,2003-05-05,2.00,19.0
TB,2003-05-05,3.00,11.6
TB,2003-05-05,5.00,12.7
TB,2003-05-05,7.00,9.2
TB,2003-05-05,7.00,7.7
TB,2003-05-12,0.00,10.6
TB,2003-05-12,0.00,11.8
TB,2003-05-12,2.00,8.0
TB,2003-05-12,3.00,9.6
TB,2003-05-12,5.00,8.4
TB,2003-05-12,7.00,8.5
TB,2003-05-27,0.00,5.7
TB,2003-05-27,0.00,6.4
TB,2003-05-27,2.00,8.6
TB,2003-05-27,3.00,8.5
TB,2003-05-27,5.00,3.6
TB,2003-05-27,7.00,2.9
TB,2003-06-12,0.00,4.9
TB,2003-06-12,2.00,82.0
TB,2003-06-12,3.00,42.0
TB,2003-06-12,5.00,3.5
TB,2003-06-12,5.00,10.8
TB,2003-06-12,7.00,8.0
TB,2003-06-24,0.00,13.0
TB,2003-06-24,2.00,103.3
TB,2003-06-24,2.00,119.9
TB,2003-06-24,3.00,47.7
TB,2003-06-24,5.00,12.3
TB,2003-06-24,7.00,13.9
TB,2003-07-10,0.00,10.1
TB,2003-07-10,2.00,129.5
TB,2003-07-10,3.00,43.2
TB,2003-07-10,3.00,50.6
TB,2003-07-10,5.00,14.5
TB,2003-07-10,7.00,4.9
TB,2003-07-21,0.00,27.1
TB,2003-07-21,2.00,166.8
TB,2003-07-21,3.00,53.9
TB,2003-07-21,5.00,31.7
TB,2003-07-21,5.00,33.1
TB,2003-07-21,7.00,8.5
TB,2003-08-05,0.00,-3.6
TB,2003-08-05,2.00,309.3
TB,2003-08-05,3.00,71.3
TB,2003-08-05,3.00,83.8
TB,2003-08-05,5.00,19.8
TB,2003-08-05,7.00,9.0
TB,2003-08-20,0.00,10.2
TB,2003-08-20,2.00,195.0
TB,2003-08-20,3.00,49.0
TB,2003-08-20,5.00,16.9
TB,2003-08-20,7.00,7.6
TB,2003-08-20,7.00,6.3
TB,2003-09-04,0.00,14.1
TB,2003-09-04,0.00,10.6
TB,2003-09-04,2.00,286.7
TB,2003-09-04,3.00,17.2
TB,2003-09-04,5.00,70.1
TB,2003-09-04,7.00,1.0
TB,2003-09-19,0.00,90.4
TB,2003-09-19,2.00,376.5
TB,2003-09-19,3.00,59.9
TB,2003-09-19,3.00,61.1
TB,2003-09-19,5.00,29.9
TB,2003-09-19,7.00,26.0
TB,2003-09-29,0.00,85.8
TB,2003-09-29,2.00,71.0
TB,2003-09-29,3.00,43.8
TB,2003-09-29,5.00,20.2
TB,2003-09-29,6.00,19.2
TB,2003-09-29,6.00,18.2
TB,2003-10-14,0.00,9.6
TB,2003-10-14,2.00,29.8
TB,2003-10-14,2.00,20.4
TB,2003-10-14,3.00,14.9
TB,2003-10-14,5.00,11.0
TB,2003-10-14,7.00,18.9
TB,2003-10-27,0.00,11.6
TB,2003-10-27,0.00,10.8
TB,2003-10-27,2.00,6.3
TB,2003-10-27,3.00,4.7
TB,2003-10-27,5.00,10.7
TB,2003-10-27,7.00,9.0
TB,2003-11-07,0.00,7.4
TB,2003-11-07,2.00,7.0
TB,2003-11-07,3.00,6.8
TB,2003-11-07,3.00,5.6
TB,2003-11-07,5.00,3.4
TB,2003-11-07,7.00,61.8
TB,2004-01-21,0.00,94.1
TB,2004-01-21,3.00,-0.1
TB,2004-01-21,5.00,0.7
TB,2004-01-21,7.00,1.2
TB,2004-01-21,7.00,1.3
TB,2004-02-19,0.00,9.5
TB,2004-02-19,0.00,1.4
TB,2004-02-19,2.00,0.9
TB,2004-02-19,3.00,1.0
TB,2004-02-19,5.00,0.5
TB,2004-02-19,7.00,1.3
TB,2004-03-29,0.00,41.6
TB,2004-03-29,2.00,0.8
TB,2004-03-29,3.00,0.6
TB,2004-03-29,5.00,1.5
TB,2004-03-29,7.00,0.6
TB,2004-03-29,7.00,27.8
TB,2004-04-26,0.00,41.1
TB,2004-04-26,2.00,16.5
TB,2004-04-26,3.00,11.7
TB,2004-04-26,3.00,9.4
TB,2004-04-26,5.00,3.9
TB,2004-04-26,7.00,3.4
TB,2004-05-13,0.00,1.4
TB,2004-05-13,2.00,2.0
TB,2004-05-13,3.00,2.2
TB,2004-05-13,3.00,1.9
TB,2004-05-13,5.00,0.6
TB,2004-05-13,7.00,-1.1
TB,2004-05-25,0.00,15.4
TB,2004-05-25,2.00,8.6
TB,2004-05-25,2.00,9.1
TB,2004-05-25,3.00,9.2
TB,2004-05-25,5.00,3.1
TB,2004-05-25,7.00,2.0
TB,2004-06-09,0.00,8.0
TB,2004-06-09,2.00,13.3
TB,2004-06-09,3.00,25.8
TB,2004-06-09,3.00,14.7
TB,2004-06-09,5.00,0.9
TB,2004-06-09,7.00,3.2
TB,2004-06-21,0.00,3.2
TB,2004-06-21,0.00,3.0
TB,2004-06-21,2.00,79.5
TB,2004-06-21,3.00,31.2
TB,2004-06-21,5.00,8.4
TB,2004-06-21,7.00,3.8
TB,2004-07-06,0.00,8.5
TB,2004-07-06,2.00,67.9
TB,2004-07-06,3.00,48.4
TB,2004-07-06,5.00,2.4
TB,2004-07-06,5.00,1.5
TB,2004-07-06,7.00,2.6
TB,2004-07-19,0.00,4.2
TB,2004-07-19,2.00,70.1
TB,2004-07-19,3.00,71.0
TB,2004-07-19,3.00,77.6
TB,2004-07-19,5.00,3.4
TB,2004-07-19,7.00,1.6
TB,2004-08-03,0.00,5.5
TB,2004-08-03,0.00,6.0
TB,2004-08-03,2.00,91.9
TB,2004-08-03,3.00,59.9
TB,2004-08-03,5.00,14.1
TB,2004-08-03,7.00,7.7
TB,2004-08-17,0.00,4.9
TB,2004-08-17,0.00,6.6
TB,2004-08-17,2.00,248.7
TB,2004-08-17,3.00,45.1
TB,2004-08-17,5.00,22.6
TB,2004-08-17,7.00,7.8
TB,2004-08-31,0.00,23.0
TB,2004-08-31,2.00,174.5
TB,2004-08-31,2.00,149.1
TB,2004-08-31,3.00,63.8
TB,2004-08-31,5.00,24.4
TB,2004-08-31,7.00,6.4
TB,2004-09-10,0.00,7.5
TB,2004-09-10,2.00,195.9
TB,2004-09-10,3.00,85.1
TB,2004-09-10,4.00,18.9
TB,2004-09-10,5.00,21.4
TB,2004-09-10,7.00,8.6
TB,2004-09-28,0.00,34.6
TB,2004-09-28,0.00,39.8
TB,2004-09-28,2.00,303.3
TB,2004-09-28,3.00,60.9
TB,2004-09-28,5.00,22.1
TB,2004-09-28,7.00,10.8
TB,2004-10-12,0.00,14.4
TB,2004-10-12,2.00,32.8
TB,2004-10-12,2.00,37.2
TB,2004-10-12,3.00,76.2
TB,2004-10-12,5.00,34.4
TB,2004-10-12,7.00,29.7
TB,2004-10-26,0.00,9.3
TB,2004-10-26,2.00,9.0
TB,2004-10-26,2.00,10.8
TB,2004-10-26,3.00,11.3
TB,2004-10-26,5.00,23.5
TB,2004-10-26,7.00,24.1
TB,2004-11-11,0.00,25.2
TB,2004-11-11,2.00,22.3
TB,2004-11-11,3.00,21.2
TB,2004-11-11,3.00,22.8
TB,2004-11-11,5.00,16.9
TB,2004-11-11,6.50,14.4
TB,2005-01-20,0.00,304.2
TB,2005-01-20,2.00,2.5
TB,2005-01-20,3.00,1.2
TB,2005-01-20,3.00,1.6
TB,2005-01-20,5.00,1.1
TB,2005-01-20,7.00,2.6
TB,2005-02-15,0.00,139.4
TB,2005-02-15,2.00,1.6
TB,2005-02-15,3.00,8.2
TB,2005-02-15,3.00,0.8
TB,2005-02-15,5.00,1.8
TB,2005-02-15,7.00,2.8
TB,2005-03-31,0.00,1.4
TB,2005-03-31,2.00,2.8
TB,2005-03-31,3.00,2.0
TB,2005-03-31,3.00,1.9
TB,2005-03-31,5.00,1.1
TB,2005-03-31,7.00,2.6
TB,2005-04-18,0.00,5.6
TB,2005-04-18,0.00,5.7
TB,2005-04-18,2.00,22.6
TB,2005-04-18,3.00,3.5
TB,2005-04-18,5.00,3.4
TB,2005-04-18,7.00,2.0
TB,2005-05-04,0.00,13.1
TB,2005-05-04,2.00,19.8
TB,2005-05-04,3.00,9.6
TB,2005-05-04,5.00,7.4
TB,2005-05-04,5.00,6.3
TB,2005-05-04,7.00,8.4
TB,2005-05-18,0.00,7.6
TB,2005-05-18,2.00,66.5
TB,2005-05-18,3.00,16.3
TB,2005-05-18,5.00,7.3
TB,2005-05-18,7.00,7.0
TB,2005-06-01,0.00,5.5
TB,2005-06-01,2.00,43.7
TB,2005-06-01,3.00,28.7
TB,2005-06-01,3.00,28.3
TB,2005-06-01,5.00,12.3
TB,2005-06-01,7.00,9.0
TB,2005-06-16,0.00,8.0
TB,2005-06-16,2.00,109.5
TB,2005-06-16,2.00,101.3
TB,2005-06-16,3.00,46.0
TB,2005-06-16,5.00,24.0
TB,2005-06-16,7.00,9.4
TB,2005-06-28,0.00,6.3
TB,2005-06-28,2.00,63.5
TB,2005-06-28,3.00,77.9
TB,2005-06-28,3.00,62.5
TB,2005-06-28,5.00,30.5
TB,2005-06-28,7.00,3.9
TB,2005-07-11,0.00,9.3
TB,2005-07-11,0.00,5.7
TB,2005-07-11,2.00,73.0
TB,2005-07-11,3.00,128.4
TB,2005-07-11,5.00,24.3
TB,2005-07-11,7.00,6.8
TB,2005-07-25,0.00,3.3
TB,2005-07-25,2.00,9.6
TB,2005-07-25,3.00,72.0
TB,2005-07-25,5.00,25.5
TB,2005-07-25,5.00,24.2
TB,2005-07-25,7.00,11.6
TB,2005-08-08,0.00,5.6
TB,2005-08-08,2.00,155.5
TB,2005-08-08,2.00,155.3
TB,2005-08-08,3.00,47.8
TB,2005-08-08,5.00,20.6
TB,2005-08-08,7.00,12.0
TB,2005-08-22,0.00,15.6
TB,2005-08-22,0.00,17.9
TB,2005-08-22,2.00,122.3
TB,2005-08-22,3.00,84.4
TB,2005-08-22,5.00,26.4
TB,2005-08-22,7.00,11.3
TB,2005-09-08,0.00,15.8
TB,2005-09-08,2.00,153.3
TB,2005-09-08,2.00,183.9
TB,2005-09-08,3.00,35.3
TB,2005-09-08,5.00,18.6
TB,2005-09-08,7.00,5.1
TB,2005-09-22,0.00,25.4
TB,2005-09-22,0.00,30.4
TB,2005-09-22,2.00,153.7
TB,2005-09-22,3.00,100.1
TB,2005-09-22,5.00,65.5
TB,2005-09-22,7.00,19.1
TB,2005-10-05,0.00,23.8
TB,2005-10-05,2.00,35.8
TB,2005-10-05,3.00,106.7
TB,2005-10-05,3.00,122.3
TB,2005-10-05,5.00,31.5
TB,2005-10-05,7.00,18.4
TB,2005-10-19,0.00,44.2
TB,2005-10-19,2.00,32.8
TB,2005-10-19,2.00,23.8
TB,2005-10-19,3.00,97.1
TB,2005-10-19,5.00,41.7
TB,2005-10-19,7.00,28.6
TB,2005-11-17,0.00,22.7
TB,2005-11-17,2.00,28.6
TB,2005-11-17,3.00,23.8
TB,2005-11-17,3.00,22.1
TB,2005-11-17,5.00,21.5
TB,2005-11-17,7.00,20.8
TB,2006-01-12,0.00,133.0
TB,2006-01-12,2.00,1.7
TB,2006-01-12,3.00,1.3
TB,2006-01-12,3.00,0.9
TB,2006-01-12,5.00,1.5
TB,2006-01-12,7.00,1.5
TB,2006-02-22,0.00,3.9
TB,2006-02-22,2.00,0.9
TB,2006-02-22,3.00,1.1
TB,2006-02-22,5.00,1.2
TB,2006-02-22,7.00,2.4
TB,2006-02-22,7.00,1.8
TB,2006-03-29,0.00,7.9
TB,2006-03-29,2.00,1.4
TB,2006-03-29,3.00,0.6
TB,2006-03-29,3.00,0.9
TB,2006-03-29,5.00,0.7
TB,2006-03-29,7.00,2.9
TB,2006-04-18,0.00,29.6
TB,2006-04-18,2.00,10.3
TB,2006-04-18,3.00,7.7
TB,2006-04-18,3.00,8.2
TB,2006-04-18,5.00,4.9
TB,2006-04-18,7.00,3.0
TB,2006-05-01,0.00,22.1
TB,2006-05-01,2.00,7.7
TB,2006-05-01,3.00,10.3
TB,2006-05-01,5.00,8.0
TB,2006-05-01,5.00,6.2
TB,2006-05-01,7.00,3.0
TB,2006-05-18,0.00,27.0
TB,2006-05-18,0.00,10.9
TB,2006-05-18,2.00,20.2
TB,2006-05-18,3.00,11.9
TB,2006-05-18,5.00,5.7
TB,2006-05-18,7.00,4.5
TB,2006-06-01,0.00,9.1
TB,2006-06-01,2.00,78.0
TB,2006-06-01,3.00,47.1
TB,2006-06-01,5.00,10.0
TB,2006-06-01,5.00,10.1
TB,2006-06-01,7.00,3.9
TB,2006-06-12,0.00,10.5
TB,2006-06-12,2.00,73.3
TB,2006-06-12,3.00,77.8
TB,2006-06-12,5.00,8.3
TB,2006-06-12,5.00,7.1
TB,2006-06-12,7.00,4.0
TB,2006-06-26,0.00,7.3
TB,2006-06-26,2.00,84.5
TB,2006-06-26,3.00,72.5
TB,2006-06-26,3.00,67.1
TB,2006-06-26,5.00,8.2
TB,2006-06-26,7.00,7.2
TB,2006-07-11,0.00,6.0
TB,2006-07-11,0.00,5.6
TB,2006-07-11,2.00,118.1
TB,2006-07-11,3.00,73.0
TB,2006-07-11,5.00,6.0
TB,2006-07-11,7.00,6.0
TB,2006-07-24,0.00,5.9
TB,2006-07-24,2.00,164.4
TB,2006-07-24,3.00,55.5
TB,2006-07-24,3.00,53.3
TB,2006-07-24,5.00,8.0
TB,2006-07-24,7.00,4.8
TB,2006-08-08,0.00,7.4
TB,2006-08-08,2.00,178.2
TB,2006-08-08,3.00,95.1
TB,2006-08-08,5.00,8.1
TB,2006-08-08,7.00,8.9
TB,2006-08-22,0.00,21.2
TB,2006-08-22,2.00,91.7
TB,2006-08-22,3.00,48.2
TB,2006-08-22,5.00,10.3
TB,2006-08-22,5.00,5.7
TB,2006-08-22,7.00,17.6
TB,2006-09-07,0.00,5.0
TB,2006-09-07,2.00,257.1
TB,2006-09-07,3.00,57.1
TB,2006-09-07,5.00,10.6
TB,2006-09-07,5.00,11.0
TB,2006-09-07,7.00,10.0
TB,2006-09-19,0.00,14.6
TB,2006-09-19,0.00,13.8
TB,2006-09-19,2.00,67.4
TB,2006-09-19,3.00,62.3
TB,2006-09-19,5.00,9.5
TB,2006-09-19,7.00,7.9
TB,2006-10-02,0.00,4.3
TB,2006-10-02,2.00,2.9
TB,2006-10-02,3.00,63.6
TB,2006-10-02,3.00,53.3
TB,2006-10-02,5.00,10.9
TB,2006-10-02,7.00,8.6
TB,2006-10-17,0.00,11.8
TB,2006-10-17,2.00,4.8
TB,2006-10-17,3.00,3.8
TB,2006-10-17,3.00,5.8
TB,2006-10-17,5.00,4.8
TB,2006-10-17,7.00,12.1
TB,2006-11-01,0.00,5.2
TB,2006-11-01,2.00,4.5
TB,2006-11-01,3.00,4.2
TB,2006-11-01,5.00,2.4
TB,2006-11-01,7.00,12.6
TB,2006-11-01,7.00,10.1
TB,2007-01-23,0.00,5.2
TB,2007-01-23,2.00,1.9
TB,2007-01-23,3.00,6.1
TB,2007-01-23,3.00,5.0
TB,2007-01-23,5.00,4.9
TB,2007-01-23,7.00,4.4
TB,2007-02-21,0.00,5.0
TB,2007-02-21,2.00,1.2
TB,2007-02-21,3.00,1.2
TB,2007-02-21,5.00,2.3
TB,2007-02-21,7.00,4.6
TB,2007-02-21,7.00,4.2
TB,2007-03-27,0.00,18.3
TB,2007-03-27,2.00,1.8
TB,2007-03-27,3.00,1.0
TB,2007-03-27,5.00,4.3
TB,2007-03-27,7.00,4.0
TB,2007-03-27,7.00,2.4
TB,2007-04-25,0.00,2.6
TB,2007-04-25,2.00,12.3
TB,2007-04-25,3.00,8.7
TB,2007-04-25,5.00,8.5
TB,2007-04-25,5.00,8.3
TB,2007-04-25,7.00,7.2
TB,2007-05-09,2.00,5.6
TB,2007-05-09,2.00,3.6
TB,2007-05-09,3.00,8.7
TB,2007-05-09,5.00,8.1
TB,2007-05-09,7.00,7.3
TB,2007-05-22,0.00,1.5
TB,2007-05-22,2.00,46.6
TB,2007-05-22,2.00,42.4
TB,2007-05-22,3.00,1.7
TB,2007-05-22,5.00,4.2
TB,2007-05-22,7.00,12.0
TB,2007-06-05,0.00,3.2
TB,2007-06-05,0.00,3.5
TB,2007-06-05,2.00,199.6
TB,2007-06-05,3.00,3.3
TB,2007-06-05,5.00,2.3
TB,2007-06-05,7.00,8.4
TB,2007-06-18,0.00,11.6
TB,2007-06-18,0.00,13.3
TB,2007-06-18,2.00,53.1
TB,2007-06-18,3.00,10.5
TB,2007-06-18,5.00,6.8
TB,2007-06-18,7.00,10.9
TB,2007-07-05,0.00,5.9
TB,2007-07-05,2.00,98.7
TB,2007-07-05,3.00,12.3
TB,2007-07-05,5.00,3.5
TB,2007-07-05,5.00,2.8
TB,2007-07-05,7.00,1.4
TB,2007-07-17,0.00,4.3
TB,2007-07-17,2.00,81.9
TB,2007-07-17,3.00,51.0
TB,2007-07-17,3.00,45.4
TB,2007-07-17,5.00,4.0
TB,2007-07-17,7.00,6.0
TB,2007-08-02,0.00,8.1
TB,2007-08-02,2.00,90.0
TB,2007-08-02,3.00,38.1
TB,2007-08-02,3.00,39.9
TB,2007-08-02,5.00,12.2
TB,2007-08-02,7.00,6.5
TB,2007-08-13,0.00,16.3
TB,2007-08-13,2.00,152.6
TB,2007-08-13,3.00,46.4
TB,2007-08-13,5.00,6.6
TB,2007-08-13,5.00,6.5
TB,2007-08-13,7.00,2.3
TB,2007-08-29,0.00,100.5
TB,2007-08-29,2.00,159.4
TB,2007-08-29,3.00,50.8
TB,2007-08-29,3.00,38.6
TB,2007-08-29,5.00,25.2
TB,2007-08-29,7.00,15.3
TB,2007-09-13,0.00,16.1
TB,2007-09-13,2.00,14.9
TB,2007-09-13,3.00,53.8
TB,2007-09-13,5.00,14.8
TB,2007-09-13,6.00,12.5
TB,2007-09-13,6.00,7.0
TB,2007-09-26,0.00,5.4
TB,2007-09-26,2.00,1.5
TB,2007-09-26,3.00,104.4
TB,2007-09-26,5.00,6.0
TB,2007-09-26,6.00,14.7
TB,2007-09-26,6.00,5.1
TB,2007-10-09,0.00,24.4
TB,2007-10-09,2.00,2.6
TB,2007-10-09,3.00,93.7
TB,2007-10-09,5.00,8.7
TB,2007-10-09,5.00,7.1
TB,2007-10-09,6.00,5.1
TB,2007-10-24,0.00,19.9
TB,2007-10-24,0.00,22.4
TB,2007-10-24,2.00,15.6
TB,2007-10-24,3.00,18.5
TB,2007-10-24,5.00,18.6
TB,2007-10-24,7.00,6.7
TB,2007-11-15,0.00,4.4
TB,2007-11-15,2.00,10.5
TB,2007-11-15,3.00,4.4
TB,2007-11-15,3.00,6.0
TB,2007-11-15,5.00,4.9
TB,2007-11-15,7.00,5.3
TB,2008-01-28,0.00,6.8
TB,2008-01-28,2.00,0.4
TB,2008-01-28,3.00,0.3
TB,2008-01-28,5.00,0.6
TB,2008-01-28,7.00,0.8
TB,2008-01-28,7.00,0.4
TB,2008-02-25,0.00,1.8
TB,2008-02-25,2.00,1.4
TB,2008-02-25,3.00,1.0
TB,2008-02-25,3.00,5.1
TB,2008-02-25,5.00,0.8
TB,2008-02-25,7.00,1.6
TB,2008-03-27,0.00,1.9
TB,2008-03-27,2.00,0.6
TB,2008-03-27,3.00,0.3
TB,2008-03-27,5.00,0.5
TB,2008-03-27,6.00,0.8
TB,2008-03-27,6.00,0.7
TB,2008-05-08,0.00,7.9
TB,2008-05-08,0.00,8.0
TB,2008-05-08,2.00,27.5
TB,2008-05-08,3.00,21.2
TB,2008-05-08,5.00,17.1
TB,2008-05-08,7.00,7.2
TB,2008-05-21,0.00,4.9
TB,2008-05-21,2.00,5.1
TB,2008-05-21,3.00,16.8
TB,2008-05-21,3.00,7.4
TB,2008-05-21,5.00,-7.4
TB,2008-05-21,7.00,-6.1
TB,2008-06-03,0.00,3.1
TB,2008-06-03,2.00,8.0
TB,2008-06-03,2.00,7.0
TB,2008-06-03,3.00,23.4
TB,2008-06-03,5.00,8.5
TB,2008-06-03,7.00,6.3
TB,2008-06-20,0.00,12.8
TB,2008-06-20,0.00,4.9
TB,2008-06-20,2.00,10.6
TB,2008-06-20,3.00,88.9
TB,2008-06-20,5.00,9.8
TB,2008-06-20,7.00,6.4
TB,2008-06-30,0.00,10.4
TB,2008-06-30,0.00,10.9
TB,2008-06-30,2.00,67.0
TB,2008-06-30,3.00,101.3
TB,2008-06-30,5.00,-0.5
TB,2008-06-30,7.00,57.0
TB,2008-07-28,0.00,2.1
TB,2008-07-28,2.00,89.7
TB,2008-07-28,2.00,48.6
TB,2008-07-28,3.00,120.8
TB,2008-07-28,5.00,7.0
TB,2008-07-28,7.00,2.5
TB,2008-08-13,0.00,6.4
TB,2008-08-13,2.00,193.7
TB,2008-08-13,3.00,126.3
TB,2008-08-13,5.00,8.5
TB,2008-08-13,5.00,13.6
TB,2008-08-13,7.00,3.0
TB,2008-08-26,0.00,5.9
TB,2008-08-26,2.00,333.0
TB,2008-08-26,2.00,-473.6
TB,2008-08-26,3.00,368.7
TB,2008-08-26,5.00,179.0
TB,2008-08-26,6.00,30.6
TB,2008-09-11,0.00,11.0
TB,2008-09-11,2.00,257.7
TB,2008-09-11,2.00,312.0
TB,2008-09-11,3.00,116.1
TB,2008-09-11,5.00,45.3
TB,2008-09-11,7.00,64.5
TB,2008-09-23,0.00,75.6
TB,2008-09-23,0.00,379.6
TB,2008-09-23,2.00,317.6
TB,2008-09-23,3.00,217.6
TB,2008-09-23,5.00,11.2
TB,2008-09-23,7.00,18.4
TB,2008-10-06,0.00,74.6
TB,2008-10-06,0.00,73.4
TB,2008-10-06,2.00,57.7
TB,2008-10-06,3.00,145.6
TB,2008-10-06,5.00,36.1
TB,2008-10-06,7.00,5.9
TB,2008-10-21,0.00,9.7
TB,2008-10-21,2.00,8.9
TB,2008-10-21,3.00,13.3
TB,2008-10-21,3.00,11.3
TB,2008-10-21,5.00,8.2
TB,2008-10-21,6.00,3.3
TB,2008-11-11,0.00,7.0
TB,2008-11-11,2.00,6.1
TB,2008-11-11,3.00,6.2
TB,2008-11-11,5.00,6.2
TB,2008-11-11,6.50,2.0
TB,2008-11-11,6.50,1.4
TB,2009-01-22,0.00,98.6
TB,2009-01-22,3.00,0.4
TB,2009-01-22,5.00,0.4
TB,2009-01-22,7.00,2.8
TB,2009-01-22,7.00,3.0
TB,2009-02-17,0.00,5.9
TB,2009-02-17,0.00,6.3
TB,2009-02-17,2.00,1.2
TB,2009-02-17,3.00,0.8
TB,2009-02-17,5.00,1.2
TB,2009-02-17,7.00,1.1
TB,2009-03-25,0.00,13.3
TB,2009-03-25,2.00,2.7
TB,2009-03-25,3.00,3.1
TB,2009-03-25,3.00,2.5
TB,2009-03-25,5.00,2.3
TB,2009-03-25,7.00,4.2
TB,2009-04-28,0.00,145.2
TB,2009-04-28,2.00,24.5
TB,2009-04-28,3.00,17.9
TB,2009-04-28,5.00,11.0
TB,2009-04-28,7.00,14.9
TB,2009-04-28,7.00,12.7
TB,2009-05-14,0.00,106.3
TB,2009-05-14,2.00,11.8
TB,2009-05-14,2.00,11.4
TB,2009-05-14,3.00,15.0
TB,2009-05-14,5.00,7.9
TB,2009-05-14,7.00,9.1
TB,2009-05-29,0.00,5.8
TB,2009-05-29,0.00,8.1
TB,2009-05-29,2.00,16.0
TB,2009-05-29,3.00,20.7
TB,2009-05-29,5.00,17.4
TB,2009-05-29,7.00,34.0
TB,2009-06-09,0.00,6.3
TB,2009-06-09,2.00,15.2
TB,2009-06-09,3.00,35.0
TB,2009-06-09,5.00,65.6
TB,2009-06-09,7.00,15.8
TB,2009-06-09,7.00,19.1
TB,2009-06-22,0.00,7.4
TB,2009-06-22,2.00,128.0
TB,2009-06-22,3.00,39.7
TB,2009-06-22,5.00,12.5
TB,2009-06-22,5.00,15.4
TB,2009-06-22,7.00,4.1
TB,2009-07-06,0.00,19.0
TB,2009-07-06,0.00,3.7
TB,2009-07-06,2.00,217.0
TB,2009-07-06,3.00,78.4
TB,2009-07-06,5.00,28.3
TB,2009-07-06,6.00,15.0
TB,2009-07-21,0.00,12.4
TB,2009-07-21,0.00,9.1
TB,2009-07-21,2.00,140.4
TB,2009-07-21,3.00,137.3
TB,2009-07-21,5.00,16.8
TB,2009-07-21,6.00,11.2
TB,2009-08-05,0.00,1.9
TB,2009-08-05,2.00,477.6
TB,2009-08-05,2.00,458.7
TB,2009-08-05,3.00,171.3
TB,2009-08-05,5.00,22.4
TB,2009-08-05,6.00,12.8
TB,2009-08-17,0.00,4.1
TB,2009-08-17,0.00,5.4
TB,2009-08-17,2.00,201.8
TB,2009-08-17,3.00,141.8
TB,2009-08-17,5.00,17.8
TB,2009-08-17,6.00,11.6
TB,2009-09-02,0.00,21.4
TB,2009-09-02,2.00,153.6
TB,2009-09-02,3.00,267.9
TB,2009-09-02,5.00,55.2
TB,2009-09-02,5.00,48.6
TB,2009-09-02,6.00,40.2
TB,2009-09-15,0.00,5.3
TB,2009-09-15,2.00,69.3
TB,2009-09-15,3.00,425.0
TB,2009-09-15,5.00,47.5
TB,2009-09-15,6.00,40.4
TB,2009-09-15,6.00,41.2
TB,2009-09-28,0.00,7.1
TB,2009-09-28,0.00,6.8
TB,2009-09-28,2.00,55.7
TB,2009-09-28,3.00,62.3
TB,2009-09-28,5.00,15.6
TB,2009-09-28,6.00,13.9
TB,2009-10-12,0.00,22.5
TB,2009-10-12,2.00,13.7
TB,2009-10-12,2.00,13.9
TB,2009-10-12,3.00,14.3
TB,2009-10-12,5.00,29.7
TB,2009-10-12,6.00,16.9
TB,2009-10-27,0.00,25.2
TB,2009-10-27,2.00,11.8
TB,2009-10-27,3.00,9.6
TB,2009-10-27,3.00,7.8
TB,2009-10-27,5.00,5.5
TB,2009-10-27,7.00,8.4
TB,2009-11-16,0.00,10.1
TB,2009-11-16,2.00,10.9
TB,2009-11-16,3.00,8.9
TB,2009-11-16,3.00,13.4
TB,2009-11-16,5.00,13.3
TB,2009-11-16,7.00,13.8
TB,2010-01-14,0.00,1.8
TB,2010-01-14,2.00,0.6
TB,2010-01-14,3.00,0.9
TB,2010-01-14,5.00,9.7
TB,2010-01-14,7.00,10.0
TB,2010-01-14,7.00,10.6
TB,2010-02-22,0.00,1.5
TB,2010-02-22,2.00,0.9
TB,2010-02-22,3.00,1.1
TB,2010-02-22,3.00,1.3
TB,2010-02-22,5.00,6.4
TB,2010-02-22,6.00,4.3
TB,2010-04-13,0.00,12.1
TB,2010-04-13,2.00,29.2
TB,2010-04-13,3.00,27.2
TB,2010-04-13,3.00,24.9
TB,2010-04-13,5.00,27.6
TB,2010-04-13,6.00,28.9
TB,2010-04-26,0.00,4.9
TB,2010-04-26,2.00,73.4
TB,2010-04-26,2.00,101.0
TB,2010-04-26,3.00,33.7
TB,2010-04-26,5.00,56.5
TB,2010-04-26,6.00,32.6
TB,2010-05-11,0.00,10.0
TB,2010-05-11,2.00,15.9
TB,2010-05-11,3.00,49.6
TB,2010-05-11,5.00,33.2
TB,2010-05-11,5.00,27.3
TB,2010-05-11,6.00,25.6
TB,2010-05-25,0.00,8.8
TB,2010-05-25,2.00,111.8
TB,2010-05-25,3.00,100.7
TB,2010-05-25,5.00,41.0
TB,2010-05-25,5.00,41.7
TB,2010-05-25,6.00,42.5
TB,2010-06-10,0.00,5.1
TB,2010-06-10,2.00,128.5
TB,2010-06-10,3.00,37.8
TB,2010-06-10,5.00,42.9
TB,2010-06-10,5.00,92.0
TB,2010-06-10,6.00,51.8
TB,2010-06-23,0.00,10.4
TB,2010-06-23,0.00,5.9
TB,2010-06-23,2.00,92.1
TB,2010-06-23,3.00,173.4
TB,2010-06-23,5.00,58.0
TB,2010-06-23,6.00,43.9
TB,2010-07-07,0.00,2.7
TB,2010-07-07,2.00,274.4
TB,2010-07-07,3.00,267.2
TB,2010-07-07,5.00,49.3
TB,2010-07-07,6.00,39.6
TB,2010-07-07,6.00,37.0
TB,2010-07-22,0.00,2.0
TB,2010-07-22,2.00,10.1
TB,2010-07-22,3.00,236.8
TB,2010-07-22,3.00,243.3
TB,2010-07-22,5.00,50.0
TB,2010-07-22,6.00,27.3
TB,2010-08-03,0.00,9.9
TB,2010-08-03,2.00,130.4
TB,2010-08-03,2.00,54.1
TB,2010-08-03,3.00,131.4
TB,2010-08-03,5.00,58.2
TB,2010-08-03,6.00,40.9
TB,2010-08-16,0.00,6.5
TB,2010-08-16,2.00,29.7
TB,2010-08-16,2.00,12.3
TB,2010-08-16,3.00,178.2
TB,2010-08-16,5.00,63.9
TB,2010-08-16,6.00,45.2
TB,2010-09-01,0.00,9.1
TB,2010-09-01,2.00,7.6
TB,2010-09-01,3.00,99.3
TB,2010-09-01,5.00,63.8
TB,2010-09-01,6.00,34.3
TB,2010-09-01,6.00,34.8
TB,2010-09-14,0.00,26.1
TB,2010-09-14,2.00,7.6
TB,2010-09-14,3.00,98.7
TB,2010-09-14,3.00,91.4
TB,2010-09-14,5.00,64.4
TB,2010-09-14,6.00,31.8
TB,2010-09-28,0.00,3.6
TB,2010-09-28,2.00,0.8
TB,2010-09-28,3.00,2.6
TB,2010-09-28,3.00,3.3
TB,2010-09-28,5.00,53.7
TB,2010-09-28,7.00,11.8
TB,2010-10-11,0.00,1.8
TB,2010-10-11,2.00,0.9
TB,2010-10-11,3.00,0.9
TB,2010-10-11,5.00,52.4
TB,2010-10-11,5.00,50.3
TB,2010-10-11,7.00,11.7
TB,2010-10-26,0.00,3.1
TB,2010-10-26,2.00,3.4
TB,2010-10-26,3.00,4.4
TB,2010-10-26,5.00,49.1
TB,2010-10-26,7.00,11.0
TB,2010-10-26,7.00,11.8
TB,2010-11-15,0.00,2.0
TB,2010-11-15,2.00,2.5
TB,2010-11-15,3.00,1.9
TB,2010-11-15,3.00,1.4
TB,2010-11-15,5.00,1.7
TB,2010-11-15,7.00,1.6
TB,2011-01-24,0.00,2.3
TB,2011-01-24,2.00,1.2
TB,2011-01-24,3.00,0.7
TB,2011-01-24,5.00,0.9
TB,2011-01-24,7.00,3.7
TB,2011-01-24,7.00,5.3
TB,2011-02-15,0.00,1.6
TB,2011-02-15,2.00,1.3
TB,2011-02-15,3.00,1.1
TB,2011-02-15,5.00,1.2
TB,2011-02-15,7.00,6.4
TB,2011-02-15,7.00,9.6
TB,2011-03-16,0.00,6.6
TB,2011-03-16,2.00,-0.5
TB,2011-03-16,3.00,1.7
TB,2011-03-16,3.00,1.3
TB,2011-03-16,5.00,1.5
TB,2011-03-16,7.00,7.2
TB,2011-05-03,0.00,23.6
TB,2011-05-03,2.00,16.9
TB,2011-05-03,3.00,20.3
TB,2011-05-03,3.00,13.6
TB,2011-05-03,5.00,12.7
TB,2011-05-03,7.00,11.8
TB,2011-05-18,0.00,10.7
TB,2011-05-18,2.00,27.1
TB,2011-05-18,3.00,21.5
TB,2011-05-18,3.00,13.6
TB,2011-05-18,5.00,19.2
TB,2011-05-18,7.00,9.8
TB,2011-06-01,0.00,6.1
TB,2011-06-01,2.00,39.5
TB,2011-06-01,2.00,42.1
TB,2011-06-01,3.00,31.4
TB,2011-06-01,5.00,16.9
TB,2011-06-01,7.00,8.8
TB,2011-06-14,0.00,5.2
TB,2011-06-14,2.00,90.6
TB,2011-06-14,3.00,41.2
TB,2011-06-14,3.00,54.7
TB,2011-06-14,5.00,22.9
TB,2011-06-14,7.00,7.8
TB,2011-06-27,0.00,8.1
TB,2011-06-27,0.00,40.8
TB,2011-06-27,2.00,136.3
TB,2011-06-27,3.00,11.8
TB,2011-06-27,5.00,15.6
TB,2011-06-27,7.00,6.5
TB,2011-07-13,0.00,4.2
TB,2011-07-13,2.00,342.2
TB,2011-07-13,2.00,323.9
TB,2011-07-13,3.00,53.5
TB,2011-07-13,5.00,15.0
TB,2011-07-13,7.00,6.2
TB,2011-07-25,0.00,6.1
TB,2011-07-25,2.00,108.6
TB,2011-07-25,2.00,110.8
TB,2011-07-25,3.00,79.6
TB,2011-07-25,5.00,16.2
TB,2011-07-25,7.00,5.4
TB,2011-08-09,0.00,6.3
TB,2011-08-09,0.00,6.4
TB,2011-08-09,2.00,93.6
TB,2011-08-09,3.00,93.7
TB,2011-08-09,5.00,18.6
TB,2011-08-09,7.00,4.3
TB,2011-08-23,0.00,20.9
TB,2011-08-23,2.00,420.1
TB,2011-08-23,3.00,97.1
TB,2011-08-23,5.00,16.0
TB,2011-09-09,0.00,54.6
TB,2011-09-09,2.00,252.4
TB,2011-09-09,3.00,119.9
TB,2011-09-09,3.00,109.6
TB,2011-09-09,5.00,23.8
TB,2011-09-09,7.00,4.9
TB,2011-09-20,0.00,43.7
TB,2011-09-20,2.00,67.0
TB,2011-09-20,3.00,141.4
TB,2011-09-20,3.00,143.9
TB,2011-09-20,5.00,57.6
TB,2011-09-20,7.00,7.4
TB,2011-10-03,0.00,48.9
TB,2011-10-03,2.00,18.8
TB,2011-10-03,2.00,30.0
TB,2011-10-03,3.00,135.2
TB,2011-10-03,5.00,67.3
TB,2011-10-03,7.00,2.5
TB,2011-10-18,0.00,43.7
TB,2011-10-18,2.00,25.4
TB,2011-10-18,3.00,35.0
TB,2011-10-18,3.00,53.6
TB,2011-10-18,5.00,16.7
TB,2011-10-18,7.00,5.4
TB,2011-11-01,0.00,51.7
TB,2011-11-01,2.00,31.0
TB,2011-11-01,3.00,28.9
TB,2011-11-01,5.00,16.5
TB,2011-11-01,5.00,26.3
TB,2011-11-01,7.00,3.7
TB,2011-11-11,0.00,20.1
TB,2011-11-11,2.00,14.4
TB,2011-11-11,3.00,17.9
TB,2011-11-11,3.00,19.2
TB,2011-11-11,5.00,13.3
TB,2011-11-11,7.00,15.5
TB,2012-01-10,0.00,3.1
TB,2012-01-10,2.00,0.9
TB,2012-01-10,3.00,1.2
TB,2012-01-10,5.00,2.4
TB,2012-01-10,7.00,2.8
TB,2012-01-10,7.00,2.8
TB,2012-02-20,0.00,32.5
TB,2012-02-20,2.00,2.0
TB,2012-02-20,3.00,0.7
TB,2012-02-20,5.00,3.2
TB,2012-02-20,7.00,4.6
TB,2012-04-02,0.00,34.0
TB,2012-04-02,2.00,16.1
TB,2012-04-02,3.00,6.1
TB,2012-04-02,3.00,7.4
TB,2012-04-02,5.00,15.6
TB,2012-04-02,7.00,7.7
TB,2012-04-16,0.00,22.7
TB,2012-04-16,2.00,9.6
TB,2012-04-16,3.00,6.9
TB,2012-04-16,5.00,7.1
TB,2012-04-16,7.00,16.1
TB,2012-05-02,0.00,4.3
TB,2012-05-02,0.00,3.5
TB,2012-05-02,2.00,6.4
TB,2012-05-02,3.00,2.4
TB,2012-05-02,5.00,6.3
TB,2012-05-02,7.00,4.3
TB,2012-05-15,0.00,9.0
TB,2012-05-15,2.00,32.1
TB,2012-05-15,3.00,21.2
TB,2012-05-15,5.00,26.6
TB,2012-05-15,5.00,12.0
TB,2012-05-15,7.00,24.7
TB,2012-05-30,0.00,6.4
TB,2012-05-30,0.00,6.7
TB,2012-05-30,2.00,38.7
TB,2012-05-30,3.00,9.6
TB,2012-05-30,5.00,7.8
TB,2012-05-30,7.00,9.0
TB,2012-06-11,0.00,3.3
TB,2012-06-11,2.00,149.1
TB,2012-06-11,3.00,28.7
TB,2012-06-11,3.00,29.3
TB,2012-06-11,5.00,15.9
TB,2012-06-11,7.00,6.1
TB,2012-06-26,0.00,7.8
TB,2012-06-26,0.00,9.0
TB,2012-06-26,2.00,283.9
TB,2012-06-26,3.00,73.8
TB,2012-06-26,5.00,34.8
TB,2012-06-26,7.00,16.7
TB,2012-07-11,0.00,15.4
TB,2012-07-11,2.00,158.7
TB,2012-07-11,3.00,67.4
TB,2012-07-11,5.00,29.9
TB,2012-07-11,5.00,15.5
TB,2012-07-11,7.00,4.3
TB,2012-07-23,0.00,3.4
TB,2012-07-23,0.00,1.9
TB,2012-07-23,2.00,169.7
TB,2012-07-23,3.00,85.4
TB,2012-07-23,5.00,35.0
TB,2012-07-23,7.00,23.0
TB,2012-08-09,0.00,12.1
TB,2012-08-09,2.00,183.2
TB,2012-08-09,3.00,113.2
TB,2012-08-09,5.00,20.5
TB,2012-08-09,5.00,19.6
TB,2012-08-09,7.00,3.4
TB,2012-08-21,0.00,42.9
TB,2012-08-21,2.00,202.1
TB,2012-08-21,3.00,130.0
TB,2012-08-21,5.00,30.2
TB,2012-08-21,5.00,23.7
TB,2012-08-21,7.00,28.1
TB,2012-09-07,0.00,9.5
TB,2012-09-07,2.00,207.0
TB,2012-09-07,2.00,-267.6
TB,2012-09-07,3.00,133.8
TB,2012-09-07,5.00,405.1
TB,2012-09-07,7.00,66.2
TB,2012-09-19,0.00,23.7
TB,2012-09-19,2.00,4.5
TB,2012-09-19,3.00,-102.4
TB,2012-09-19,3.00,-212.2
TB,2012-09-19,5.00,218.3
TB,2012-09-19,7.00,130.0
TB,2012-10-30,0.00,2.3
TB,2012-10-30,0.00,2.1
TB,2012-10-30,2.00,2.3
TB,2012-10-30,3.00,2.0
TB,2012-10-30,5.00,2.1
TB,2012-10-30,6.00,5.2
TB,2012-11-05,0.00,1.5
TB,2012-11-05,2.00,2.4
TB,2012-11-05,3.00,1.7
TB,2012-11-05,3.00,4.8
TB,2012-11-05,5.00,0.2
TB,2012-11-05,7.00,22.4
TB,2013-01-28,0.00,2.8
TB,2013-01-28,2.00,1.2
TB,2013-01-28,3.00,3.9
TB,2013-01-28,3.00,4.8
TB,2013-01-28,5.00,3.5
TB,2013-01-28,7.00,0.7
TB,2013-02-18,0.00,1.3
TB,2013-02-18,2.00,1.5
TB,2013-02-18,3.00,3.4
TB,2013-02-18,3.00,1.6
TB,2013-02-18,5.00,0.3
TB,2013-02-18,7.00,3.3
TB,2013-03-27,0.00,6.8
TB,2013-03-27,2.00,0.5
TB,2013-03-27,3.00,0.4
TB,2013-03-27,5.00,0.7
TB,2013-03-27,7.00,7.4
TB,2013-03-27,7.00,9.5
TB,2013-05-13,0.00,16.1
TB,2013-05-13,2.00,24.6
TB,2013-05-13,3.00,8.5
TB,2013-05-13,5.00,34.5
TB,2013-05-13,7.00,6.0
TB,2013-05-13,7.00,5.7
TB,2013-06-13,0.00,10.4
TB,2013-06-13,2.00,55.7
TB,2013-06-13,3.00,87.7
TB,2013-06-13,5.00,45.4
TB,2013-06-13,5.00,46.7
TB,2013-06-13,7.00,16.8
TB,2013-06-25,0.00,10.3
TB,2013-06-25,2.00,50.1
TB,2013-06-25,3.00,85.8
TB,2013-06-25,5.00,2.5
TB,2013-06-25,5.00,5.5
TB,2013-06-25,7.00,11.8
TB,2013-07-10,0.00,21.7
TB,2013-07-10,2.00,96.6
TB,2013-07-10,3.00,115.3
TB,2013-07-10,5.00,14.6
TB,2013-07-10,7.00,11.4
TB,2013-07-10,7.00,3.1
TB,2013-08-06,0.00,6.1
TB,2013-08-06,2.00,248.9
TB,2013-08-06,3.00,154.4
TB,2013-08-06,5.00,29.6
TB,2013-08-06,7.00,7.9
TB,2013-08-06,7.00,11.5
TB,2013-08-22,0.00,15.4
TB,2013-08-22,2.00,91.1
TB,2013-08-22,3.00,184.0
TB,2013-08-22,3.00,156.3
TB,2013-08-22,5.00,55.1
TB,2013-08-22,7.00,12.2
TB,2013-09-04,0.00,40.7
TB,2013-09-04,2.00,118.6
TB,2013-09-04,2.00,106.2
TB,2013-09-04,3.00,203.9
TB,2013-09-04,5.00,82.6
TB,2013-09-04,7.00,28.6
TB,2013-09-30,0.00,12.3
TB,2013-09-30,2.00,84.7
TB,2013-09-30,3.00,189.9
TB,2013-09-30,5.00,33.8
TB,2013-09-30,7.00,40.8
TB,2013-09-30,7.00,30.0
TB,2013-10-29,0.00,25.8
TB,2013-10-29,2.00,19.0
TB,2013-10-29,3.00,21.0
TB,2013-10-29,5.00,20.8
TB,2013-10-29,5.00,22.7
TB,2013-10-29,7.00,12.9
TB,2013-11-08,0.00,21.5
TB,2013-11-08,0.00,21.2
TB,2013-11-08,2.00,17.9
TB,2013-11-08,3.00,17.6
TB,2013-11-08,5.00,19.7
TB,2013-11-08,7.00,19.1
TB,2014-01-24,0.00,191.3
TB,2014-01-24,2.00,3.0
TB,2014-01-24,3.00,2.1
TB,2014-01-24,5.00,2.3
TB,2014-01-24,7.00,5.1
TB,2014-01-24,7.00,4.1
TB,2014-02-20,0.00,4.5
TB,2014-02-20,2.00,1.4
TB,2014-02-20,3.00,3.5
TB,2014-02-20,3.00,2.4
TB,2014-02-20,5.00,1.7
TB,2014-02-20,7.00,2.8
TB,2014-03-28,0.00,5.0
TB,2014-03-28,2.00,7.8
TB,2014-03-28,3.00,5.0
TB,2014-03-28,5.00,5.8
TB,2014-03-28,7.00,4.1
TB,2014-03-28,7.00,5.9
TB,2014-05-21,0.00,15.7
TB,2014-05-21,2.00,9.7
TB,2014-05-21,3.00,6.1
TB,2014-05-21,5.00,6.1
TB,2014-05-21,7.00,3.3
TB,2014-06-16,0.00,5.3
TB,2014-06-16,2.00,24.5
TB,2014-06-16,3.00,31.8
TB,2014-06-16,5.00,6.4
TB,2014-06-16,5.00,5.5
TB,2014-06-16,7.00,3.3
TB,2014-06-30,5.00,6.2
TB,2014-06-30,7.00,4.1
TB,2014-06-30,7.00,6.4
TB,2014-07-16,0.00,6.3
TB,2014-07-16,2.00,130.8
TB,2014-07-16,2.00,156.5
TB,2014-07-16,3.00,93.3
TB,2014-07-16,5.00,11.7
TB,2014-07-16,7.00,2.3
TB,2014-07-29,0.00,6.8
TB,2014-07-29,0.00,8.1
TB,2014-07-29,2.00,38.2
TB,2014-07-29,3.00,92.1
TB,2014-07-29,5.00,7.5
TB,2014-07-29,7.00,3.0
TB,2014-08-11,0.00,6.2
TB,2014-08-11,0.00,7.3
TB,2014-08-11,2.00,83.1
TB,2014-08-11,3.00,89.3
TB,2014-08-11,5.00,8.3
TB,2014-08-11,7.00,5.4
TB,2014-08-25,0.00,6.9
TB,2014-08-25,0.00,6.8
TB,2014-08-25,2.00,70.9
TB,2014-08-25,3.00,90.1
TB,2014-08-25,5.00,7.2
TB,2014-08-25,7.00,3.4
TB,2014-09-09,0.00,19.6
TB,2014-09-09,2.00,118.0
TB,2014-09-09,3.00,92.5
TB,2014-09-09,5.00,12.6
TB,2014-09-09,5.00,24.3
TB,2014-09-09,7.00,11.4
TB,2014-09-23,0.00,14.6
TB,2014-09-23,2.00,18.0
TB,2014-09-23,3.00,112.3
TB,2014-09-23,5.00,11.1
TB,2014-09-23,5.00,17.1
TB,2014-09-23,7.00,6.1
TB,2014-10-06,0.00,26.8
TB,2014-10-06,2.00,30.3
TB,2014-10-06,3.00,68.5
TB,2014-10-06,5.00,11.4
TB,2014-10-06,7.00,6.4
TB,2014-10-06,7.00,9.5
TB,2014-10-20,0.00,11.4
TB,2014-10-20,2.00,9.9
TB,2014-10-20,3.00,9.1
TB,2014-10-20,5.00,9.0
TB,2014-10-20,5.00,9.4
TB,2014-10-20,7.00,7.4
TB,2014-11-07,0.00,14.2
TB,2014-11-07,2.00,7.5
TB,2014-11-07,3.00,9.5
TB,2014-11-07,3.00,7.3
TB,2014-11-07,5.00,4.8
TB,2014-11-07,7.00,3.5
TB,2015-01-20,0.00,2.0
TB,2015-01-20,2.00,1.6
TB,2015-01-20,3.00,1.6
TB,2015-01-20,5.00,8.2
TB,2015-01-20,7.00,5.6
TB,2015-01-20,7.00,3.6
TB,2015-03-06,0.00,3.5
TB,2015-03-06,0.00,1.9
TB,2015-03-06,2.00,0.1
TB,2015-03-06,3.00,0.4
TB,2015-03-06,5.00,-0.1
TB,2015-03-06,7.00,1.0
TB,2015-03-24,0.00,9.7
TB,2015-03-24,0.00,1.1
TB,2015-03-24,2.00,12.5
TB,2015-03-24,3.00,5.9
TB,2015-03-24,5.00,5.7
TB,2015-03-24,7.00,3.8
TB,2015-04-21,0.00,13.0
TB,2015-04-21,2.00,5.5
TB,2015-04-21,3.00,12.0
TB,2015-04-21,5.00,-1.4
TB,2015-04-21,7.00,12.7
TB,2015-04-21,7.00,14.1
TB,2015-05-04,0.00,11.1
TB,2015-05-04,2.00,34.3
TB,2015-05-04,3.00,19.9
TB,2015-05-04,5.00,5.7
TB,2015-05-04,7.00,7.7
TB,2015-05-04,7.00,9.7
TB,2015-05-21,0.00,21.4
TB,2015-05-21,2.00,100.4
TB,2015-05-21,3.00,29.4
TB,2015-05-21,5.00,17.7
TB,2015-05-21,7.00,9.9
TB,2015-05-21,7.00,7.1
TB,2015-06-03,0.00,5.0
TB,2015-06-03,2.00,101.6
TB,2015-06-03,2.00,219.9
TB,2015-06-03,3.00,37.8
TB,2015-06-03,5.00,10.5
TB,2015-06-03,7.00,7.7
TB,2015-06-17,0.00,9.0
TB,2015-06-17,0.00,17.5
TB,2015-06-17,2.00,111.8
TB,2015-06-17,3.00,43.9
TB,2015-06-17,5.00,13.8
TB,2015-06-17,7.00,9.1
TB,2015-07-01,0.00,7.7
TB,2015-07-01,2.00,63.4
TB,2015-07-01,2.00,71.1
TB,2015-07-01,3.00,72.5
TB,2015-07-01,5.00,22.4
TB,2015-07-01,7.00,9.7
TB,2015-07-15,0.00,5.3
TB,2015-07-15,2.00,91.4
TB,2015-07-15,2.00,77.4
TB,2015-07-15,3.00,121.0
TB,2015-07-15,5.00,20.3
TB,2015-07-15,7.00,8.2
TB,2015-07-28,0.00,8.4
TB,2015-07-28,0.00,3.4
TB,2015-07-28,2.00,70.4
TB,2015-07-28,3.00,138.0
TB,2015-07-28,5.00,18.3
TB,2015-07-28,7.00,8.8
TB,2015-08-11,0.00,7.2
TB,2015-08-11,0.00,4.1
TB,2015-08-11,2.00,35.3
TB,2015-08-11,3.00,157.6
TB,2015-08-11,5.00,27.9
TB,2015-08-11,7.00,13.1
TB,2015-08-25,0.00,11.3
TB,2015-08-25,2.00,52.5
TB,2015-08-25,3.00,194.3
TB,2015-08-25,5.00,30.3
TB,2015-08-25,7.00,9.3
TB,2015-08-25,7.00,14.0
TB,2015-09-10,0.00,142.2
TB,2015-09-10,2.00,36.9
TB,2015-09-10,2.00,46.5
TB,2015-09-10,3.00,200.3
TB,2015-09-10,5.00,23.8
TB,2015-09-10,7.00,9.5
TB,2015-09-22,0.00,11.5
TB,2015-09-22,2.00,67.8
TB,2015-09-22,3.00,238.7
TB,2015-09-22,5.00,31.5
TB,2015-09-22,5.00,44.7
TB,2015-09-22,7.00,14.0
TB,2015-10-05,0.00,5.5
TB,2015-10-05,0.00,4.2
TB,2015-10-05,2.00,36.1
TB,2015-10-05,3.00,21.0
TB,2015-10-05,5.00,25.9
TB,2015-10-05,7.00,13.8
TB,2015-10-20,0.00,9.2
TB,2015-10-20,2.00,19.0
TB,2015-10-20,3.00,13.8
TB,2015-10-20,5.00,18.6
TB,2015-10-20,5.00,18.1
TB,2015-10-20,7.00,15.4
TB,2015-11-17,0.00,4.3
TB,2015-11-17,2.00,3.6
TB,2015-11-17,3.00,4.1
TB,2015-11-17,3.00,3.9
TB,2015-11-17,5.00,3.7
TB,2015-11-17,7.00,11.9
TB,2016-01-25,0.00,39.4
TB,2016-01-25,0.00,29.0
TB,2016-01-25,2.00,0.6
TB,2016-01-25,3.00,0.7
TB,2016-01-25,5.00,1.2
TB,2016-01-25,7.00,1.4
TB,2016-02-24,0.00,41.9
TB,2016-02-24,2.00,1.3
TB,2016-02-24,3.00,2.7
TB,2016-02-24,5.00,0.8
TB,2016-02-24,7.00,2.1
TB,2016-02-24,7.00,3.6
TB,2016-04-22,0.00,15.5
TB,2016-04-22,2.00,15.2
TB,2016-04-22,3.00,11.8
TB,2016-04-22,5.00,8.5
TB,2016-04-22,7.00,6.2
TB,2016-04-22,7.00,6.5
TB,2016-05-09,0.00,10.6
TB,2016-05-09,2.00,27.6
TB,2016-05-09,3.00,12.2
TB,2016-05-09,5.00,13.2
TB,2016-05-09,7.00,7.5
TB,2016-05-09,7.00,8.0
TB,2016-06-07,0.00,22.3
TB,2016-06-07,0.00,21.9
TB,2016-06-07,2.00,37.1
TB,2016-06-07,3.00,89.6
TB,2016-06-07,5.00,17.0
TB,2016-06-07,7.00,15.1
TB,2016-06-22,0.00,11.7
TB,2016-06-22,2.00,45.7
TB,2016-06-22,3.00,58.8
TB,2016-06-22,5.00,19.7
TB,2016-06-22,5.00,11.6
TB,2016-06-22,7.00,8.3
TB,2016-07-06,0.00,9.7
TB,2016-07-06,0.00,9.5
TB,2016-07-06,2.00,53.4
TB,2016-07-06,3.00,68.9
TB,2016-07-06,5.00,16.0
TB,2016-07-06,7.00,6.1
TB,2016-07-19,0.00,15.7
TB,2016-07-19,2.00,63.0
TB,2016-07-19,3.00,149.8
TB,2016-07-19,5.00,39.9
TB,2016-07-19,7.00,6.9
TB,2016-07-19,7.00,8.5
TB,2016-08-01,0.00,7.9
TB,2016-08-01,2.00,92.8
TB,2016-08-01,3.00,157.5
TB,2016-08-01,5.00,41.9
TB,2016-08-01,5.00,49.9
TB,2016-08-01,7.00,11.8
TB,2016-08-16,0.00,17.5
TB,2016-08-16,0.00,11.4
TB,2016-08-16,2.00,64.3
TB,2016-08-16,3.00,182.6
TB,2016-08-16,5.00,37.5
TB,2016-08-16,7.00,14.2
TB,2016-08-31,0.00,39.8
TB,2016-08-31,2.00,116.0
TB,2016-08-31,3.00,213.1
TB,2016-08-31,5.00,31.1
TB,2016-08-31,7.00,16.7
TB,2016-09-14,0.00,36.4
TB,2016-09-14,2.00,54.8
TB,2016-09-14,3.00,346.1
TB,2016-09-14,3.00,281.0
TB,2016-09-14,5.00,27.4
TB,2016-09-14,7.00,13.5
TB,2016-09-28,0.00,999.9
TB,2016-09-28,0.00,991.7
TB,2016-09-28,2.00,110.4
TB,2016-09-28,3.00,186.1
TB,2016-09-28,5.00,36.8
TB,2016-09-28,7.00,23.5
TB,2016-10-10,0.00,41.8
TB,2016-10-10,2.00,20.8
TB,2016-10-10,3.00,168.1
TB,2016-10-10,5.00,26.1
TB,2016-10-10,7.00,19.3
TB,2016-10-10,7.00,14.7
TB,2016-10-26,0.00,22.5
TB,2016-10-26,2.00,25.4
TB,2016-10-26,3.00,21.3
TB,2016-10-26,5.00,23.9
TB,2016-10-26,5.00,24.7
TB,2016-10-26,7.00,12.3
TB,2016-11-16,0.00,194.0
TB,2016-11-16,0.00,135.1
TB,2016-11-16,2.00,5.6
TB,2016-11-16,3.00,5.2
TB,2016-11-16,5.00,11.3
TB,2016-11-16,7.00,10.2
TB,2017-01-20,0.00,46.2
TB,2017-01-20,2.00,8.8
TB,2017-01-20,3.00,1.3
TB,2017-01-20,5.00,1.9
TB,2017-01-20,7.00,4.8
TB,2017-01-20,7.00,2.1
TB,2017-02-17,0.00,121.1
TB,2017-02-17,0.00,127.0
TB,2017-02-17,2.00,0.4
TB,2017-02-17,5.00,1.6
TB,2017-02-17,7.00,2.5
TB,2017-04-19,0.00,147.6
TB,2017-04-19,2.00,14.6
TB,2017-04-19,3.00,14.1
TB,2017-04-19,3.00,7.6
TB,2017-04-19,5.00,13.6
TB,2017-04-19,7.00,14.0
TB,2017-05-02,0.00,40.7
TB,2017-05-02,0.00,44.2
TB,2017-05-02,2.00,11.9
TB,2017-05-02,3.00,8.5
TB,2017-05-02,5.00,12.1
TB,2017-05-02,7.00,6.8
TB,2017-05-18,0.00,9.6
TB,2017-05-18,0.00,7.6
TB,2017-05-18,2.00,11.3
TB,2017-05-18,3.00,13.8
TB,2017-05-18,5.00,16.2
TB,2017-05-18,7.00,20.5
TB,2017-05-31,0.00,10.6
TB,2017-05-31,2.00,15.0
TB,2017-05-31,3.00,14.0
TB,2017-05-31,3.00,13.6
TB,2017-05-31,5.00,16.8
TB,2017-05-31,7.00,28.7
TB,2017-06-15,0.00,4.1
TB,2017-06-15,2.00,11.8
TB,2017-06-15,3.00,10.4
TB,2017-06-15,5.00,5.7
TB,2017-06-15,7.00,4.6
TB,2017-06-15,7.00,5.1
TB,2017-06-26,0.00,23.0
TB,2017-06-26,2.00,26.8
TB,2017-06-26,2.00,0.0
TB,2017-06-26,3.00,12.9
TB,2017-06-26,5.00,2.9
TB,2017-06-26,7.00,1.7
TB,2017-07-10,0.00,18.0
TB,2017-07-10,2.00,71.4
TB,2017-07-10,2.00,104.5
TB,2017-07-10,3.00,20.2
TB,2017-07-10,5.00,4.6
TB,2017-07-10,7.00,10.3
TB,2017-07-26,0.00,22.2
TB,2017-07-26,2.00,96.6
TB,2017-07-26,3.00,33.9
TB,2017-07-26,3.00,22.0
TB,2017-07-26,5.00,7.0
TB,2017-07-26,7.00,22.1
TB,2017-08-07,0.00,7.1
TB,2017-08-07,2.00,115.3
TB,2017-08-07,3.00,25.5
TB,2017-08-07,5.00,9.8
TB,2017-08-07,7.00,5.1
TB,2017-08-07,7.00,9.6
TB,2017-08-23,0.00,14.0
TB,2017-08-23,2.00,120.8
TB,2017-08-23,3.00,23.0
TB,2017-08-23,3.00,13.0
TB,2017-08-23,5.00,6.1
TB,2017-08-23,7.00,3.7
TB,2017-09-06,0.00,50.4
TB,2017-09-06,2.00,200.3
TB,2017-09-06,3.00,34.5
TB,2017-09-06,5.00,14.2
TB,2017-09-06,7.00,9.0
TB,2017-09-06,7.00,-0.1
TB,2017-09-18,0.00,179.0
TB,2017-09-18,2.00,368.0
TB,2017-09-18,3.00,51.0
TB,2017-09-18,5.00,20.0
TB,2017-09-18,5.00,21.0
TB,2017-09-18,7.00,120.0
TB,2017-10-02,0.00,150.1
TB,2017-10-02,0.00,145.7
TB,2017-10-02,2.00,165.4
TB,2017-10-02,3.00,33.2
TB,2017-10-02,5.00,15.2
TB,2017-10-02,7.00,20.6
TB,2017-10-18,0.00,8.0
TB,2017-10-18,2.00,7.4
TB,2017-10-18,3.00,112.3
TB,2017-10-18,5.00,7.2
TB,2017-10-18,5.00,5.5
TB,2017-10-18,7.00,5.0
TB,2017-11-06,0.00,3.0
TB,2017-11-06,2.00,2.5
TB,2017-11-06,3.00,2.9
TB,2017-11-06,5.00,2.6
TB,2017-11-06,7.00,1.8
TB,2017-11-06,7.00,5.5
TB,2018-01-19,0.00,11.8
TB,2018-01-19,2.00,0.6
TB,2018-01-19,3.00,0.5
TB,2018-01-19,3.00,0.5
TB,2018-01-19,5.00,0.7
TB,2018-01-19,7.00,1.3
TB,2018-02-23,0.00,9.6
TB,2018-02-23,0.00,10.2
TB,2018-02-23,2.00,1.5
TB,2018-02-23,3.00,0.8
TB,2018-02-23,5.00,1.0
TB,2018-02-23,7.00,1.9
TB,2018-03-28,0.00,118.3
TB,2018-03-28,2.00,1.3
TB,2018-03-28,3.00,0.6
TB,2018-03-28,3.00,0.8
TB,2018-03-28,5.00,1.0
TB,2018-03-28,7.00,1.2
TB,2018-05-16,0.00,14.6
TB,2018-05-16,2.00,11.7
TB,2018-05-16,3.00,14.2
TB,2018-05-16,5.00,14.7
TB,2018-05-16,7.00,6.3
TB,2018-05-16,7.00,13.6
TB,2018-05-30,0.00,14.7
TB,2018-05-30,2.00,14.9
TB,2018-05-30,3.00,10.0
TB,2018-05-30,5.00,10.1
TB,2018-05-30,5.00,16.3
TB,2018-05-30,7.00,3.9
TB,2018-06-12,0.00,8.5
TB,2018-06-12,2.00,13.7
TB,2018-06-12,3.00,13.9
TB,2018-06-12,3.00,13.4
TB,2018-06-12,5.00,22.5
TB,2018-06-12,7.00,7.2
TB,2018-06-26,0.00,6.0
TB,2018-06-26,0.00,4.1
TB,2018-06-26,2.00,31.5
TB,2018-06-26,3.00,21.9
TB,2018-06-26,5.00,11.6
TB,2018-06-26,7.00,2.7
TB,2018-07-10,0.00,5.3
TB,2018-07-10,2.00,115.1
TB,2018-07-10,3.00,36.4
TB,2018-07-10,5.00,17.9
TB,2018-07-10,7.00,10.9
TB,2018-07-10,7.00,9.7
TB,2018-07-24,0.00,16.0
TB,2018-07-24,2.00,4.2
TB,2018-07-24,3.00,3.7
TB,2018-08-06,0.00,7.8
TB,2018-08-06,2.00,110.5
TB,2018-08-06,2.00,114.3
TB,2018-08-06,3.00,37.2
TB,2018-08-06,5.00,16.3
TB,2018-08-06,7.00,10.6
TB,2018-08-21,0.00,10.4
TB,2018-08-21,2.00,57.0
TB,2018-08-21,3.00,46.4
TB,2018-08-21,5.00,38.2
TB,2018-08-21,7.00,24.8
TB,2018-08-21,7.00,25.4
TB,2018-09-06,0.00,29.3
TB,2018-09-06,2.00,138.4
TB,2018-09-06,2.00,149.6
TB,2018-09-06,3.00,71.9
TB,2018-09-06,5.00,19.2
TB,2018-09-06,7.00,7.8
TB,2018-09-18,0.00,9.5
TB,2018-09-18,2.00,146.8
TB,2018-09-18,3.00,43.2
TB,2018-09-18,3.00,40.4
TB,2018-09-18,5.00,16.6
TB,2018-09-18,7.00,8.7
TB,2018-10-01,0.00,13.4
TB,2018-10-01,2.00,12.7
TB,2018-10-01,3.00,46.8
TB,2018-10-01,5.00,15.5
TB,2018-10-01,5.00,15.3
TB,2018-10-01,7.00,8.4
TB,2018-10-17,0.00,4.2
TB,2018-10-17,2.00,9.3
TB,2018-10-17,3.00,5.9
TB,2018-10-17,5.00,16.5
TB,2018-10-17,5.00,14.6
TB,2018-10-17,7.00,10.0
TB,2018-11-06,0.00,10.3
TB,2018-11-06,2.00,9.1
TB,2018-11-06,3.00,7.9
TB,2018-11-06,3.00,7.1
TB,2018-11-06,5.00,8.0
TB,2018-11-06,7.00,17.4
